CaseID,Prefix length,Groud truth,Predicted,Levenshtein,Damerau,Jaccard,Ground truth times,Predicted times,RMSE,MAE,MAE_days
1-659239126,2,¤,¥§¥§¥§¥§¥§¥§¥§¥§¥§¥§¢¥¢¥¢¥¢¥¢¥¢¥¢¥¥¥,0.0,0.0,0.0,6760508,50721652.07376247,,43961144.07376247
1-659716213,2,¤,§¥§¤,0.25,0.25,0.33333333333333326,184,28844049.03114898,,28843865.03114898
1-659718901,2,¥¥¤,¤,0.33333333333333337,0.33333333333333337,0.5,7861837,6747810.88201009,,1114026.1179899098
1-659922661,2,¥§¥¤,¥¢¥¢¥¢¥¢¥¢¥¢¥¢¥¢¥¢¥¢¥¢¥¢¥¢¥¢¥¢¥¢¥¢¥¢,0.05555555555555558,0.05555555555555558,0.25,3036348,17470234.702424362,,14433886.702424362
1-659934601,2,§¤,¤,0.5,0.5,0.5,4658693,2759779.7017095806,,1898913.2982904194
1-660268091,2,¥¡¥¤¥¢¥¤¥¤,¥¢¥¤,0.4,0.4,0.75,2339362,3088812.2930154307,,749450.2930154307
1-660374694,2,¥¤,¤,0.5,0.5,0.5,7927081,1244110.3098911296,,6682970.69010887
1-660393401,2,¤,¤,1.0,1.0,1.0,590413,8762319.006269615,,8171906.006269615
1-660509893,2,¥¤,¥§¥§¤,0.4,0.4,0.6666666666666666,3069417,24239493.667912915,,21170076.667912915
1-660636558,2,¢¥¤,¤,0.33333333333333337,0.33333333333333337,0.33333333333333326,2846121,1112242.6565158167,,1733878.3434841833
1-660648920,2,¢¥¥¢¥§¤,¤,0.1428571428571429,0.1428571428571429,0.25,6670278,15794642.136360683,,9124364.136360683
1-660786538,2,¤,¤,1.0,1.0,1.0,5444952,9716707.189123066,,4271755.189123066
1-660903884,2,¤,¤,1.0,1.0,1.0,11,664926.2921039183,,664915.2921039183
1-661134924,2,¥¥¤,¥¢¥¤,0.75,0.75,0.6666666666666666,1937935,3086465.749398859,,1148530.7493988592
1-661184751,2,§¥¢¥¤,¥§¤,0.4,0.4,0.75,5382830,41052255.55962522,,35669425.55962522
1-661706786,2,¤,¤,1.0,1.0,1.0,6540736,15903685.680811265,,9362949.680811265
1-662272981,2,¤,¤,1.0,1.0,1.0,777343,15386210.790988699,,14608867.790988699
1-663582660,2,¥¢¥¤,¥§¥§¤,0.6,0.6,0.5,87253,23922213.978032406,,23834960.978032406
1-663749238,2,¤,¤,1.0,1.0,1.0,1551305,9824469.796822954,,8273164.796822954
1-663891165,2,¥§¤,¥¤,0.6666666666666667,0.6666666666666667,0.6666666666666666,3292134,5943017.707373943,,2650883.707373943
1-664730121,2,¤,¤,1.0,1.0,1.0,621307,9465568.987371834,,8844261.987371834
1-669119156,2,¥§¢¥¡¡¤,¢¥¤,0.4285714285714286,0.4285714285714286,0.6,1968731,9381043.050840376,,7412312.050840376
1-670754761,2,¢¡¥¥¥¤¥¤¥¤,¢¥¤,0.30000000000000004,0.30000000000000004,0.75,3818724,9087115.304166347,,5268391.304166347
1-671933304,2,¤,¤,1.0,1.0,1.0,4588347,15622359.578854999,,11034012.578854999
1-672299434,2,¤,¤,1.0,1.0,1.0,3755601,1176125.94149409,,2579475.05850591
1-672506739,2,¢¥¢¥¤,¢¥¤,0.6,0.6,1.0,4922749,9310413.621670209,,4387664.621670209
1-672740630,2,¤,¤,1.0,1.0,1.0,1814645,1890087.6948264362,,75442.69482643623
1-672807011,2,¤,¤,1.0,1.0,1.0,51,339293.64311895776,,339242.64311895776
1-672860819,2,¤,¤,1.0,1.0,1.0,211937,2398816.633167881,,2186879.633167881
1-672862385,2,¥¢¥¤,¥§¥§¤,0.6,0.6,0.5,7882852,27373539.776107743,,19490687.776107743
1-672975080,2,¤,¢¥¢¥¢¥¢¥¢¥¢¥¢¥¢¥¢¥¢¥¢¥¢¥¢¥¢¥¢¥¢¥¢¥¢¥,0.0,0.0,0.0,72811,18320851.48754264,,18248040.48754264
1-673197539,2,¤,¤,1.0,1.0,1.0,183882,16079849.32943744,,15895967.32943744
1-673224718,2,¥§¤,¥¢¥¢¥¢¥¢¥¢¥¢¥¢¥¢¥¢¥¢¥¢¥¢¥¢¥¢¥¢¥¢¥¢¥¢,0.02777777777777779,0.02777777777777779,0.25,7789517,17255590.43777841,,9466073.43777841
1-673359575,2,§¥¤,¤,0.33333333333333337,0.33333333333333337,0.33333333333333326,3890117,16006533.61394355,,12116416.61394355
1-673429845,2,¢¥¤,¥§¥§¥§¥§¥§¥§¥§¥§¥§¥§¢¥¢¥¢¥¢¥¢¥¢¥¢¥¥¢,0.05555555555555558,0.05555555555555558,0.5,67897,37797691.64610627,,37729794.64610627
1-673487817,2,¤,¢¥¤,0.33333333333333337,0.33333333333333337,0.33333333333333326,34021,8879824.27902287,,8845803.27902287
1-675046360,2,¤,¤,1.0,1.0,1.0,1391771,15689342.264528604,,14297571.264528604
1-675150191,2,¥§¥§¤,¥§¥§¥§¥§¥§¥§¥§¥§¥§¢¥¢¥¢¥¢¥¢¥¢¥¢¥¢¥¢¥,0.11111111111111116,0.11111111111111116,0.5,6215546,48115417.8554647,,41899871.8554647
1-675150672,2,¥¡¥¤,¥§¥§¥§¥§¥§¥§¥§¥§¥§¥¢¥¢¥¢¥¢¥¢¥¢¥¢¥¥¥¥,0.05555555555555558,0.05555555555555558,0.19999999999999996,6064827,37469698.15952665,,31404871.159526654
1-675685459,2,¤¥¢¥¤,¢¥¤,0.6,0.6,1.0,2258444,9413342.104129778,,7154898.104129778
1-675758382,2,¤,¤,1.0,1.0,1.0,1391659,15689032.091338398,,14297373.091338398
1-675797761,2,¤¥¢¥¤,¢¥¤,0.6,0.6,1.0,2157923,9142390.240208125,,6984467.240208125
1-675826063,2,¥¡¢¥¡¡¢¥§¡¥¤,¥¢¥¤,0.33333333333333337,0.33333333333333337,0.6,7343569,3128060.550872434,,4215508.449127566
1-675828021,2,¤,¢¥¤,0.33333333333333337,0.33333333333333337,0.33333333333333326,3023432,2398248.6775913523,,625183.3224086477
1-677811170,2,¥¡¢¥¡¥¡¥¤,¥¢¥¤,0.4444444444444444,0.4444444444444444,0.75,2444735,3133167.91808055,,688432.9180805502
1-678370811,2,¤,¤,1.0,1.0,1.0,84509,1175586.69656887,,1091077.69656887
1-678626550,2,¤,¤,1.0,1.0,1.0,199,773094.407079768,,772895.407079768
1-678755621,2,¥§¢¥¡¥¤,¥¢¥¤,0.5714285714285714,0.5714285714285714,0.6,8910256,3122405.472777815,,5787850.527222184
1-681864502,2,¥¤,¥§¤,0.6666666666666667,0.6666666666666667,0.6666666666666666,8811858,41149582.827135146,,32337724.827135146
1-681929091,2,¥¡¥¤,¥¢¥¢¥¢¥¢¥¢¥¢¥¢¥¢¥¢¥¢¥¢¥¢¥¢¥¢¥¢¥¢¥¢¥¢,0.05555555555555558,0.05555555555555558,0.25,5895145,18160413.730085503,,12265268.730085503
1-682059903,2,¥¤,¥¢¥¢¥¢¥¢¥¢¥¢¥¢¥¢¥¢¥¢¥¢¥¢¥¢¥¢¥¢¥¢¥¢¥¢,0.02777777777777779,0.02777777777777779,0.33333333333333326,4029282,17434019.89665124,,13404737.896651238
1-682262974,2,¥¢¥¢¥¢¥¢¥¢¥¢¥¢¥¥¢¢¥¥¥¥¢¢¥¤,¥¢¥¤,0.15384615384615385,0.15384615384615385,1.0,6895307,3012872.2522188034,,3882434.7477811966
1-682342767,2,¥¤,¥§¥§¥§¥§¥§¥§¥§¥§¥§¥¢¥¢¥¢¥¢¥¢¥¢¥¢¥¥¥¥,0.02777777777777779,0.02777777777777779,0.25,3012998,37441333.07894196,,34428335.07894196
1-682357851,2,¤,¤,1.0,1.0,1.0,23,846602.1403911712,,846579.1403911712
1-682409211,2,¤,¤,1.0,1.0,1.0,2699231,9733908.05932931,,7034677.05932931
1-682409241,2,¤,¤,1.0,1.0,1.0,4982405,9750413.984539775,,4768008.984539775
1-683298971,2,§¤,¥§¥§¥§¥§¥§¥§¥§¥§¥§¢¥¢¥¢¥¢¥¢¥¢¥¢¥¢¥¢¥,0.02777777777777779,0.02777777777777779,0.25,6654999,48443840.71351549,,41788841.71351549
1-683752875,2,¥§¤,¥¢¥¤,0.5,0.5,0.5,94976,3233382.691863542,,3138406.691863542
1-685134878,2,¢¢¡¢¡¢¥¤,¢¥¤,0.375,0.375,0.75,5640537,2517555.2369764983,,3122981.7630235017
1-685300128,2,¤,¤,1.0,1.0,1.0,3617912,8249706.76829604,,4631794.76829604
1-686405886,2,¤,¤,1.0,1.0,1.0,1139499,595074.2590307243,,544424.7409692757
1-686477306,2,¤,¤,1.0,1.0,1.0,91,391663.2820994654,,391572.2820994654
1-686531969,2,¢¥¤¥¤¥¤,¥¤,0.2857142857142857,0.2857142857142857,0.6666666666666666,3133,501448.4570279742,,498315.4570279742
1-686557724,2,¥¤,¥§¤,0.6666666666666667,0.6666666666666667,0.6666666666666666,7339296,41430903.40781232,,34091607.40781232
1-686642441,2,¥¡¡¥¤,¢¥¢¥¢¥¢¥¢¥¢¥¢¥¢¥¢¥¢¥¢¥¢¥¢¥¢¥¢¥¢¥¢¥¢¥,0.05555555555555558,0.05555555555555558,0.25,5266602,18113928.363629717,,12847326.363629717
1-686642543,2,¥¢¢¥£¥¤,¢¥¢¥¢¥¢¥¢¥¢¥¢¥¢¥¢¥¢¥¢¥¢¥¢¥¢¥¢¥¢¥¢¥¢¥,0.13888888888888884,0.13888888888888884,0.5,4214498,18114288.3510269,,13899790.3510269
1-686945977,2,§¤,¤,0.5,0.5,0.5,6027013,9794296.620028848,,3767283.620028848
1-686966285,2,¤,¢¥¤,0.33333333333333337,0.33333333333333337,0.33333333333333326,2343678,9335355.877299499,,6991677.877299499
1-687129760,2,¤,¤,1.0,1.0,1.0,100,891584.123896165,,891484.123896165
1-687589251,2,¢¥¢¥¢¥¢¥¢¥¤,¥¢¥¤,0.36363636363636365,0.36363636363636365,1.0,4481480,3036691.9704599623,,1444788.0295400377
1-687649700,2,¤,¥§¤,0.33333333333333337,0.33333333333333337,0.33333333333333326,2889,30145907.81011771,,30143018.81011771
1-687668119,2,¥¡§¤,¥¤,0.5,0.5,0.5,1619254,1976674.050022108,,357420.050022108
1-688280019,2,¢¥§¥¤,¤,0.19999999999999996,0.19999999999999996,0.25,1312533,1728494.7017393953,,415961.70173939527
1-688342754,2,§¤,¥¤,0.5,0.5,0.33333333333333326,3706471,6602107.025910743,,2895636.0259107426
1-688380091,2,¢¥§¥§¡¤,¤,0.1428571428571429,0.1428571428571429,0.19999999999999996,3128595,13622525.787486557,,10493930.787486557
1-688509388,2,¤,¤,1.0,1.0,1.0,510200,1053664.8299701798,,543464.8299701798
1-688515611,2,¡¥¤,¥§¤,0.33333333333333337,0.33333333333333337,0.5,6140586,40842229.78359705,,34701643.78359705
1-688564824,2,¢¥¡¥¤,¤,0.19999999999999996,0.19999999999999996,0.25,2770331,1057577.821814347,,1712753.178185653
1-688725917,2,¥¥¢¥¤,¥¢¥¤,0.8,0.8,1.0,3127967,3129147.0772513384,,1180.0772513384
1-689160381,2,¤,¤,1.0,1.0,1.0,4223652,14587837.75968749,,10364185.75968749
1-689176751,2,¥¤,,0.0,0.0,0.0,1230322,0,,1230322.0
1-689252781,2,¤,¢¥¤,0.33333333333333337,0.33333333333333337,0.33333333333333326,2672498,9311609.530722797,,6639111.530722797
1-689469104,2,¥¢¥¢¥¢¥¤,¥¢¥¢¥¢¥¢¥¢¥¢¥¢¥¢¥¢¥¢¥¢¥¢¥¢¥¢¥¢¥¢¥¢¥¢,0.19444444444444442,0.19444444444444442,0.6666666666666666,1908071,17248612.64525459,,15340541.64525459
1-689525975,2,¤,¤,1.0,1.0,1.0,2649320,19147652.603357773,,16498332.603357773
1-690184941,2,¤,¤,1.0,1.0,1.0,454155,15847384.338985203,,15393229.338985203
1-690190570,2,¤,¤,1.0,1.0,1.0,4061211,8844874.15290088,,4783663.15290088
1-690327837,2,¥¤,,0.0,0.0,0.0,9,0,,9.0
1-690419865,2,¤,¤,1.0,1.0,1.0,1288236,11368691.563282575,,10080455.563282575
1-690447511,2,§¤,¢¥¢¥¢¥¢¥¢¥¢¥¢¥¢¥¢¥¢¥¢¥¢¥¢¥¢¥¢¥¢¥¢¥¢¥,0.0,0.0,0.0,4338274,18101043.661336873,,13762769.661336873
1-690762471,2,¢¥¤,¢¥¤,1.0,1.0,1.0,9000,2594476.10233108,,2585476.10233108
1-690931471,2,¥¤,¥¢¥¢¥¢¥¢¥¢¥¢¥¢¥¢¥¢¥¢¥¢¥¢¥¢¥¢¥¢¥¢¥¢¥¢,0.02777777777777779,0.02777777777777779,0.33333333333333326,267337,18152871.60149034,,17885534.60149034
1-691093464,2,¥¢¥¢¥¤,,0.0,0.0,0.0,2732782,0,,2732782.0
1-691221687,2,¥¢¥¢¥¢¥¤,¤,0.125,0.125,0.33333333333333326,2608713,3906519.4327236395,,1297806.4327236395
1-691767241,2,¤,¥¤,0.5,0.5,0.5,5909762,9905010.535449155,,3995248.5354491547
1-691786096,2,¥¡¡¤,¥¢¥¤,0.5,0.5,0.5,2357174,3185710.005011546,,828536.005011546
1-691786330,2,¥¡¤,¥¢¥¤,0.5,0.5,0.5,2427140,3177870.218125467,,750730.2181254672
1-692042197,2,¤,¤,1.0,1.0,1.0,7,991448.9099319011,,991441.9099319011
1-692055495,2,¥¤,¥¡¥¤,0.5,0.5,0.6666666666666666,4122672,56625394.22362165,,52502722.22362165
1-692193396,2,¥¡¥¤,¥¢¥¢¥¢¥¢¥¢¥¢¥¢¥¢¥¢¥¢¥¢¥¢¥¢¥¢¥¢¥¢¥¢¥¢,0.05555555555555558,0.05555555555555558,0.25,5796543,18532166.359545056,,12735623.359545056
1-692813576,2,¤,¢¥¤,0.33333333333333337,0.33333333333333337,0.33333333333333326,4744288,8892251.75805887,,4147963.75805887
1-692959195,2,¤,¤,1.0,1.0,1.0,1988283,9681397.505036717,,7693114.505036717
1-693456968,2,¢¥¤,¥¢¥¤,0.75,0.75,1.0,5632828,3033140.561049156,,2599687.438950844
1-693595201,2,¥¢¥¤,¥¢¥¢¥¢¥¢¥¢¥¢¥¢¥¢¥¢¥¢¥¢¥¢¥¢¥¢¥¢¥¢¥¢¥¢,0.08333333333333337,0.08333333333333337,0.6666666666666666,7349245,17811620.664931204,,10462375.664931204
1-693732401,2,¥¡¥§¤,¥¢¥¤,0.6,0.6,0.4,5433653,3183287.32909097,,2250365.67090903
1-693741781,2,¤,¤,1.0,1.0,1.0,74,1198463.6870778499,,1198389.6870778499
1-693789171,2,¤¥¤,¤,0.33333333333333337,0.33333333333333337,0.5,164,7782396.993405314,,7782232.993405314
1-693812929,2,¤,¤,1.0,1.0,1.0,1116617,1097261.8312872595,,19355.16871274053
1-693895885,2,¥¤,¥§¤,0.6666666666666667,0.6666666666666667,0.6666666666666666,3587048,41352429.46799507,,37765381.46799507
1-694222066,2,¥¢¡¡¥¤,¥¡¥¤,0.6666666666666667,0.6666666666666667,0.75,5556474,56754035.36418729,,51197561.36418729
1-694338411,2,¤,¢¥§¥§¥¤,0.1428571428571429,0.1428571428571429,0.25,4135095,21602730.334361847,,17467635.334361847
1-694346343,2,¤,¤,1.0,1.0,1.0,103,987182.1881402005,,987079.1881402005
1-694354058,2,¢¥¤,¥§¥§¥§¥§¥§¥§¥§¥§¥§¥¢¥¢¥¢¥¢¥¢¥¢¥¢¥¥¥¥,0.05555555555555558,0.05555555555555558,0.5,1120828,36535704.109319426,,35414876.109319426
1-694385837,2,¥¤¥¥¤¥¤,,0.0,0.0,0.0,1673127,0,,1673127.0
1-694597155,2,§¥¤,¤,0.33333333333333337,0.33333333333333337,0.33333333333333326,4723762,1194363.2171345388,,3529398.782865461
1-694794065,2,¥¤,¥§¤,0.6666666666666667,0.6666666666666667,0.6666666666666666,1224074,40936445.38090254,,39712371.38090254
1-694828073,2,¥¡¡§¡¢¥¡¥¡¢¥¥¤,¥¢¥¤,0.2857142857142857,0.2857142857142857,0.6,5462193,3078949.693510548,,2383243.306489452
1-694899814,2,¤,¤,1.0,1.0,1.0,199,880327.8921994487,,880128.8921994487
1-695258011,2,§¥¤,¥§¥§¥§¥§¥§¥§¥§¥§¢¥¢¥¢¥¢¥¢¥¢¥¢¥¢¥¢¥¢¥,0.05555555555555558,0.05555555555555558,0.5,6223094,46554546.54919049,,40331452.54919049
1-695316021,2,¤,¤,1.0,1.0,1.0,2255971,9609611.06115783,,7353640.06115783
1-695425289,2,¡¥¤,¢¥¤,0.6666666666666667,0.6666666666666667,0.5,418882,9256579.187345052,,8837697.187345052
1-695486321,2,¥¢¥¤,¥¢¥¢¥¢¥¢¥¢¥¢¥¢¥¢¥¢¥¢¥¢¥¢¥¢¥¢¥¢¥¢¥¢¥¢,0.08333333333333337,0.08333333333333337,0.6666666666666666,5171871,17431578.32568665,,12259707.325686648
1-695748265,2,¤,¢¥¤,0.33333333333333337,0.33333333333333337,0.33333333333333326,172701,8671792.482267104,,8499091.482267104
1-696097603,2,¥¡¢¥¡¥¢¡§¤,¥¢¥¢¥¢¥¢¥¢¥¢¥¢¥¢¥¢¥¢¥¢¥¢¥¢¥¢¥¢¥¢¥¢¥¢,0.13888888888888884,0.13888888888888884,0.4,3862208,17620668.208893985,,13758460.208893985
1-696680265,2,¥¢¥¥§¤,¥¢¥¢¥¢¥¢¥¢¥¢¥¢¥¢¥¢¥¢¥¢¥¢¥¢¥¢¥¢¥¢¥¢¥¢,0.11111111111111116,0.11111111111111116,0.5,2605086,15569741.911747908,,12964655.911747908
1-696714411,2,¥¤,¥¢¥¢¥¢¥¢¥¢¥¢¥¢¥¢¥¢¥¢¥¢¥¢¥¢¥¢¥¢¥¢¥¢¥¥,0.02777777777777779,0.02777777777777779,0.33333333333333326,3868657,19730490.787694555,,15861833.787694555
1-696835891,2,¢¥¤,¢¥§¥§¥§¥§¥§¥§¥§¥§¥§¢¥§¢¥¢¥¢¥¢¥¢¥¢¥¥¥,0.05555555555555558,0.05555555555555558,0.5,5444,33165117.20244234,,33159673.20244234
1-696839978,2,¤,¢¥¤,0.33333333333333337,0.33333333333333337,0.33333333333333326,2376660,9405594.154519359,,7028934.154519359
1-697041731,2,¤¥¤,¢¥¤,0.6666666666666667,0.6666666666666667,0.6666666666666666,1267659,9342076.562259998,,8074417.562259998
1-697260307,2,¤,¤,1.0,1.0,1.0,2576980,914593.9931887656,,1662386.0068112344
1-697458590,2,¥¡¢¡¥¥¡§¤,¥¢¥¢¥¢¥¢¥¢¥¢¥¢¥¢¥¢¥¢¥¢¥¢¥¢¥¢¥¢¥¢¥¢¥¢,0.11111111111111116,0.11111111111111116,0.4,4662526,17714094.385983583,,13051568.385983583
1-697459701,2,¢¥¤,¤,0.33333333333333337,0.33333333333333337,0.33333333333333326,2775,1203119.597698401,,1200344.597698401
1-697811404,2,¥¤,¥§¥§¥§¥§¥§¥§¥§¥§¥§¥¢¥¢¥¢¥¢¥¢¥¢¥¢¥¥¥¥,0.02777777777777779,0.02777777777777779,0.25,1134242,35813875.33079079,,34679633.33079079
1-697987547,2,¢¥¢¥¥¤,¤,0.16666666666666663,0.16666666666666663,0.33333333333333326,4934904,5125417.128352323,,190513.12835232262
1-698044001,2,¥¡¥¤,¥¢¥¢¥¢¥¢¥¢¥¢¥¢¥¢¥¢¥¢¥¢¥¢¥¢¥¢¥¢¥¢¥¢¥¢,0.05555555555555558,0.05555555555555558,0.25,2244956,17306311.85225313,,15061355.852253132
1-698216063,2,¥§¥¤,¥¢¥¢¥¢¥¢¥¢¥¢¥¢¥¢¥¢¥¢¥¢¥¢¥¢¥¢¥¢¥¢¥¢¥¢,0.05555555555555558,0.05555555555555558,0.25,458995,17897001.60220473,,17438006.60220473
1-698267095,2,¤,¢¥¤,0.33333333333333337,0.33333333333333337,0.33333333333333326,103,9128446.863322048,,9128343.863322048
1-698293715,2,¤,¤,1.0,1.0,1.0,2444930,9439356.408117227,,6994426.408117227
1-698346154,2,¤,¢¥¤,0.33333333333333337,0.33333333333333337,0.33333333333333326,10987,9246636.161207978,,9235649.161207978
1-698751834,2,¥¤,¢¥¤,0.6666666666666667,0.6666666666666667,0.6666666666666666,3439356,9223763.219637003,,5784407.219637003
1-698754281,2,¥¤,¥¢¥¢¥¢¥¢¥¢¥¢¥¢¥¢¥¢¥¢¥¢¥¢¥¢¥¢¥¢¥¢¥¢¥¢,0.02777777777777779,0.02777777777777779,0.33333333333333326,5144587,17331982.916723337,,12187395.916723337
1-698842669,2,¥¥¤¥¤,¥¢¥¢¥¢¥¢¥¢¥¢¥¢¥¢¥¢¥¢¥¢¥¢¥¢¥¢¥¢¥¢¥¢¥¢,0.08333333333333337,0.08333333333333337,0.33333333333333326,2689894,17982529.466849808,,15292635.466849808
1-698998499,2,¥¢¥¢¥§¤,¥¢¥¢¥¢¥¢¥¢¥¢¥¢¥¢¥¢¥¢¥¢¥¢¥¢¥¢¥¢¥¢¥¢¥¢,0.13888888888888884,0.13888888888888884,0.5,1908790,17548848.637340512,,15640058.637340512
1-699103215,2,¥¢¥¢¥¡¢¥¢¥¥¤,¥¢¥¤,0.33333333333333337,0.33333333333333337,0.75,1492233,3218949.209436215,,1726716.209436215
1-699140595,2,¤,¤,1.0,1.0,1.0,259414,9783168.666049838,,9523754.666049838
1-699397256,2,¤,¤,1.0,1.0,1.0,2637,874439.9388219927,,871802.9388219927
1-699661601,2,¢¥¥¢¥¤,¤,0.16666666666666663,0.16666666666666663,0.33333333333333326,1116170,15875410.842466079,,14759240.842466079
1-699690829,2,¥¤,¥¢¥¤,0.5,0.5,0.6666666666666666,1913459,3222191.61126018,,1308732.61126018
1-700498223,2,¥¡¢¥¢¡¢¥¡¢¥¥¢¥§¥¤,¥§¥§¥§¥§¥§¥§¥§¥§¥§¥¢¥¢¥¢¥¢¥¢¥¢¥¢¥¥¥¥,0.33333333333333337,0.33333333333333337,0.6,3027212,36872510.109467074,,33845298.109467074
1-700566882,2,¥¤¥¤,¥¤,0.5,0.5,1.0,2594576,9949170.584539121,,7354594.584539121
1-700746442,2,¥¤,¥¢¥¢¥¢¥¢¥¢¥¢¥¢¥¢¥¢¥¢¥¢¥¢¥¢¥¢¥¢¥¢¥¢¥¢,0.02777777777777779,0.02777777777777779,0.33333333333333326,43648,17563210.343139574,,17519562.343139574
1-700842031,2,¥§¥§¤,¥¢¥¤,0.6,0.6,0.5,5536227,3152752.87660123,,2383474.12339877
1-701429911,2,¥§¤,¥§¥§¥§¥§¥§¥§¥§¥§¥§¢¥¢¥¢¥¢¥¢¥¢¥¢¥¢¥¢¥,0.05555555555555558,0.05555555555555558,0.5,1575850,48720836.353580266,,47144986.353580266
1-702103380,2,¤,¢¥¢¥¢¥¢¥¢¥¢¥¢¥¢¥¢¥¢¥¢¥¢¥¢¥¢¥¢¥¢¥¢¥¢¥,0.0,0.0,0.0,8,17821528.04814433,,17821520.04814433
1-702482271,2,¥¢¥¤,¤,0.25,0.25,0.33333333333333326,2382,6344576.409915151,,6342194.409915151
1-702501021,2,¥¤,¥§¥§¤,0.4,0.4,0.6666666666666666,13799,26742369.357456956,,26728570.357456956
1-702501138,2,¥¢¥¤,¥§¥§¤,0.6,0.6,0.5,722532,25577278.36706286,,24854746.36706286
1-702501532,2,¥¤,¥¢¥¢¥¢¥¢¥¢¥¢¥¢¥¢¥¢¥¢¥¢¥¢¥¢¥¢¥¢¥¢¥¢¥¢,0.02777777777777779,0.02777777777777779,0.33333333333333326,1995245,17293059.064687103,,15297814.064687103
1-702514881,2,¤,¤,1.0,1.0,1.0,88,2045748.257565511,,2045660.257565511
1-702673026,2,¥¤,¥¢¥¢¥¢¥¢¥¢¥¢¥¢¥¢¥¢¥¢¥¢¥¢¥¢¥¢¥¢¥¢¥¢¥¢,0.02777777777777779,0.02777777777777779,0.33333333333333326,1995422,17296835.98767528,,15301413.98767528
1-703016242,2,¤,¤,1.0,1.0,1.0,1821739,9530421.686264593,,7708682.686264593
1-703190797,2,¢¥¥¢¥¢¥¢¥¤,¢¥¤,0.30000000000000004,0.30000000000000004,1.0,1382956,2565455.2778322333,,1182499.2778322333
1-703242211,2,¤,¢¥§¥§¥§¥§¥§¥§¥§¥§¥§¥¢¥¢¥¢¥¢¥¢¥¢¥¢¥¥¥,0.0,0.0,0.0,80,30040902.77458945,,30040822.77458945
1-703383433,2,¤,¤,1.0,1.0,1.0,69,1031570.6341421792,,1031501.6341421792
1-703399394,2,¥¤,¥¢¥¢¥¢¥¢¥¢¥¢¥¢¥¢¥¢¥¢¥¢¥¢¥¢¥¢¥¢¥¢¥¢¥¢,0.02777777777777779,0.02777777777777779,0.33333333333333326,82603,17248511.912584834,,17165908.912584834
1-703445951,2,¤,¤,1.0,1.0,1.0,1545655,16134429.013745712,,14588774.013745712
1-703540157,2,¢¥¢¥§¢¥¢¥¢¥§¥¢¥¤,¥¢¥¤,0.25,0.25,0.75,5088128,3061030.8116314067,,2027097.1883685933
1-703856779,2,§¤,¤,0.5,0.5,0.5,784772,989244.9993586898,,204472.99935868976
1-703964203,2,¥¤,¥§¥§¤,0.4,0.4,0.6666666666666666,801278,25522974.869404566,,24721696.869404566
1-703964563,2,¥¤,¥§¥§¥§¥§¥§¥§¥§¥§¥§¥¢¥¢¥¢¥¢¥¢¥¢¥¢¥¥¥¥,0.02777777777777779,0.02777777777777779,0.25,4577005,32293071.106194526,,27716066.106194526
1-704229602,2,¤,¢¥¤,0.33333333333333337,0.33333333333333337,0.33333333333333326,47,2442123.0925093247,,2442076.0925093247
1-704650867,2,¥¢¥§¤,¥¢¥¢¥¢¥¢¥¢¥¢¥¢¥¢¥¢¥¢¥¢¥¢¥¢¥¢¥¢¥¢¥¢¥¢,0.08333333333333337,0.08333333333333337,0.5,3132809,17549152.369038437,,14416343.369038437
1-704661542,2,¢¥§¤,¤,0.25,0.25,0.25,1134647,15829610.237313515,,14694963.237313515
1-704703712,2,¥¥¡¥¤,¥¢¥¤,0.6,0.6,0.5,513522,3088614.2631384553,,2575092.2631384553
1-704973871,2,¥¡¥¤,¥¢¥¤,0.75,0.75,0.5,4895838,3063770.040886924,,1832067.9591130759
1-704977245,2,¢¥¢¥¤,¥¢¥¢¥¢¥¢¥¢¥¢¥¢¥¢¥¢¥¢¥¢¥¢¥¢¥¢¥¢¥¢¥¢¥¢,0.11111111111111116,0.11111111111111116,0.6666666666666666,2477403,17615109.38509831,,15137706.385098308
1-706226212,2,¤,¤,1.0,1.0,1.0,1161320,9703377.59443003,,8542057.59443003
1-706959641,2,¤,¤,1.0,1.0,1.0,55,426120.35799802124,,426065.35799802124
1-706963013,2,¤,¢¥¤,0.33333333333333337,0.33333333333333337,0.33333333333333326,14820,2840061.2469559116,,2825241.2469559116
1-707025161,2,¤,¥§¥§¥§¥§¥§¥§¥§¥§¥§¢¥¢¥¢¥¢¥¢¥¢¥¢¥¢¥¢¥,0.0,0.0,0.0,75,37741292.148207374,,37741217.148207374
1-707300171,2,¢¢¥¢¡¢¥¥¥§¤,¤,0.09090909090909094,0.09090909090909094,0.19999999999999996,4291992,1281180.9139244093,,3010811.086075591
1-707623601,2,¤,¢¥¤,0.33333333333333337,0.33333333333333337,0.33333333333333326,4556,9253893.698539421,,9249337.698539421
1-707660543,2,¥¡¢¥¤,¥¢¥¢¥¢¥¢¥¢¥¢¥¢¥¢¥¢¥¢¥¢¥¢¥¢¥¢¥¢¥¢¥¢¥¢,0.08333333333333337,0.08333333333333337,0.5,3216017,15568168.285857482,,12352151.285857482
1-708121948,2,¥¤,¥¡¥¤,0.5,0.5,0.6666666666666666,2299858,56836916.69571815,,54537058.69571815
1-708131711,2,¡¢¥¡¤,¥¢¥¢¥¢¥¢¥¢¥¢¥¢¥¢¥¢¥¢¥¢¥¢¥¢¥¢¥¢¥¢¥¢¥¢,0.05555555555555558,0.05555555555555558,0.5,3075857,17509112.482453898,,14433255.482453898
1-708613661,2,¡¥¤,¥¤,0.6666666666666667,0.6666666666666667,0.6666666666666666,3037443,6222637.366003711,,3185194.366003711
1-709552565,2,¥¡¢¥¤,¥¢¥¢¥¢¥¢¥¢¥¢¥¢¥¢¥¢¥¢¥¢¥¢¥¢¥¢¥¢¥¢¥¢¥¢,0.08333333333333337,0.08333333333333337,0.5,1199758,17611937.103518885,,16412179.103518885
1-709663551,2,¥¥¢¡¥¤,¥§¥§¥§¥§¥§¥§¥§¥§¥§¥§¢¥¢¥¢¥¢¥¢¥¢¥¢¥¢¥,0.11111111111111116,0.11111111111111116,0.4,3218,36222865.42960748,,36219647.42960748
1-709802751,2,¤,¤,1.0,1.0,1.0,49,938958.3549391514,,938909.3549391514
1-709802861,2,¥¥¤,¥§¥§¥¤,0.5,0.5,0.6666666666666666,2403798,26474217.70225108,,24070419.70225108
1-710114300,2,¥¡¢¥¢¥¢¥¤,¥¢¥¢¥¢¥¢¥¢¥¢¥¢¥¢¥¢¥¢¥¢¥¢¥¢¥¢¥¢¥¢¥¢¥¢,0.19444444444444442,0.19444444444444442,0.5,3278535,18153961.31794161,,14875426.31794161
1-712856449,2,¥¤,¥¢¥¢¥¢¥¢¥¢¥¢¥¢¥¢¥¢¥¢¥¢¥¢¥¢¥¢¥¢¥¢¥¢¥¢,0.02777777777777779,0.02777777777777779,0.33333333333333326,616796,17886624.971615847,,17269828.971615847
1-713106267,2,¤,¤,1.0,1.0,1.0,812,998099.535995402,,997287.535995402
1-715638561,2,¥¤,¥¢¥¢¥¢¥¢¥¢¥¢¥¢¥¢¥¢¥¢¥¢¥¢¥¢¥¢¥¢¥¢¥¢¥¢,0.02777777777777779,0.02777777777777779,0.33333333333333326,3437,17252922.67841344,,17249485.67841344
1-715660478,2,¥¤,,0.0,0.0,0.0,1124384,0,,1124384.0
1-715860062,2,¥¤,¥§¥§¥§¥§¥§¥§¥§¥§¥§¥§¢¥¢¥¢¥¢¥¢¥¢¥¢¥¥¥,0.02777777777777779,0.02777777777777779,0.25,749308,36994627.552040935,,36245319.552040935
1-716154984,2,¤,¢¥¢¥¢¥¢¥¢¥¢¥¢¥¢¥¢¥¢¥¢¥¢¥¢¥¢¥¢¥¢¥¢¥¢¥,0.0,0.0,0.0,1124837,18792773.30955886,,17667936.30955886
1-716571976,2,¥¢¥¤,,0.0,0.0,0.0,312790,0,,312790.0
1-717122893,2,¥§¤,¥§¥§¥¤,0.5,0.5,1.0,3538930,26011518.37944967,,22472588.37944967
1-717222893,2,¥¤,¥¢¥¢¥¢¥¢¥¢¥¢¥¢¥¢¥¢¥¢¥¢¥¢¥¢¥¢¥¢¥¢¥¢¥¢,0.02777777777777779,0.02777777777777779,0.33333333333333326,88418,17365268.00911206,,17276850.00911206
1-717275094,2,¥¤,¥¢¥¢¥¢¥¢¥¢¥¢¥¢¥¢¥¢¥¢¥¢¥¢¥¢¥¢¥¢¥¢¥¢¥¢,0.02777777777777779,0.02777777777777779,0.33333333333333326,86268,17616973.062184002,,17530705.062184002
1-717713590,2,¤,¤,1.0,1.0,1.0,10,722311.7677546091,,722301.7677546091
1-718031374,2,¤,¤,1.0,1.0,1.0,14,525293.6345005287,,525279.6345005287
1-718056641,2,¤,¥¤,0.5,0.5,0.5,2422270,6280547.976644151,,3858277.976644151
1-718960811,2,¤,¤,1.0,1.0,1.0,1831357,9655426.389721321,,7824069.389721321
1-718973785,2,¥§¤,¥¢¥¤,0.5,0.5,0.5,2791080,3255051.749201011,,463971.7492010109
1-719199254,2,¤¥¤¥¤¥¤,¤,0.1428571428571429,0.1428571428571429,0.5,2323701,7909951.791634686,,5586250.791634686
1-720000146,2,¥¤,¥¢¥¢¥¢¥¢¥¢¥¢¥¢¥¢¥¢¥¢¥¢¥¢¥¢¥¢¥¢¥¢¥¢¥¢,0.02777777777777779,0.02777777777777779,0.33333333333333326,715554,2842997.585875221,,2127443.585875221
1-720069371,2,¥§¥§¤,¥§¥§¥§¥§¥§¥§¥§¥§¥§¢¥¢¥¢¥¢¥¢¥¢¥¢¥¢¥¢¥,0.11111111111111116,0.11111111111111116,0.5,2318300,47594619.0942777,,45276319.0942777
1-722674364,2,¥¢¢¥¢¡¢¡¥¤,¥¢¥¢¥¢¥¢¥¢¥¢¥¢¥¢¥¢¥¢¥¢¥¢¥¢¥¢¥¢¥¢¥¢¥¢,0.19444444444444442,0.19444444444444442,0.5,1685961,17423764.672854956,,15737803.672854956
1-722688743,2,¥¤,¥§¥§¤,0.4,0.4,0.6666666666666666,3015227,25220749.376417067,,22205522.376417067
1-722742993,2,¤,¢¥¤,0.33333333333333337,0.33333333333333337,0.33333333333333326,334861,9330847.936958771,,8995986.936958771
1-726517211,2,¢¥¢¡¡¥¤,¢¥¤,0.4285714285714286,0.4285714285714286,0.75,1737256,2666665.0474561974,,929409.0474561974
1-726760342,2,¤,¤,1.0,1.0,1.0,3017059,9668395.751626998,,6651336.751626998
1-728461114,2,¤,¤,1.0,1.0,1.0,970363,8297551.96444607,,7327188.96444607
1-728470722,2,¢¢¡¢¥¡¥¤,¥§¥§¥§¥§¥§¥§¥§¥§¥§¥§¢¥¢¥¢¥¢¥¢¥¢¥¢¥¥¥,0.13888888888888884,0.13888888888888884,0.4,3440367,48551028.43336622,,45110661.43336622
1-728630851,2,¢¥¤,¥¤,0.6666666666666667,0.6666666666666667,0.6666666666666666,1577773,7216556.189466247,,5638783.189466247
1-728641711,2,¥¤,¥¢¥¤,0.5,0.5,0.6666666666666666,2060667,2971398.060019742,,910731.0600197422
1-730084841,2,¤,¢¥¢¥¢¥¢¥¢¥¢¥¢¥¢¥¢¥¢¥¢¥¢¥¢¥¢¥¢¥¢¥¢¥¢¥,0.0,0.0,0.0,39,18904791.16705944,,18904752.16705944
1-730084875,2,¥¤,¥¢¥¢¥¢¥¢¥¢¥¢¥¢¥¢¥¢¥¢¥¢¥¢¥¢¥¢¥¢¥¢¥¢¥¢,0.02777777777777779,0.02777777777777779,0.33333333333333326,749783,17839888.509656206,,17090105.509656206
1-730923421,2,¤,¤,1.0,1.0,1.0,1392387,9841862.071371255,,8449475.071371255
1-731908702,2,¤,¤,1.0,1.0,1.0,435985,1119447.6803482838,,683462.6803482838
1-732289301,2,¥¥¡¥¤,¥¢¥¤,0.6,0.6,0.5,2323366,3124633.6769790566,,801267.6769790566
1-732357301,2,¥¤,¤,0.5,0.5,0.5,1625230,9955862.497500764,,8330632.497500764
1-733336456,2,¤,¤,1.0,1.0,1.0,1395413,868057.0334471903,,527355.9665528097
1-733562890,2,¢¥§¥¤,¡¥¤,0.4,0.4,0.4,2260078,56582896.447625406,,54322818.447625406
1-733649220,2,¥¤,¥¢¥¢¥¢¥¢¥¢¥¢¥¢¥¢¥¢¥¢¥¢¥¢¥¢¥¢¥¢¥¢¥¢¥¢,0.02777777777777779,0.02777777777777779,0.33333333333333326,25129,17906614.639894396,,17881485.639894396
1-735185827,2,¥¤,¥¤,1.0,1.0,1.0,502141,9661916.71464835,,9159775.71464835
1-735881798,2,¥¥¤,¥¤,0.6666666666666667,0.6666666666666667,1.0,2083098,9548009.291397866,,7464911.291397866
1-736351127,2,¥¢¥¢¥¢¥¢¥¥¤,¥¢¥¢¥¢¥¢¥¢¥¢¥¢¥¢¥¢¥¢¥¢¥¢¥¢¥¢¥¢¥¢¥¢¥¢,0.2777777777777778,0.2777777777777778,0.6666666666666666,641331,17897323.431428593,,17255992.431428593
1-736351222,2,¥¢¥¢¥¢¥¢¥¥¤,¥¢¥¢¥¢¥¢¥¢¥¢¥¢¥¢¥¢¥¢¥¢¥¢¥¢¥¢¥¢¥¢¥¢¥¢,0.2777777777777778,0.2777777777777778,0.6666666666666666,639893,17896099.4865477,,17256206.4865477
1-736492457,2,¤,¤,1.0,1.0,1.0,92115,818349.3258148306,,726234.3258148306
1-737341073,2,¢¥¤,¢¥¢¥¢¥¢¥¢¥¢¥¢¥¢¥¢¥¢¥¢¥¢¥¢¥¢¥¢¥¢¥¢¥¢¥,0.05555555555555558,0.05555555555555558,0.6666666666666666,72800,18249173.383429166,,18176373.383429166
1-738626601,2,¥¤,¢¥¤,0.6666666666666667,0.6666666666666667,0.6666666666666666,1989883,2545968.782122131,,556085.782122131
1-738820974,2,¤,¥¡¥¡¥¡¥¡¥¡¥¡¥¡¥¡¥¢¥¡¥¢¥¢¥¢¥¢¥¢¥¢¥¢¥¢,0.0,0.0,0.0,1970202,180348541.8102273,,178378339.8102273
1-739695919,2,¢¥¥¢¢¥¤¥¤,¥§¥§¥§¥§¥§¥§¥§¥§¥§¥¢¥¢¥§¢¥¢¥¢¥¢¥¥¥¥¥,0.19444444444444442,0.19444444444444442,0.5,2227345,35410637.48458083,,33183292.48458083
1-741495923,2,¥¤,¥§¥§¥§¥§¥§¥§¥§¥§¥§¥§¢¥¢¥¢¥¢¥¢¥¢¥¢¥¥¥,0.02777777777777779,0.02777777777777779,0.25,370245,47063913.62470059,,46693668.62470059
1-741987554,2,§¥§¢¥¤,¤,0.16666666666666663,0.16666666666666663,0.25,752866,10072463.07800007,,9319597.07800007
1-741995108,2,¥§¥¤,¤,0.25,0.25,0.33333333333333326,12688,1058852.9918957604,,1046164.9918957604
1-741995344,2,¥¤,¥¢¥¤,0.5,0.5,0.6666666666666666,1457040,3154963.53540445,,1697923.5354044498
1-742216614,2,¤,¢¥¤,0.33333333333333337,0.33333333333333337,0.33333333333333326,238,2605010.641502166,,2604772.641502166
1-742296921,2,¥¤,¥¢¥¤,0.5,0.5,0.6666666666666666,1222907,3196913.723209288,,1974006.723209288
1-742383139,2,¥¤,¥§¤,0.6666666666666667,0.6666666666666667,0.6666666666666666,761767,40811416.50651288,,40049649.50651288
1-742929685,2,¤,¥¡¥¡¥¡¥¡¥¡¥¡¥¡¥¡¥¡¥¢¥¢¥¢¥¢¥¢¥¢¥¢¥¢¥¢,0.0,0.0,0.0,1117362,175566893.0149649,,174449531.0149649
1-744436513,2,¥¤,¥¢¥¤,0.5,0.5,0.6666666666666666,198643,3154288.8350986964,,2955645.8350986964
1-745941359,2,¥¡¤,¥§¥§¤,0.4,0.4,0.5,1299747,25337311.06257251,,24037564.06257251
1-746205481,2,¥¡§¤,¥¢¥¤,0.5,0.5,0.4,514829,3169775.164102432,,2654946.164102432
1-747680998,2,¥¤,¥¢¥¢¥¢¥¢¥¢¥¢¥¢¥¢¥¢¥¢¥¢¥¢¥¢¥¢¥¢¥¢¥¢¥¢,0.02777777777777779,0.02777777777777779,0.33333333333333326,167235,17794229.98541909,,17626994.98541909
1-749012057,2,¥¤,¥¢¥¢¥¢¥¢¥¢¥¢¥¢¥¢¥¢¥¢¥¢¥¢¥¢¥¢¥¢¥¢¥¢¥¢,0.02777777777777779,0.02777777777777779,0.33333333333333326,447294,2696989.323254947,,2249695.323254947
1-750161066,2,¥¤,¥§¤,0.6666666666666667,0.6666666666666667,0.6666666666666666,434094,41039340.24490716,,40605246.24490716
1-751006831,2,¥¤¥¡¥¤,,0.0,0.0,0.0,23572,0,,23572.0
1-751622091,2,¤,¢¥¢¥¢¥¢¥¢¥¢¥¢¥¢¥¢¥¢¥¢¥¢¥¢¥¢¥¢¥¢¥¢¥¢¥,0.0,0.0,0.0,175,16998129.144509275,,16997954.144509275
1-752067921,2,¢¥¤,¤,0.33333333333333337,0.33333333333333337,0.33333333333333326,12483,6414134.220159977,,6401651.220159977
1-659718901,3,¥¤,§¤,0.5,0.5,0.33333333333333326,7696121,25477859.45498804,,17781738.45498804
1-659922661,3,§¥¤,¢¥¢¥¢¥¢¥¢¥¢¥¢¥¢¥¢¥¢¥¢¥¢¥¢¥¢¥¢¥¢¥¢¥¢¥,0.02777777777777779,0.02777777777777779,0.25,3003232,17693095.980013855,,14689863.980013855
1-659934601,3,¤,¥§¥§¥§¥§¥§¥§¥§¥§¥§¥¢¥¢¥¢¥¢¥¢¥¢¥¢¥¥¢¥,0.0,0.0,0.0,4588429,45658698.586837284,,41070269.586837284
1-660268091,3,¡¥¤¥¢¥¤¥¤,¤,0.11111111111111116,0.11111111111111116,0.25,1477767,854509.9617052447,,623257.0382947553
1-660374694,3,¤,¤,1.0,1.0,1.0,6220556,946395.6405789999,,5274160.359421
1-660509893,3,¤,§¥§¤,0.25,0.25,0.33333333333333326,2950536,23998380.207229402,,21047844.207229402
1-660636558,3,¥¤,¥¢¥¢¥¢¥¢¥¢¥¢¥¢¥¢¥¢¥¢¥¢¥¢¥¢¥¢¥¢¥¢¥¢¥¢,0.02777777777777779,0.02777777777777779,0.33333333333333326,2846067,17925788.508512475,,15079721.508512475
1-660648920,3,¥¥¢¥§¤,¥§¥§¥§¥§¥§¥§¥§¥§¥§¥¢¥¢¥¢¥¢¥¢¥¢¥¥¥¥¥¢,0.11111111111111116,0.11111111111111116,0.75,6667813,31753433.986115962,,25085620.986115962
1-661134924,3,¥¤,¢¥¤,0.6666666666666667,0.6666666666666667,0.6666666666666666,1936339,2104801.2821988333,,168462.2821988333
1-661184751,3,¥¢¥¤,¤,0.25,0.25,0.33333333333333326,5036216,12855582.330711937,,7819366.330711937
1-663582660,3,¢¥¤,§¥§¤,0.5,0.5,0.5,78987,25927655.97797068,,25848668.97797068
1-663891165,3,§¤,¤,0.5,0.5,0.5,3278203,1680857.7191588986,,1597345.2808411014
1-669119156,3,§¢¥¡¡¤,¤,0.16666666666666663,0.16666666666666663,0.19999999999999996,1888606,1219441.602967363,,669164.3970326369
1-670754761,3,¡¥¥¥¤¥¤¥¤,¥¤,0.2222222222222222,0.2222222222222222,0.6666666666666666,2496895,2127058.8465405838,,369836.15345941624
1-672506739,3,¥¢¥¤,¥¤,0.5,0.5,0.6666666666666666,2938552,2053016.3466747843,,885535.6533252157
1-672862385,3,¢¥¤,§¤,0.33333333333333337,0.33333333333333337,0.25,6652571,17839619.562016595,,11187048.562016595
1-673224718,3,§¤,¢¥¢¥¢¥¢¥¢¥¢¥¢¥¢¥¢¥¢¥¢¥¢¥¢¥¢¥¢¥¢¥¢¥¢¥,0.0,0.0,0.0,7777072,17038439.144336782,,9261367.144336782
1-673359575,3,¥¤,¥§¥§¥§¥§¥§¥§¥§¥§¥§¢¥§¢¥§¢¥¢¥¢¥¢¥¥¥¥¢,0.02777777777777779,0.02777777777777779,0.25,3721232,46707616.09834409,,42986384.09834409
1-673429845,3,¥¤,¥§¥§¥§¥§¥§¥§¥§¥§¥§¥¢¥¢¥¢¥¢¥¢¥¢¥¥¥¥¢¥,0.02777777777777779,0.02777777777777779,0.25,65724,34550639.31010481,,34484915.31010481
1-675150191,3,§¥§¤,§¥§¥§¥§¥§¥§¥§¥§¢¥¢¥¢¥¢¥¢¥¢¥¢¥¢¥¢¥¢¥¢,0.08333333333333337,0.08333333333333337,0.5,6128486,41951840.139629215,,35823354.139629215
1-675150672,3,¡¥¤,§¥§¥§¥§¥§¥§¥§¥§¥§¥§¥¢¥¢¥¢¥¢¥¢¥¢¥¥¥¥¥,0.02777777777777779,0.02777777777777779,0.19999999999999996,5624493,38661157.920026265,,33036664.920026265
1-675685459,3,¥¢¥¤,,0.0,0.0,0.0,1233366,0,,1233366.0
1-675797761,3,¥¢¥¤,,0.0,0.0,0.0,1128895,0,,1128895.0
1-675826063,3,¡¢¥¡¡¢¥§¡¥¤,¢¥¤,0.2727272727272727,0.2727272727272727,0.6,7276665,1910824.208124284,,5365840.791875716
1-677811170,3,¡¢¥¡¥¡¥¤,¢¥¤,0.375,0.375,0.75,2438243,2010445.8738370794,,427797.1261629206
1-678755621,3,§¢¥¡¥¤,¤,0.16666666666666663,0.16666666666666663,0.19999999999999996,7956029,899498.2026598827,,7056530.797340117
1-681864502,3,¤,¤,1.0,1.0,1.0,2324457,550172.7635054674,,1774284.2364945326
1-681929091,3,¡¥¤,¤,0.33333333333333337,0.33333333333333337,0.33333333333333326,3049558,688648.4677476826,,2360909.5322523173
1-682059903,3,¤,¢¥¢¥¢¥¢¥¢¥¢¥¢¥¢¥¢¥¢¥¢¥¢¥¢¥¢¥¢¥¢¥¢¥¢¥,0.0,0.0,0.0,3619296,17710804.746549554,,14091508.746549554
1-682262974,3,¢¥¢¥¢¥¢¥¢¥¢¥¢¥¥¢¢¥¥¥¥¢¢¥¤,¤,0.040000000000000036,0.040000000000000036,0.33333333333333326,6573079,858323.0183977416,,5714755.981602258
1-682342767,3,¤,§¤,0.5,0.5,0.5,399,16801521.61037743,,16801122.61037743
1-683298971,3,¤,¤,1.0,1.0,1.0,60,3177340.052636985,,3177280.052636985
1-683752875,3,§¤,¢¥¤,0.33333333333333337,0.33333333333333337,0.25,15762,2049209.240694204,,2033447.240694204
1-685134878,3,¢¡¢¡¢¥¤,¥¤,0.2857142857142857,0.2857142857142857,0.5,5640511,1559215.842758013,,4081295.157241987
1-686531969,3,¥¤¥¤¥¤,¥¡¥¤,0.5,0.5,0.6666666666666666,3010,57876463.12425485,,57873453.12425485
1-686557724,3,¤,¤,1.0,1.0,1.0,2,528577.875350546,,528575.875350546
1-686642441,3,¡¡¥¤,¢¥¢¥¢¥¢¥¢¥¢¥¢¥¢¥¢¥¢¥¢¥¢¥¢¥¢¥¢¥¢¥¢¥¥¢,0.02777777777777779,0.02777777777777779,0.25,5265278,18616048.45358617,,13350770.453586169
1-686642543,3,¢¢¥£¥¤,¢¥¢¥¢¥¢¥¢¥¢¥¢¥¢¥¢¥¢¥¢¥¢¥¢¥¢¥¢¥¢¥¢¥¥¢,0.11111111111111116,0.11111111111111116,0.5,4214487,18617481.716292415,,14402994.716292415
1-686945977,3,¤,¢¥¢¥¢¥¢¥¢¥¢¥¢¥¢¥¢¥¢¥¢¥¢¥¢¥¢¥¢¥¢¥¢¥¢¥,0.0,0.0,0.0,4226069,19982518.344813354,,15756449.344813354
1-687589251,3,¥¢¥¢¥¢¥¢¥¤,¥¤,0.19999999999999996,0.19999999999999996,0.6666666666666666,3286936,2387108.270060599,,899827.7299394011
1-687668119,3,¡§¤,¤,0.33333333333333337,0.33333333333333337,0.33333333333333326,1288637,845865.7244546136,,442771.27554538636
1-688280019,3,¥§¥¤,¥§¥§¥§¥§¥§¥§¥§¥§¥§¥¢¥¢¥¢¥¢¥¢¥¢¥¢¥¥¥¥,0.08333333333333337,0.08333333333333337,0.5,1312411,30957042.9713158,,29644631.9713158
1-688342754,3,¤,¤,1.0,1.0,1.0,3699168,5969661.9279589085,,2270493.9279589085
1-688380091,3,¥§¥§¡¤,¥§¥§¥¤,0.8333333333333334,0.8333333333333334,0.75,3066531,18076472.92644332,,15009941.92644332
1-688515611,3,¥¤,¥¤,1.0,1.0,1.0,14,4617570.981191073,,4617556.981191073
1-688564824,3,¥¡¥¤,¥¢¥¢¥¢¥¢¥¢¥¢¥¢¥¢¥¢¥¢¥¢¥¢¥¢¥¢¥¢¥¢¥¢¥¢,0.05555555555555558,0.05555555555555558,0.25,2674945,17321648.309203133,,14646703.309203133
1-688725917,3,¥¢¥¤,¤,0.25,0.25,0.33333333333333326,2540292,896782.9602946682,,1643509.039705332
1-689176751,3,¤,¤,1.0,1.0,1.0,80,1782417.3538350272,,1782337.3538350272
1-689469104,3,¢¥¢¥¢¥¤,¢¥¢¥¢¥¢¥¢¥¢¥¢¥¢¥¢¥¢¥¢¥¢¥¢¥¢¥¢¥¢¥¢¥¢¥,0.16666666666666663,0.16666666666666663,0.6666666666666666,1851388,16598944.8373703,,14747556.8373703
1-690327837,3,¤,§¥§¥§¥§¥§¥§¥§¥§¥§¥¢¥¢¥¢¥¢¥¢¥¢¥¢¥¥¥¥¥,0.0,0.0,0.0,6,36104474.72772956,,36104468.72772956
1-690447511,3,¤,¢¥¢¥¢¥¢¥¢¥¢¥¢¥¢¥¢¥¢¥¢¥¢¥¢¥¢¥¢¥¢¥¢¥¥¢,0.0,0.0,0.0,3815581,25341981.75795153,,21526400.75795153
1-690762471,3,¥¤,¥¤,1.0,1.0,1.0,8880,1667276.4154865462,,1658396.4154865462
1-690931471,3,¤,¢¥¢¥¢¥¢¥¢¥¢¥¢¥¢¥¢¥¢¥¢¥¢¥¢¥¢¥¢¥¢¥¢¥¢¥,0.0,0.0,0.0,261344,18143805.78390682,,17882461.78390682
1-691093464,3,¢¥¢¥¤,¢¥¢¥¢¥¢¥¢¥¢¥¢¥¢¥¢¥¢¥¢¥¢¥¢¥¢¥¢¥¢¥¢¥¢¥,0.11111111111111116,0.11111111111111116,0.6666666666666666,2053969,12969106.76123567,,10915137.76123567
1-691221687,3,¢¥¢¥¢¥¤,¤,0.1428571428571429,0.1428571428571429,0.33333333333333326,1203611,4380381.125477106,,3176770.1254771063
1-691786096,3,¡¡¤,¤,0.33333333333333337,0.33333333333333337,0.5,1395754,899249.62240539,,496504.37759461
1-691786330,3,¡¤,¤,0.5,0.5,0.5,92500,867744.0996174352,,775244.0996174352
1-692055495,3,¤,¤,1.0,1.0,1.0,147377,650629.737398217,,503252.73739821697
1-692193396,3,¡¥¤,¢¥¢¥¢¥¢¥¢¥¢¥¢¥¢¥¢¥¢¥¢¥¢¥¢¥¢¥¢¥¢¥¢¥¢¥,0.02777777777777779,0.02777777777777779,0.25,5638594,17254264.287886664,,11615670.287886664
1-693456968,3,¥¤,¥¤,1.0,1.0,1.0,2040126,1776433.8823291792,,263692.1176708208
1-693595201,3,¢¥¤,¢¥¢¥¢¥¢¥¢¥¢¥¢¥¢¥¢¥¢¥¢¥¢¥¢¥¢¥¢¥¢¥¢¥¢¥,0.05555555555555558,0.05555555555555558,0.6666666666666666,6814904,16670006.950779105,,9855102.950779105
1-693732401,3,¡¥§¤,¤,0.25,0.25,0.25,5147427,940404.3779348693,,4207022.622065131
1-693789171,3,¥¤,,0.0,0.0,0.0,77,0,,77.0
1-693895885,3,¤,¤,1.0,1.0,1.0,2,828735.710663459,,828733.710663459
1-694222066,3,¢¡¡¥¤,¤,0.19999999999999996,0.19999999999999996,0.25,1141187,694399.984183877,,446787.015816123
1-694354058,3,¥¤,¥§¥§¥§¥§¥§¥§¥§¥§¥§¢¥¢¥¢¥¢¥¢¥¢¥¢¥¥¥¥¥,0.02777777777777779,0.02777777777777779,0.25,950709,31232666.88026245,,30281957.88026245
1-694385837,3,¤¥¥¤¥¤,¢¥¢¥¢¥¢¥¢¥¢¥¢¥¢¥¢¥¢¥¢¥¢¥¢¥¢¥¢¥¢¥¢¥¢¥,0.08333333333333337,0.08333333333333337,0.33333333333333326,186845,13693953.654961815,,13507108.654961815
1-694597155,3,¥¤,¤,0.5,0.5,0.5,3086016,7195226.384055567,,4109210.384055567
1-694794065,3,¤,§¤,0.5,0.5,0.5,1216185,21051295.283759527,,19835110.283759527
1-694828073,3,¡¡§¡¢¥¡¥¡¢¥¥¤,¤,0.07692307692307687,0.07692307692307687,0.19999999999999996,4777231,905833.2569491707,,3871397.7430508295
1-695258011,3,¥¤,¥§¥§¥§¥§¥§¥§¥§¥§¥§¢¥¢¥¢¥¢¥¢¥¢¥¢¥¢¥¢¢,0.02777777777777779,0.02777777777777779,0.25,6220413,37004977.55779506,,30784564.557795063
1-695425289,3,¥¤,¥¤,1.0,1.0,1.0,165996,4628719.1798601085,,4462723.1798601085
1-695486321,3,¢¥¤,¢¥¢¥¢¥¢¥¢¥¢¥¢¥¢¥¢¥¢¥¢¥¢¥¢¥¢¥¢¥¢¥¢¥¢¥,0.05555555555555558,0.05555555555555558,0.6666666666666666,5171724,17526624.139325805,,12354900.139325805
1-696097603,3,¡¢¥¡¥¢¡§¤,¢¥¢¥¢¥¢¥¢¥¢¥¢¥¢¥¢¥¢¥¢¥¢¥¢¥¢¥¢¥¢¥¢¥¢¥,0.11111111111111116,0.11111111111111116,0.4,2676245,16525797.704931535,,13849552.704931535
1-696680265,3,¢¥¥§¤,¢¥¤,0.6,0.6,0.75,2261942,2054269.7997250794,,207672.20027492056
1-696714411,3,¤,¢¥¢¥¢¥¢¥¢¥¢¥¢¥¢¥¢¥¢¥¢¥¢¥¢¥¢¥¢¥¢¥¢¥¥¥,0.0,0.0,0.0,3621371,18571155.792107474,,14949784.792107474
1-696835891,3,¥¤,¥§¥§¥¤,0.33333333333333337,0.33333333333333337,0.6666666666666666,5293,19931938.827211447,,19926645.827211447
1-697041731,3,¥¤,,0.0,0.0,0.0,1267625,0,,1267625.0
1-697458590,3,¡¢¡¥¥¡§¤,¢¥¢¥¢¥¢¥¢¥¢¥¢¥¢¥¢¥¢¥¢¥¢¥¢¥¢¥¢¥¢¥¢¥¢¥,0.08333333333333337,0.08333333333333337,0.4,4661532,17705224.63515558,,13043692.635155581
1-697459701,3,¥¤,¥¤,1.0,1.0,1.0,1641,1490107.2805891125,,1488466.2805891125
1-697811404,3,¤,§¥§¥¤,0.19999999999999996,0.19999999999999996,0.33333333333333326,92,24058923.854524046,,24058831.854524046
1-697987547,3,¥¢¥¥¤,¥§¡¥¤,0.6,0.6,0.4,4934875,20879397.252669234,,15944522.252669234
1-698044001,3,¡¥¤,¢¥¢¥¢¥¢¥¢¥¢¥¢¥¢¥¢¥¢¥¢¥¢¥¢¥¢¥¢¥¢¥¢¥¢¥,0.02777777777777779,0.02777777777777779,0.25,2243399,17075348.649715498,,14831949.649715498
1-698216063,3,§¥¤,¢¥¢¥¢¥¢¥¢¥¢¥¢¥¢¥¢¥¢¥¢¥¢¥¢¥¢¥¢¥¢¥¢¥¢¥,0.02777777777777779,0.02777777777777779,0.25,109057,17057915.57904942,,16948858.57904942
1-698751834,3,¤,¤,1.0,1.0,1.0,65331,718899.7399672503,,653568.7399672503
1-698754281,3,¤,¢¥¢¥¢¥¢¥¢¥¢¥¢¥¢¥¢¥¢¥¢¥¢¥¢¥¢¥¢¥¢¥¢¥¢¥,0.0,0.0,0.0,5139587,17441426.876603596,,12301839.876603596
1-698842669,3,¥¤¥¤,¢¥¢¥¢¥¢¥¢¥¢¥¢¥¢¥¢¥¢¥¢¥¢¥¢¥¢¥¢¥¢¥¢¥¢¥,0.05555555555555558,0.05555555555555558,0.33333333333333326,2689893,17984511.05391802,,15294618.053918019
1-698998499,3,¢¥¢¥§¤,¢¥¢¥¢¥¢¥¢¥¢¥¢¥¢¥¢¥¢¥¢¥¢¥¢¥¢¥¢¥¢¥¢¥¢¥,0.11111111111111116,0.11111111111111116,0.5,1907920,17051889.53234697,,15143969.532346971
1-699103215,3,¢¥¢¥¡¢¥¢¥¥¤,¢¥¢¥¢¥¢¥¢¥¢¥¢¥¢¥¢¥¢¥¢¥¢¥¢¥¢¥¢¥¢¥¢¥¢¥,0.25,0.25,0.5,1490978,14926127.57291892,,13435149.57291892
1-699661601,3,¥¥¢¥¤,¥§¥§¥§¥§¥§¥§¥§¥§¥§¢¥§¥¢¥¢¥¢¥¢¥¢¥¥¥¥¢,0.11111111111111116,0.11111111111111116,0.5,341387,32110424.923779607,,31769037.923779607
1-699690829,3,¤,¤,1.0,1.0,1.0,273,897069.4533322993,,896796.4533322993
1-700498223,3,¡¢¥¢¡¢¥¡¢¥¥¢¥§¥¤,§¥§¥¤,0.25,0.25,0.6,2261104,25183836.680965986,,22922732.680965986
1-700566882,3,¤¥¤,¤,0.33333333333333337,0.33333333333333337,0.5,1905718,1185494.6932574455,,720223.3067425545
1-700746442,3,¤,¢¥¢¥¢¥¢¥¢¥¢¥¢¥¢¥¢¥¢¥¢¥¢¥¢¥¢¥¢¥¢¥¢¥¢¥,0.0,0.0,0.0,72,17576798.51773702,,17576726.51773702
1-700842031,3,§¥§¤,¢¥¤,0.5,0.5,0.5,5422483,2006932.6225995938,,3415550.377400406
1-701429911,3,§¤,§¥§¤,0.5,0.5,0.6666666666666666,1282289,26298789.058567915,,25016500.058567915
1-702482271,3,¢¥¤,§¤,0.33333333333333337,0.33333333333333337,0.25,2318,24911253.033680744,,24908935.033680744
1-702501021,3,¤,§¥§¤,0.25,0.25,0.33333333333333326,486,24684749.12288023,,24684263.12288023
1-702501138,3,¢¥¤,§¥§¤,0.5,0.5,0.5,722503,24405939.435894113,,23683436.435894113
1-702501532,3,¤,¢¥¢¥¢¥¢¥¢¥¢¥¢¥¢¥¢¥¢¥¢¥¢¥¢¥¢¥¢¥¢¥¢¥¢¥,0.0,0.0,0.0,1983240,16512010.212158654,,14528770.212158654
1-702673026,3,¤,¢¥¢¥¢¥¢¥¢¥¢¥¢¥¢¥¢¥¢¥¢¥¢¥¢¥¢¥¢¥¢¥¢¥¢¥,0.0,0.0,0.0,1983743,16512518.476573378,,14528775.476573378
1-703190797,3,¥¥¢¥¢¥¢¥¤,¥¤,0.2222222222222222,0.2222222222222222,0.6666666666666666,1381825,1471827.4297520649,,90002.42975206487
1-703399394,3,¤,¢¥¢¥¢¥¢¥¢¥¢¥¢¥¢¥¢¥¢¥¢¥¢¥¢¥¢¥¢¥¢¥¢¥¢¥,0.0,0.0,0.0,5,17704435.03089704,,17704430.03089704
1-703540157,3,¥¢¥§¢¥¢¥¢¥§¥¢¥¤,¥¤,0.1333333333333333,0.1333333333333333,0.5,5087585,2404419.13641598,,2683165.86358402
1-703856779,3,¤,¢¥¤,0.33333333333333337,0.33333333333333337,0.33333333333333326,784434,8992185.253345601,,8207751.253345601
1-703964203,3,¤,§¤,0.5,0.5,0.5,133,18668382.38829518,,18668249.38829518
1-703964563,3,¤,§¤,0.5,0.5,0.5,501,17040307.974616304,,17039806.974616304
1-704650867,3,¢¥§¤,¢¥¢¥¢¥¢¥¢¥¢¥¢¥¢¥¢¥¢¥¢¥¢¥¢¥¢¥¢¥¢¥¢¥¢¥,0.05555555555555558,0.05555555555555558,0.5,3129297,16999521.304360013,,13870224.304360013
1-704661542,3,¥§¤,¥§¥§¥§¥§¥§¥§¥§¥§¥§¢¥§¢¥¢¥¢¥¢¥¢¥¢¥¥¥¢,0.05555555555555558,0.05555555555555558,0.5,1127288,32480814.71751519,,31353526.71751519
1-704703712,3,¥¡¥¤,¤,0.25,0.25,0.33333333333333326,63887,909565.5802717485,,845678.5802717485
1-704973871,3,¡¥¤,¤,0.33333333333333337,0.33333333333333337,0.33333333333333326,1859049,819354.5053483606,,1039694.4946516394
1-704977245,3,¥¢¥¤,¥¢¥¢¥¢¥¢¥¢¥¢¥¢¥¢¥¢¥¢¥¢¥¢¥¢¥¢¥¢¥¢¥¢¥¥,0.08333333333333337,0.08333333333333337,0.6666666666666666,2476446,19368162.79761233,,16891716.79761233
1-707300171,3,¢¥¢¡¢¥¥¥§¤,¥¤,0.19999999999999996,0.19999999999999996,0.4,4225851,1408404.680798095,,2817446.3192019053
1-707660543,3,¡¢¥¤,¢¥¤,0.75,0.75,0.75,3214454,2003799.542101766,,1210654.457898234
1-708121948,3,¤,¡¥¤,0.33333333333333337,0.33333333333333337,0.33333333333333326,6023,41875917.030755155,,41869894.030755155
1-708131711,3,¢¥¡¤,¥¤,0.5,0.5,0.5,2339756,6424563.670985567,,4084807.6709855674
1-708613661,3,¥¤,¥¤,1.0,1.0,1.0,3037381,5292120.617372301,,2254739.6173723014
1-709552565,3,¡¢¥¤,¢¥¢¥¢¥¢¥¢¥¢¥¢¥¢¥¢¥¢¥¢¥¢¥¢¥¢¥¢¥¢¥¢¥¢¥,0.05555555555555558,0.05555555555555558,0.5,1199499,17621648.542671576,,16422149.542671576
1-709663551,3,¥¢¡¥¤,§¥§¥§¥§¥§¥§¥§¥§¥§¢¥¢¥¢¥¢¥¢¥¢¥¢¥¢¥¢¥¢,0.08333333333333337,0.08333333333333337,0.4,3183,35661387.17232622,,35658204.17232622
1-709802861,3,¥¤,§¤,0.5,0.5,0.33333333333333326,1774,18656822.2408579,,18655048.2408579
1-710114300,3,¡¢¥¢¥¢¥¤,¢¥¢¥¢¥¢¥¢¥¢¥¢¥¢¥¢¥¢¥¢¥¢¥¢¥¢¥¢¥¢¥¢¥¢¥,0.16666666666666663,0.16666666666666663,0.5,3277021,17402656.39343119,,14125635.39343119
1-712856449,3,¤,¢¥¢¥¢¥¢¥¢¥¢¥¢¥¢¥¢¥¢¥¢¥¢¥¢¥¢¥¢¥¢¥¢¥¢¥,0.0,0.0,0.0,615406,17199201.737047512,,16583795.737047512
1-715638561,3,¤,¢¥¢¥¢¥¢¥¢¥¢¥¢¥¢¥¢¥¢¥¢¥¢¥¢¥¢¥¢¥¢¥¢¥¢¥,0.0,0.0,0.0,1953,17046655.237067156,,17044702.237067156
1-715660478,3,¤,¢¥¢¥¢¥¢¥¢¥¢¥¢¥¢¥¢¥¢¥¢¥¢¥¢¥¢¥¢¥¢¥¢¥¢¥,0.0,0.0,0.0,878735,19516905.136294298,,18638170.136294298
1-715860062,3,¤,§¥§¥§¥§¥§¥§¥§¥§¥§¥¢¥¢¥¢¥¢¥¢¥¢¥¢¥¥¥¥¥,0.0,0.0,0.0,689183,35274860.39751899,,34585677.39751899
1-716571976,3,¢¥¤,¤,0.33333333333333337,0.33333333333333337,0.33333333333333326,136393,2330472.522763846,,2194079.522763846
1-717122893,3,§¤,§¥§¥§¥§¥§¥§¥§¥§¥§¥¢¥¢¥§¢¥¢¥¢¥¢¥¥¥¥¥¥,0.02777777777777779,0.02777777777777779,0.25,3538761,35646431.560938865,,32107670.560938865
1-717222893,3,¤,¢¥¢¥¢¥¢¥¢¥¢¥¢¥¢¥¢¥¢¥¢¥¢¥¢¥¢¥¢¥¢¥¢¥¢¥,0.0,0.0,0.0,172,17434540.062489796,,17434368.062489796
1-717275094,3,¤,¢¥¢¥¢¥¢¥¢¥¢¥¢¥¢¥¢¥¢¥¢¥¢¥¢¥¢¥¢¥¢¥¢¥¢¥,0.0,0.0,0.0,244,17384561.934876733,,17384317.934876733
1-718973785,3,§¤,¢¥¢¥¢¥¢¥¢¥¢¥¢¥¢¥¢¥¢¥¢¥¢¥¢¥¢¥¢¥¢¥¢¥¢¥,0.0,0.0,0.0,2788111,14819943.376218004,,12031832.376218004
1-719199254,3,¥¤¥¤¥¤,,0.0,0.0,0.0,2323667,0,,2323667.0
1-720000146,3,¤,§¤,0.5,0.5,0.5,300,20435242.556711383,,20434942.556711383
1-720069371,3,§¥§¤,§¥§¥§¥§¥§¥§¥§¥§¥§¢¥¢¥¢¥¢¥¢¥¢¥¢¥¢¥¢¥¢,0.08333333333333337,0.08333333333333337,0.5,2312061,38754969.11431162,,36442908.11431162
1-722674364,3,¢¢¥¢¡¢¡¥¤,¢¥¢¥¢¥¢¥¢¥¢¥¢¥¢¥¢¥¢¥¢¥¢¥¢¥¢¥¢¥¢¥¢¥¢¥,0.16666666666666663,0.16666666666666663,0.5,1681084,16552733.755790593,,14871649.755790593
1-722688743,3,¤,§¤,0.5,0.5,0.5,26,17812767.127862096,,17812741.127862096
1-726517211,3,¥¢¡¡¥¤,¥¤,0.33333333333333337,0.33333333333333337,0.5,1737236,1617768.884895255,,119467.11510474491
1-728470722,3,¢¡¢¥¡¥¤,¥§¥§¥§¥§¥§¥§¥§¥§¥§¢¥¢¥¢¥¢¥¢¥¢¥¢¥¥¥¥¥,0.11111111111111116,0.11111111111111116,0.4,3438718,33953217.03511643,,30514499.035116427
1-728630851,3,¥¤,¥¤,1.0,1.0,1.0,204427,2092850.9643719757,,1888423.9643719757
1-728641711,3,¤,¤,1.0,1.0,1.0,1794246,863709.0261576606,,930536.9738423394
1-730084875,3,¤,¢¥¢¥¢¥¢¥¢¥¢¥¢¥¢¥¢¥¢¥¢¥¢¥¢¥¢¥¢¥¢¥¢¥¢¥,0.0,0.0,0.0,716871,17674061.554366775,,16957190.554366775
1-732289301,3,¥¡¥¤,¢¥¤,0.5,0.5,0.5,2323120,1812710.771818375,,510409.228181625
1-732357301,3,¤,¤,1.0,1.0,1.0,4909,446540.6246986553,,441631.6246986553
1-733562890,3,¥§¥¤,¥¡¥¤,0.75,0.75,0.5,1985521,41769088.684826165,,39783567.684826165
1-733649220,3,¤,¢¥¢¥¢¥¢¥¢¥¢¥¢¥¢¥¢¥¢¥¢¥¢¥¢¥¢¥¢¥¢¥¢¥¢¥,0.0,0.0,0.0,18616,17520480.734768756,,17501864.734768756
1-735185827,3,¤,¤,1.0,1.0,1.0,120,1258262.9432550145,,1258142.9432550145
1-735881798,3,¥¤,¤,0.5,0.5,0.5,127,979768.828043109,,979641.828043109
1-736351127,3,¢¥¢¥¢¥¢¥¥¤,¢¥¢¥¢¥¢¥¢¥¢¥¢¥¢¥¢¥¢¥¢¥¢¥¢¥¢¥¢¥¢¥¢¥¢¥,0.25,0.25,0.6666666666666666,638789,17913409.432689894,,17274620.432689894
1-736351222,3,¢¥¢¥¢¥¢¥¥¤,¢¥¢¥¢¥¢¥¢¥¢¥¢¥¢¥¢¥¢¥¢¥¢¥¢¥¢¥¢¥¢¥¢¥¢¥,0.25,0.25,0.6666666666666666,638987,17913592.616460845,,17274605.616460845
1-737341073,3,¥¤,¥¢¥¢¥¢¥¢¥¢¥¢¥¢¥¢¥¢¥¢¥¢¥¢¥¢¥¢¥¢¥¢¥¢¥¢,0.02777777777777779,0.02777777777777779,0.33333333333333326,52074,17795841.89217792,,17743767.89217792
1-738626601,3,¤,¢¥¤,0.33333333333333337,0.33333333333333337,0.33333333333333326,1989481,3144350.9621554473,,1154869.9621554473
1-739695919,3,¥¥¢¢¥¤¥¤,¥¢¥§¥§¥§¥§¥§¥§¥¢¥¢¥§¢¥§¢¥¢¥¢¥¢¥¢¥¥¥¥,0.16666666666666663,0.16666666666666663,0.5,2166120,27602352.072351508,,25436232.072351508
1-741495923,3,¤,§¥§¥§¥§¥§¥§¥§¥§¥§¥§¢¥¢¥¢¥¢¥¢¥¢¥¢¥¥¥¥,0.0,0.0,0.0,333273,39872879.67055906,,39539606.67055906
1-741987554,3,¥§¢¥¤,¢¥¢¥¢¥¢¥¢¥¢¥¢¥¢¥¢¥¢¥¢¥¢¥¢¥¢¥¢¥¢¥¢¥¢¥,0.08333333333333337,0.08333333333333337,0.5,684292,21508104.50601939,,20823812.50601939
1-741995108,3,§¥¤,¢¥¢¥¢¥¢¥¢¥¢¥¢¥¢¥¢¥¢¥¢¥¢¥¢¥¢¥¢¥¢¥¢¥¢¥,0.02777777777777779,0.02777777777777779,0.25,11412,17884253.152810514,,17872841.152810514
1-741995344,3,¤,¢¥¢¥¢¥¢¥¢¥¢¥¢¥¢¥¢¥¢¥¢¥¢¥¢¥¢¥¢¥¢¥¢¥¢¥,0.0,0.0,0.0,1456913,14888224.359997692,,13431311.359997692
1-742296921,3,¤,¤,1.0,1.0,1.0,2667,913828.4985156263,,911161.4985156263
1-742383139,3,¤,§¤,0.5,0.5,0.5,1,20975512.292679463,,20975511.292679463
1-744436513,3,¤,¢¥¤,0.33333333333333337,0.33333333333333337,0.33333333333333326,487,1951008.0773981852,,1950521.0773981852
1-745941359,3,¡¤,§¥§¤,0.25,0.25,0.25,1296501,26403070.315753996,,25106569.315753996
1-746205481,3,¡§¤,¢¥¤,0.33333333333333337,0.33333333333333337,0.19999999999999996,514784,1850718.7663473724,,1335934.7663473724
1-747680998,3,¤,¢¥¢¥¢¥¢¥¢¥¢¥¢¥¢¥¢¥¢¥¢¥¢¥¢¥¢¥¢¥¢¥¢¥¢¥,0.0,0.0,0.0,167136,17290499.27700226,,17123363.27700226
1-749012057,3,¤,§¤,0.5,0.5,0.5,160,21021725.76681345,,21021565.76681345
1-750161066,3,¤,§¤,0.5,0.5,0.5,86,21780267.799922653,,21780181.799922653
1-751006831,3,¤¥¡¥¤,¤,0.19999999999999996,0.19999999999999996,0.33333333333333326,254,11517280.226362986,,11517026.226362986
1-752067921,3,¥¤,¥¡¥¤,0.5,0.5,0.6666666666666666,1631,18497948.23233635,,18496317.23233635
1-659718901,4,¤,¤,1.0,1.0,1.0,315,1664581.4791589025,,1664266.4791589025
1-659922661,4,¥¤,¡¥¤,0.6666666666666667,0.6666666666666667,0.6666666666666666,3002516,11180393.67688804,,8177877.676888039
1-660268091,4,¥¤¥¢¥¤¥¤,¥¤,0.25,0.25,0.6666666666666666,1477736,6558222.427300212,,5080486.427300212
1-660636558,4,¤,¢¥¢¥¢¥¢¥¢¥¢¥¢¥¢¥¢¥¢¥¢¥¢¥¢¥¢¥¢¥¢¥¢¥¢¥,0.0,0.0,0.0,2844354,17262057.450638138,,14417703.450638138
1-660648920,4,¥¢¥§¤,§¥§¥§¥§¥§¥§¥§¥§¥§¥¢¥¢¥¢¥¢¥¢¥¢¥¢¥¥¥¢¥,0.08333333333333337,0.08333333333333337,0.75,6650763,30966404.361373685,,24315641.361373685
1-661134924,4,¤,¤,1.0,1.0,1.0,1922456,1903713.7208594806,,18742.279140519444
1-661184751,4,¢¥¤,§¤,0.33333333333333337,0.33333333333333337,0.25,3117240,18744457.945819885,,15627217.945819885
1-663582660,4,¥¤,¥§¤,0.6666666666666667,0.6666666666666667,0.6666666666666666,70086,16303558.43010618,,16233472.43010618
1-663891165,4,¤,¤,1.0,1.0,1.0,2679620,9984189.358564561,,7304569.358564561
1-669119156,4,¢¥¡¡¤,¤,0.19999999999999996,0.19999999999999996,0.25,1888601,8104036.776041825,,6215435.776041825
1-670754761,4,¥¥¥¤¥¤¥¤,¥¤,0.25,0.25,1.0,2427271,3661823.214033556,,1234552.2140335562
1-672506739,4,¢¥¤,¤,0.33333333333333337,0.33333333333333337,0.33333333333333326,2484278,474792.0896289942,,2009485.9103710058
1-672862385,4,¥¤,¥§¤,0.6666666666666667,0.6666666666666667,0.6666666666666666,6652461,16700292.516276624,,10047831.516276624
1-673224718,4,¤,¤,1.0,1.0,1.0,2167080,6038034.994404434,,3870954.994404434
1-673359575,4,¤,§¤,0.5,0.5,0.5,49,10831217.68035454,,10831168.68035454
1-673429845,4,¤,§¥§¥§¥§¥§¥§¥§¥§¥§¥¢¥¢¥¢¥¢¥¢¥¢¥¢¥¥¢¥¥,0.0,0.0,0.0,311,34216373.65047006,,34216062.65047006
1-675150191,4,¥§¤,¤,0.33333333333333337,0.33333333333333337,0.33333333333333326,2585582,15624631.891941477,,13039049.891941477
1-675150672,4,¥¤,¥¤,1.0,1.0,1.0,188,6860054.191740492,,6859866.191740492
1-675685459,4,¢¥¤,¢¥¢¥¢¥¢¥¢¥¢¥¢¥¢¥¢¥¢¥¢¥¢¥¢¥¢¥¢¥¢¥¢¥¢¥,0.05555555555555558,0.05555555555555558,0.6666666666666666,471644,13609412.872324334,,13137768.872324334
1-675797761,4,¢¥¤,¢¥¢¥¢¥¢¥¢¥¢¥¢¥¢¥¢¥¢¥¢¥¢¥¢¥¢¥¢¥¢¥¢¥¢¥,0.05555555555555558,0.05555555555555558,0.6666666666666666,530301,13608370.393483121,,13078069.393483121
1-675826063,4,¢¥¡¡¢¥§¡¥¤,¥¤,0.19999999999999996,0.19999999999999996,0.4,7276628,7542211.782433238,,265583.7824332379
1-677811170,4,¢¥¡¥¡¥¤,¥¤,0.2857142857142857,0.2857142857142857,0.5,2438232,7529064.758035701,,5090832.758035701
1-678755621,4,¢¥¡¥¤,¢¥¤,0.6,0.6,0.75,7935325,11619308.494939428,,3683983.494939428
1-681929091,4,¥¤,¥¤,1.0,1.0,1.0,4189,4586320.050717073,,4582131.050717073
1-682262974,4,¥¢¥¢¥¢¥¢¥¢¥¢¥¥¢¢¥¥¥¥¢¢¥¤,¥¤,0.08333333333333337,0.08333333333333337,0.6666666666666666,6572518,1032911.814182584,,5539606.185817416
1-683752875,4,¤,¢¥¢¥¢¥¢¥¢¥¢¥¢¥¢¥¢¥¢¥¢¥¢¥¢¥¢¥¢¥¢¥¢¥¥¢,0.0,0.0,0.0,15738,24245862.279309604,,24230124.279309604
1-685134878,4,¡¢¡¢¥¤,¥¢¥¢¥¢¥¢¥¢¥¢¥¢¥¢¥¢¥¢¥¢¥¢¥¢¥¢¥¢¥¢¥¥¥¥,0.08333333333333337,0.08333333333333337,0.5,5638063,15755359.217140455,,10117296.217140455
1-686531969,4,¤¥¤¥¤,¡¥¤,0.4,0.4,0.6666666666666666,551,57852404.702714026,,57851853.702714026
1-686642441,4,¡¥¤,¥¤,0.6666666666666667,0.6666666666666667,0.6666666666666666,4080295,4899073.027907923,,818778.0279079229
1-686642543,4,¢¥£¥¤,¥¢¥¢¥¢¥¢¥¢¥¢¥¢¥¢¥¢¥¢¥¢¥¢¥¢¥¢¥¢¥¢¥¥¢¥,0.08333333333333337,0.08333333333333337,0.5,4214479,18471125.79713162,,14256646.79713162
1-687589251,4,¢¥¢¥¢¥¢¥¤,¤,0.11111111111111116,0.11111111111111116,0.33333333333333326,3286610,427240.62552696804,,2859369.374473032
1-687668119,4,§¤,¥¤,0.5,0.5,0.33333333333333326,1288570,7243291.204418599,,5954721.204418599
1-688280019,4,§¥¤,§¥§¥§¥§¥§¥§¥§¥§¥§¥¢¥¢¥¢¥¢¥¢¥¢¥¢¥¥¥¥¥,0.05555555555555558,0.05555555555555558,0.5,791868,32405001.175357446,,31613133.175357446
1-688380091,4,§¥§¡¤,§¥§¥§¥§¥§¥§¥§¥§¥§¥¢¥§¢¥§¢¥¢¥¢¥¢¥¥¥¢¥,0.08333333333333337,0.08333333333333337,0.4,2452426,29883052.65660282,,27430626.65660282
1-688515611,4,¤,¤,1.0,1.0,1.0,11,722604.8863271576,,722593.8863271576
1-688564824,4,¡¥¤,¢¥¢¥¢¥¢¥¢¥¢¥¢¥¢¥¢¥¢¥¢¥¢¥¢¥¢¥¢¥¢¥¢¥¢¥,0.02777777777777779,0.02777777777777779,0.25,2613190,17243202.650604367,,14630012.650604367
1-688725917,4,¢¥¤,¤,0.33333333333333337,0.33333333333333337,0.33333333333333326,2540161,1693136.675787167,,847024.3242128331
1-689469104,4,¥¢¥¢¥¤,¥¢¥¢¥¢¥¢¥¢¥¢¥¢¥¢¥¢¥¢¥¢¥¢¥¢¥¢¥¢¥¢¥¢¥¢,0.13888888888888884,0.13888888888888884,0.6666666666666666,1847477,17207597.762128927,,15360120.762128927
1-690762471,4,¤,¤,1.0,1.0,1.0,262,505668.49333752564,,505406.49333752564
1-691093464,4,¥¢¥¤,¥¢¥¢¥¢¥¢¥¡¥¢¥¡¥¢¥¢¥¢¥¢¥¢¥¢¥¢¥¢¥¢¥¢¥¢,0.08333333333333337,0.08333333333333337,0.5,2053421,19269081.84916585,,17215660.84916585
1-691221687,4,¥¢¥¢¥¤,¥¡¥¤,0.5,0.5,0.5,1203204,10080736.837423239,,8877532.837423239
1-691786096,4,¡¤,¥¤,0.5,0.5,0.33333333333333326,1395603,6997110.007041385,,5601507.007041385
1-691786330,4,¤,¥¤,0.5,0.5,0.5,92441,6377794.142698883,,6285353.142698883
1-692193396,4,¥¤,¥¤,1.0,1.0,1.0,5638581,6020014.520989893,,381433.520989893
1-693456968,4,¤,¤,1.0,1.0,1.0,266,283866.07438389777,,283600.07438389777
1-693595201,4,¥¤,¥¢¥¢¥¢¥¢¥¢¥¢¥¢¥¢¥¢¥¢¥¢¥¢¥¢¥¢¥¢¥¢¥¢¥¢,0.02777777777777779,0.02777777777777779,0.33333333333333326,6814506,16790658.739142664,,9976152.739142664
1-693732401,4,¥§¤,¥¤,0.6666666666666667,0.6666666666666667,0.6666666666666666,5147413,7138417.943418143,,1991004.9434181433
1-693789171,4,¤,¢¥¢¥¢¥¢¥¢¥¡¥¢¥¡¥¢¥¢¥¢¥¢¥¢¥¢¥¢¥¢¥¢¢¥¥,0.0,0.0,0.0,48,23599699.134006433,,23599651.134006433
1-694222066,4,¡¡¥¤,¥¤,0.5,0.5,0.6666666666666666,1141148,21471.76363104021,,1119676.2363689598
1-694354058,4,¤,§¥§¥§¥§¥§¥§¥§¥§¥¢¥§¥¢¥¢¥¢¥¢¥¢¥¥¥¥¥¥¥,0.0,0.0,0.0,3604,34014914.016267054,,34011310.016267054
1-694385837,4,¥¥¤¥¤,,0.0,0.0,0.0,186779,0,,186779.0
1-694597155,4,¤,¤,1.0,1.0,1.0,9,206090.45367742877,,206081.45367742877
1-694828073,4,¡§¡¢¥¡¥¡¢¥¥¤,¥¤,0.16666666666666663,0.16666666666666663,0.4,4777192,7231957.736162059,,2454765.736162059
1-695258011,4,¤,§¤,0.5,0.5,0.5,4075257,13284225.545172388,,9208968.545172388
1-695425289,4,¤,¤,1.0,1.0,1.0,165946,1324516.2066122524,,1158570.2066122524
1-695486321,4,¥¤,¥¢¥¢¥¢¥¢¥¢¥¢¥¢¥¢¥¢¥¢¥¢¥¢¥¢¥¢¥¢¥¢¥¢¥¢,0.02777777777777779,0.02777777777777779,0.33333333333333326,5170136,17654693.336724456,,12484557.336724456
1-696097603,4,¢¥¡¥¢¡§¤,¥¤,0.25,0.25,0.4,2676233,5884515.092919128,,3208282.092919128
1-696680265,4,¥¥§¤,¥¤,0.5,0.5,0.6666666666666666,2261345,1084823.9845160649,,1176521.0154839351
1-696835891,4,¤,§¥§¥¤,0.19999999999999996,0.19999999999999996,0.33333333333333326,1294,20008473.448419366,,20007179.448419366
1-697041731,4,¤,¢¥¢¥¢¥¢¥¢¥¢¥¢¥¢¥¢¥¢¥¢¥¢¥¢¥¢¥¢¥¢¥¢¥¢¥,0.0,0.0,0.0,1018,13617424.432337906,,13616406.432337906
1-697458590,4,¢¡¥¥¡§¤,¥¤,0.2857142857142857,0.2857142857142857,0.4,4660602,5793070.564245288,,1132468.5642452883
1-697459701,4,¤,¤,1.0,1.0,1.0,1640,392440.1874160736,,390800.1874160736
1-697987547,4,¢¥¥¤,§¡¥¤,0.5,0.5,0.4,4934854,21288085.521561902,,16353231.521561902
1-698044001,4,¥¤,¥¤,1.0,1.0,1.0,2242882,5755652.855799392,,3512770.855799392
1-698216063,4,¥¤,¡¥¤,0.6666666666666667,0.6666666666666667,0.6666666666666666,26567,10112256.654189302,,10085689.654189302
1-698842669,4,¤¥¤,¡¥¤,0.6666666666666667,0.6666666666666667,0.6666666666666666,2689823,4753819.708182957,,2063996.708182957
1-698998499,4,¥¢¥§¤,¥¢¥¢¥¢¥¢¥¢¥¢¥¢¥¢¥¢¥¢¥¢¥¢¥¢¥¢¥¢¥¢¥¢¥¢,0.08333333333333337,0.08333333333333337,0.5,1907232,17289043.929179624,,15381811.929179624
1-699103215,4,¥¢¥¡¢¥¢¥¥¤,¥¤,0.19999999999999996,0.19999999999999996,0.5,1490870,1025541.5814100011,,465328.41858999885
1-699661601,4,¥¢¥¤,§¥§¥§¥§¥§¥§¥§¥§¥§¥¢¥¢¥¢¥¢¥¢¥¢¥¢¥¥¥¢¥,0.08333333333333337,0.08333333333333337,0.5,325456,32512762.43341133,,32187306.43341133
1-700498223,4,¢¥¢¡¢¥¡¢¥¥¢¥§¥¤,¥¤,0.1333333333333333,0.1333333333333333,0.4,2260420,11008444.420597225,,8748024.420597225
1-700566882,4,¥¤,,0.0,0.0,0.0,1905692,0,,1905692.0
1-700842031,4,¥§¤,¥¤,0.6666666666666667,0.6666666666666667,0.6666666666666666,5421299,12172612.866601631,,6751313.866601631
1-701429911,4,¤,¥§¥§¥§¥§¥§¥§¥§¥§¢¥¢¥¢¥¢¥¢¥¢¥¢¥¢¥¢¥¢¥,0.0,0.0,0.0,1113986,43407069.19341971,,42293083.19341971
1-702482271,4,¥¤,¥¡¥§¥¢¥¡¥¢¥¡¥¢¥¡¥¢¥¢¥¢¥¢¥¢¥¢¥¢¥¢¥¢¥¢,0.02777777777777779,0.02777777777777779,0.19999999999999996,1290,48066216.75586332,,48064926.75586332
1-702501138,4,¥¤,¥§¤,0.6666666666666667,0.6666666666666667,0.6666666666666666,722493,16042787.866188444,,15320294.866188444
1-703190797,4,¥¢¥¢¥¢¥¤,¤,0.125,0.125,0.33333333333333326,1320259,436214.17640201095,,884044.823597989
1-703540157,4,¢¥§¢¥¢¥¢¥§¥¢¥¤,¤,0.0714285714285714,0.0714285714285714,0.25,4858009,427533.49870933435,,4430475.501290666
1-704650867,4,¥§¤,¥¢¥¢¥¢¥¢¥¢¥¢¥¢¥¢¥¢¥¢¥¢¥¢¥¢¥¢¥¢¥¢¥¢¥¢,0.02777777777777779,0.02777777777777779,0.25,3129225,17718108.417235233,,14588883.417235233
1-704661542,4,§¤,§¥§¥§¥§¥§¥§¥§¥§¥§¥¢¥¢¥¢¥¢¥¢¥¢¥¢¥¥¥¢¥,0.02777777777777779,0.02777777777777779,0.25,1111516,31321244.638133626,,30209728.638133626
1-704703712,4,¡¥¤,¤,0.33333333333333337,0.33333333333333337,0.33333333333333326,63869,1795841.4237481826,,1731972.4237481826
1-704973871,4,¥¤,¥¤,1.0,1.0,1.0,641570,4963099.129972192,,4321529.129972192
1-704977245,4,¢¥¤,¤,0.33333333333333337,0.33333333333333337,0.33333333333333326,141339,424425.1412723553,,283086.1412723553
1-707300171,4,¥¢¡¢¥¥¥§¤,¥¢¥¤,0.4444444444444444,0.4444444444444444,0.6,4127329,2510128.0736816623,,1617200.9263183377
1-707660543,4,¢¥¤,¥¤,0.6666666666666667,0.6666666666666667,0.6666666666666666,3214420,7543423.519152571,,4329003.519152571
1-708131711,4,¥¡¤,¥¢¥¢¥¢¥¢¥¢¥¢¥¢¥¢¥¢¥¢¥¢¥¢¥¢¥¢¥¢¥¢¥¢¥¥,0.02777777777777779,0.02777777777777779,0.25,2339495,18862037.32640814,,16522542.32640814
1-708613661,4,¤,¤,1.0,1.0,1.0,1,1044842.9302276901,,1044841.9302276901
1-709552565,4,¢¥¤,¥¤,0.6666666666666667,0.6666666666666667,0.6666666666666666,1199478,5832027.605303654,,4632549.605303654
1-709663551,4,¢¡¥¤,§¥§¥§¥§¥§¥§¥§¥§¥§¢¥¢¥¢¥¢¥¢¥¢¥¢¥¢¥¢¥¢,0.05555555555555558,0.05555555555555558,0.4,554,28003271.22673055,,28002717.22673055
1-709802861,4,¤,¤,1.0,1.0,1.0,1484,2053453.6319793311,,2051969.6319793311
1-710114300,4,¢¥¢¥¢¥¤,¥¤,0.2857142857142857,0.2857142857142857,0.6666666666666666,3276971,5830136.383170016,,2553165.383170016
1-716571976,4,¥¤,¥¢¥¢¥¢¥¢¥¢¥¢¥¢¥¢¥¢¥¢¥¢¥¢¥¢¥¢¥¢¥¢¥¢¥¢,0.02777777777777779,0.02777777777777779,0.33333333333333326,135761,15580918.330287887,,15445157.330287887
1-717122893,4,¤,¥§¥§¥§¥§¥§¥§¥§¥§¥§¢¥¢¥¢¥¢¥¢¥¢¥¢¥¥¥¥¥,0.0,0.0,0.0,3014321,39611557.10142663,,36597236.10142663
1-718973785,4,¤,¢¥¢¥¢¥¢¥¢¥¢¥¢¥¢¥¢¥¢¥¢¥¢¥¢¥¢¥¢¥¢¥¢¥¥¢,0.0,0.0,0.0,1321948,23413507.002112255,,22091559.002112255
1-719199254,4,¤¥¤¥¤,¤,0.19999999999999996,0.19999999999999996,0.5,72208,4839325.549059186,,4767117.549059186
1-720069371,4,¥§¤,¥§¥§¥§¥§¥§¥§¥§¥§¢¥¢¥¢¥¢¥¢¥¢¥¢¥¢¥¢¥¢¥,0.05555555555555558,0.05555555555555558,0.5,2305903,36564947.01193309,,34259044.01193309
1-722674364,4,¢¥¢¡¢¡¥¤,¥¢¥¢¥¢¥¢¥¢¥¢¥¢¥¢¥¢¥¢¥¢¥¢¥¢¥¢¥¢¥¢¥¢¥¢,0.13888888888888884,0.13888888888888884,0.5,1679665,17217944.577810686,,15538279.577810686
1-726517211,4,¢¡¡¥¤,¤,0.19999999999999996,0.19999999999999996,0.25,1737221,426884.31898252235,,1310336.6810174775
1-728470722,4,¡¢¥¡¥¤,¥§¥§¥§¥§¥§¥§¥§¥§¥¢¥¢¥¢¥¢¥¢¥¢¥¢¥¥¥¥¥¥,0.08333333333333337,0.08333333333333337,0.4,3437018,32190537.456538,,28753519.456538
1-728630851,4,¤,¤,1.0,1.0,1.0,116,605777.4426044762,,605661.4426044762
1-732289301,4,¡¥¤,¤,0.33333333333333337,0.33333333333333337,0.33333333333333326,2322960,1877640.523228321,,445319.476771679
1-733562890,4,§¥¤,¡¥¡¥¡¥¡¥¡¥¡¥¡¥¡¥¢¥¢¥¢¥¢¥¢¥¢¥¢¥¢¥¢¥¢¥,0.02777777777777779,0.02777777777777779,0.19999999999999996,1982785,134956952.52244973,,132974167.52244973
1-735881798,4,¤,¤,1.0,1.0,1.0,26,888177.740082995,,888151.740082995
1-736351127,4,¥¢¥¢¥¢¥¥¤,¥¢¥¢¥¢¥¢¥¢¥¢¥¢¥¢¥¢¥¢¥¢¥¢¥¢¥¢¥¢¥¢¥¢¥¢,0.2222222222222222,0.2222222222222222,0.6666666666666666,638692,17432409.094148226,,16793717.094148226
1-736351222,4,¥¢¥¢¥¢¥¥¤,¥¢¥¢¥¢¥¢¥¢¥¢¥¢¥¢¥¢¥¢¥¢¥¢¥¢¥¢¥¢¥¢¥¢¥¢,0.2222222222222222,0.2222222222222222,0.6666666666666666,638830,17432489.950213235,,16793659.950213235
1-737341073,4,¤,¢¥¢¥¢¥¢¥¢¥¢¥¢¥¢¥¢¥¢¥¢¥¢¥¢¥¢¥¢¥¢¥¢¥¢¥,0.0,0.0,0.0,131,17201435.401180305,,17201304.401180305
1-739695919,4,¥¢¢¥¤¥¤,§¥§¥§¥§¥§¥§¥§¥§¥§¥¢¥¢¥¢¥¢¥¢¥¢¥¥¥¥¥¥¥,0.13888888888888884,0.13888888888888884,0.5,1964988,31959295.67479611,,29994307.67479611
1-741987554,4,§¢¥¤,¤,0.25,0.25,0.25,684072,417825.3109765543,,266246.6890234457
1-741995108,4,¥¤,¡¥¤,0.6666666666666667,0.6666666666666667,0.6666666666666666,11177,9460426.038587311,,9449249.038587311
1-745941359,4,¤,¥§¤,0.33333333333333337,0.33333333333333337,0.33333333333333326,535,27178106.863430195,,27177571.863430195
1-746205481,4,§¤,¥¤,0.5,0.5,0.33333333333333326,514764,7461419.273480176,,6946655.273480176
1-751006831,4,¥¡¥¤,,0.0,0.0,0.0,61,0,,61.0
1-752067921,4,¤,§¡¥¤,0.25,0.25,0.25,148,21759689.931377552,,21759541.931377552
1-659922661,5,¤,¤,1.0,1.0,1.0,68,439103.5231014433,,439035.5231014433
1-660268091,5,¤¥¢¥¤¥¤,¤,0.1428571428571429,0.1428571428571429,0.33333333333333326,788685,945187.6460599434,,156502.64605994336
1-660648920,5,¢¥§¤,¤,0.25,0.25,0.25,4840483,1354286.4527273092,,3486196.5472726906
1-661184751,5,¥¤,¥§¥¡¥¤,0.33333333333333337,0.33333333333333337,0.5,3117196,18482103.94040444,,15364907.940404441
1-663582660,5,¤,§¤,0.5,0.5,0.5,41,13935201.40542249,,13935160.40542249
1-669119156,5,¥¡¡¤,¥¤¥¢¥¢¥¢¥¢¥¢¥¢¥¢¥¢¥¢¥¢¥¢¥¢¥¢¥¢¥¢¥¢¥¢,0.02777777777777779,0.02777777777777779,0.5,1374310,12751922.892247364,,11377612.892247364
1-670754761,5,¥¥¤¥¤¥¤,¤,0.1428571428571429,0.1428571428571429,0.5,1990103,926520.8149056846,,1063582.1850943156
1-672506739,5,¥¤,¥¢¥¢¥¢¥¢¥¢¥¢¥¢¥¢¥¢¥¢¥¢¥¢¥¢¥¢¥¢¥¢¥¢¥¢,0.02777777777777779,0.02777777777777779,0.33333333333333326,1914400,12736380.552934555,,10821980.552934555
1-672862385,5,¤,§¤,0.5,0.5,0.5,6652288,16707950.100952476,,10055662.100952476
1-675150191,5,§¤,§¥§¥§¥§¥§¥§¥§¥§¥§¢¥¢¥¢¥¢¥¢¥¢¥¥¥¥¥¥¥¢,0.02777777777777779,0.02777777777777779,0.25,1370853,24142540.25234545,,22771687.25234545
1-675150672,5,¤,¤,1.0,1.0,1.0,187,400923.2033170483,,400736.2033170483
1-675685459,5,¥¤,¥¢¥¢¥¢¥¢¥¢¥¢¥¢¥¢¥¢¥¢¥¢¥¢¥¢¥¢¥¢¥¢¥¢¥¢,0.02777777777777779,0.02777777777777779,0.33333333333333326,471511,13161825.045023464,,12690314.045023464
1-675797761,5,¥¤,¥¢¥¢¥¢¥¢¥¢¥¢¥¢¥¢¥¢¥¢¥¢¥¢¥¢¥¢¥¢¥¢¥¢¥¢,0.02777777777777779,0.02777777777777779,0.33333333333333326,530187,13017780.885420917,,12487593.885420917
1-675826063,5,¥¡¡¢¥§¡¥¤,¥¤,0.2222222222222222,0.2222222222222222,0.4,7268292,1604171.753556156,,5664120.2464438435
1-677811170,5,¥¡¥¡¥¤,¥¤,0.33333333333333337,0.33333333333333337,0.6666666666666666,2437938,1634002.6723937434,,803935.3276062566
1-678755621,5,¥¡¥¤,¥¤,0.5,0.5,0.6666666666666666,6379492,962477.9609875714,,5417014.039012428
1-681929091,5,¤,¤,1.0,1.0,1.0,113,665768.6552516083,,665655.6552516083
1-682262974,5,¢¥¢¥¢¥¢¥¢¥¢¥¥¢¢¥¥¥¥¢¢¥¤,¤,0.04347826086956519,0.04347826086956519,0.33333333333333326,6551113,282576.61032437574,,6268536.389675625
1-685134878,5,¢¡¢¥¤,¥¤,0.4,0.4,0.5,4855738,4198295.966366068,,657442.0336339315
1-686531969,5,¥¤¥¤,,0.0,0.0,0.0,548,0,,548.0
1-686642441,5,¥¤,¥¤,1.0,1.0,1.0,110,1970052.8707804624,,1969942.8707804624
1-686642543,5,¥£¥¤,¥¢¥¢¥¢¥¢¥¢¥¢¥¢¥¢¥¢¥¢¥¢¥¢¥¢¥¢¥¢¥¢¥¢¥¥,0.05555555555555558,0.05555555555555558,0.25,4214410,19838005.98074332,,15623595.980743319
1-687589251,5,¥¢¥¢¥¢¥¤,¥¤,0.25,0.25,0.6666666666666666,3283312,934470.4138982648,,2348841.586101735
1-687668119,5,¤,¤,1.0,1.0,1.0,69,4050158.5758305863,,4050089.5758305863
1-688280019,5,¥¤,¥§¥¤,0.5,0.5,0.6666666666666666,791815,19930242.997010328,,19138427.997010328
1-688380091,5,¥§¡¤,¥§¥§¥§¥§¥§¥§¥§¥§¥§¥¢¥¢¥¢¥¢¥¢¥¢¥¥¥¢¥¥,0.05555555555555558,0.05555555555555558,0.4,2452260,29339198.751634613,,26886938.751634613
1-688564824,5,¥¤,¥¤,1.0,1.0,1.0,2607253,4752749.3162085265,,2145496.3162085265
1-688725917,5,¥¤,¥¢¥¢¥¢¥¢¥¢¥¢¥¢¥¢¥¢¥¢¥¢¥¢¥¢¥¢¥¢¥¢¥¥¥¥,0.02777777777777779,0.02777777777777779,0.33333333333333326,2540063,13866309.890869685,,11326246.890869685
1-689469104,5,¢¥¢¥¤,¢¥¢¥¢¥¢¥¢¥¢¥¢¥¢¥¢¥¢¥¢¥¢¥¢¥¢¥¢¥¢¥¢¥¢¥,0.11111111111111116,0.11111111111111116,0.6666666666666666,1847458,17161396.557504043,,15313938.557504043
1-691093464,5,¢¥¤,¢¥¢¥¢¥¢¥¢¥¢¥¡¥¢¥¢¥¢¥¢¥¢¥¢¥¢¥¢¥¢¥¢¥¢¥,0.05555555555555558,0.05555555555555558,0.5,417784,9664566.008402117,,9246782.008402117
1-691221687,5,¢¥¢¥¤,¡¥¤,0.4,0.4,0.5,1203021,10467000.553955222,,9263979.553955222
1-691786096,5,¤,¥¤,0.5,0.5,0.5,1387532,2758594.7125200983,,1371062.7125200983
1-692193396,5,¤,¤,1.0,1.0,1.0,1,470458.1309273911,,470457.1309273911
1-693595201,5,¤,¢¥¢¥¢¥¢¥¢¥¢¥¢¥¢¥¢¥¢¥¢¥¢¥¢¥¢¥¢¥¢¥¢¥¢¥,0.0,0.0,0.0,6814023,17089246.384027697,,10275223.384027697
1-693732401,5,§¤,¤,0.5,0.5,0.5,4923142,1242843.8511611817,,3680298.148838818
1-694222066,5,¡¥¤,¥¤,0.6666666666666667,0.6666666666666667,0.6666666666666666,6488,1210374.9265182037,,1203886.9265182037
1-694385837,5,¥¤¥¤,¢¥¢¥¢¥¢¥¢¥¢¥¢¥¢¥¢¥¢¥¢¥¢¥¢¥¢¥¢¥¢¥¢¥¢¥,0.05555555555555558,0.05555555555555558,0.33333333333333326,14172,12947205.932871183,,12933033.932871183
1-694828073,5,§¡¢¥¡¥¡¢¥¥¤,¥¤,0.18181818181818177,0.18181818181818177,0.4,4435499,2837495.508559157,,1598003.4914408429
1-695486321,5,¤,¢¥¢¥¢¥¢¥¢¥¢¥¢¥¢¥¢¥¢¥¢¥¢¥¢¥¢¥¢¥¢¥¢¥¢¥,0.0,0.0,0.0,4940648,16913758.84670082,,11973110.846700821
1-696097603,5,¥¡¥¢¡§¤,¥¤,0.2857142857142857,0.2857142857142857,0.4,2485806,1570828.3809991751,,914977.6190008249
1-696680265,5,¥§¤,¤,0.33333333333333337,0.33333333333333337,0.33333333333333326,2261344,373986.66167762695,,1887357.338322373
1-697458590,5,¡¥¥¡§¤,¥¢¥¢¥¢¥¢¥¢¥¢¥¢¥¢¥¢¥¢¥¢¥¢¥¢¥¢¥¢¥¢¥¥¥¥,0.05555555555555558,0.05555555555555558,0.19999999999999996,4585521,19454528.731076907,,14869007.731076907
1-697987547,5,¥¥¤,¥¡¥¤,0.75,0.75,0.6666666666666666,4934802,8608883.51900696,,3674081.51900696
1-698044001,5,¤,¤,1.0,1.0,1.0,37,693110.9495571736,,693073.9495571736
1-698216063,5,¤,¤,1.0,1.0,1.0,738,806671.3297425866,,805933.3297425866
1-698842669,5,¥¤,,0.0,0.0,0.0,2689800,0,,2689800.0
1-698998499,5,¢¥§¤,¢¥¢¥¢¥¢¥¢¥¢¥¢¥¢¥¢¥¢¥¢¥¢¥¢¥¢¥¢¥¢¥¢¥¢¥,0.05555555555555558,0.05555555555555558,0.5,1907130,17323424.38199381,,15416294.381993812
1-699103215,5,¢¥¡¢¥¢¥¥¤,¤,0.11111111111111116,0.11111111111111116,0.25,621408,250951.76656036262,,370456.23343963735
1-699661601,5,¢¥¤,¥¤,0.6666666666666667,0.6666666666666667,0.6666666666666666,260333,1549401.5851190095,,1289068.5851190095
1-700498223,5,¥¢¡¢¥¡¢¥¥¢¥§¥¤,¥§¥¤,0.2857142857142857,0.2857142857142857,0.6,2260058,12887115.521242928,,10627057.521242928
1-700566882,5,¤,¢¥¢¥¢¥¢¥¢¥¢¥¢¥¢¥¢¥¢¥¢¥¢¥¢¥¢¥¢¥¢¥¢¥¢¥,0.0,0.0,0.0,1833187,17961526.766551904,,16128339.766551904
1-700842031,5,§¤,¤,0.5,0.5,0.5,5420713,1370472.02105501,,4050240.97894499
1-702482271,5,¤,¡¥¤,0.33333333333333337,0.33333333333333337,0.33333333333333326,216,16103124.036084099,,16102908.036084099
1-702501138,5,¤,§¤,0.5,0.5,0.5,678,16961396.565451868,,16960718.565451868
1-703190797,5,¢¥¢¥¢¥¤,¥¤,0.2857142857142857,0.2857142857142857,0.6666666666666666,1320093,2857315.796264495,,1537222.7962644948
1-703540157,5,¥§¢¥¢¥¢¥§¥¢¥¤,¥¤,0.15384615384615385,0.15384615384615385,0.5,3913256,745171.2128655671,,3168084.787134433
1-704650867,5,§¤,¢¥¢¥¢¥¢¥¢¥¢¥¢¥¢¥¢¥¢¥¢¥¢¥¢¥¢¥¢¥¢¥¢¥¢¥,0.0,0.0,0.0,3114896,17160733.02245158,,14045837.02245158
1-704661542,5,¤,¤,1.0,1.0,1.0,1795,15572677.882581944,,15570882.882581944
1-704703712,5,¥¤,¥¤,1.0,1.0,1.0,63847,3469211.92036517,,3405364.92036517
1-704973871,5,¤,¤,1.0,1.0,1.0,11,738570.339661492,,738559.339661492
1-704977245,5,¥¤,¥¢¥¢¥¢¥¢¥¢¥¢¥¢¥¢¥¢¥¢¥¢¥¢¥¢¥¢¥¢¥¢¥¥¥¢,0.02777777777777779,0.02777777777777779,0.33333333333333326,140525,17325584.981199875,,17185059.981199875
1-707300171,5,¢¡¢¥¥¥§¤,¢¥¢¥¢¥¢¥¢¥¢¥¢¥¢¥¢¥¢¥¢¥¢¥¢¥¢¥¢¥¢¥¢¥¥¥,0.13888888888888884,0.13888888888888884,0.4,4126782,14759644.873715308,,10632862.873715308
1-707660543,5,¥¤,¥¤,1.0,1.0,1.0,94721,1283450.5277188844,,1188729.5277188844
1-708131711,5,¡¤,¤,0.5,0.5,0.5,1723679,489278.883073388,,1234400.1169266119
1-709552565,5,¥¤,¥¤,1.0,1.0,1.0,149385,1512110.559354636,,1362725.559354636
1-709663551,5,¡¥¤,¥§¥§¥§¥§¥§¥§¥§¢¥¢¥¢¥¢¥¢¥¢¥¢¥¢¥¢¥¢¥¢¥,0.02777777777777779,0.02777777777777779,0.19999999999999996,515,26041653.766155735,,26041138.766155735
1-710114300,5,¥¢¥¢¥¤,¥¢¥¢¥¢¥¢¥¢¥¢¥¢¥¢¥¢¥¢¥¢¥¢¥¢¥¢¥¢¥¢¥¥¥¥,0.13888888888888884,0.13888888888888884,0.6666666666666666,3270797,20470414.14747274,,17199617.14747274
1-716571976,5,¤,¢¥¢¥¢¥¢¥¢¥¢¥¢¥¢¥¢¥¢¥¢¥¢¥¢¥¢¥¢¥¢¥¢¥¢¥,0.0,0.0,0.0,25,15581326.843593583,,15581301.843593583
1-719199254,5,¥¤¥¤,,0.0,0.0,0.0,72077,0,,72077.0
1-720069371,5,§¤,§¥§¥§¥§¥§¥§¥§¥§¢¥¢¥¢¥¢¥¢¥¢¥¢¥¢¥¢¥¢¥¢,0.02777777777777779,0.02777777777777779,0.25,2159004,22754208.18170747,,20595204.18170747
1-722674364,5,¥¢¡¢¡¥¤,¥¢¥¢¥¢¥¢¥¢¥¢¥¢¥¢¥¢¥¢¥¢¥¢¥¢¥¢¥¢¥¢¥¥¥¥,0.11111111111111116,0.11111111111111116,0.5,1646899,18601483.25797859,,16954584.25797859
1-726517211,5,¡¡¥¤,¥¤,0.5,0.5,0.6666666666666666,1737091,952480.2741874292,,784610.7258125708
1-728470722,5,¢¥¡¥¤,¥§¥§¥§¥§¥§¥§¥§¥§¢¥¢¥¢¥¢¥¢¥¢¥¢¥¥¥¥¥¥¥,0.08333333333333337,0.08333333333333337,0.4,3227912,28219591.01554005,,24991679.01554005
1-732289301,5,¥¤,¥¤,1.0,1.0,1.0,2319552,3430853.263265915,,1111301.2632659152
1-733562890,5,¥¤,¥¢¥¡¥¡¥¡¥¡¥¡¥¢¥¡¥¢¥¢¥¢¥¢¥¢¥¢¥¢¢¢¢¢¥¢,0.02777777777777779,0.02777777777777779,0.25,1209189,120563778.3158713,,119354589.3158713
1-736351127,5,¢¥¢¥¢¥¥¤,¢¥¢¥¢¥¢¥¢¥¢¥¢¥¢¥¢¥¢¥¢¥¢¥¢¥¢¥¢¥¢¥¢¥¢¥,0.19444444444444442,0.19444444444444442,0.6666666666666666,623169,17338591.88780342,,16715422.88780342
1-736351222,5,¢¥¢¥¢¥¥¤,¢¥¢¥¢¥¢¥¢¥¢¥¢¥¢¥¢¥¢¥¢¥¢¥¢¥¢¥¢¥¢¥¢¥¢¥,0.19444444444444442,0.19444444444444442,0.6666666666666666,623406,17338906.10993163,,16715500.10993163
1-739695919,5,¢¢¥¤¥¤,¥¤,0.33333333333333337,0.33333333333333337,0.6666666666666666,1812363,2025792.637174731,,213429.6371747309
1-741987554,5,¢¥¤,¥¤,0.6666666666666667,0.6666666666666667,0.6666666666666666,681254,5613639.422649025,,4932385.422649025
1-741995108,5,¤,¤,1.0,1.0,1.0,25,656809.5210497653,,656784.5210497653
1-746205481,5,¤,¤,1.0,1.0,1.0,504906,4175561.792943086,,3670655.792943086
1-751006831,5,¡¥¤,¢¥¢¥¢¥¢¥¢¥¢¥¢¥¢¥¢¥¢¥¢¥¢¥¢¥¢¥¢¥¢¥¢¥¢¥,0.02777777777777779,0.02777777777777779,0.25,51,4498884.768186339,,4498833.768186339
1-660268091,6,¥¢¥¤¥¤,,0.0,0.0,0.0,788661,0,,788661.0
1-660648920,6,¥§¤,¥§¥¤,0.75,0.75,1.0,4840309,10692862.953472111,,5852553.953472111
1-661184751,6,¤,§¥¤,0.33333333333333337,0.33333333333333337,0.33333333333333326,17,17179673.340963814,,17179656.340963814
1-669119156,6,¡¡¤,¤,0.33333333333333337,0.33333333333333337,0.5,517996,25900.381595398016,,492095.618404602
1-670754761,6,¥¤¥¤¥¤,¤,0.16666666666666663,0.16666666666666663,0.5,79263,781606.8698025978,,702343.8698025978
1-672506739,6,¤,¤,1.0,1.0,1.0,189,0.0,,189.0
1-675150191,6,¤,¥§¥§¥§¥§¥§¥§¥§¥§¥¢¥¢¥¢¥¢¥¢¥¥¥¥¥¥¥¥¥¥,0.0,0.0,0.0,1362409,23350802.080788545,,21988393.080788545
1-675685459,6,¤,¢¥¢¥¢¥¢¥¢¥¢¥¢¥¢¥¢¥¢¥¢¥¢¥¢¥¢¥¢¥¢¥¢¥¢¥,0.0,0.0,0.0,15,12745780.898683865,,12745765.898683865
1-675797761,6,¤,¢¥¢¥¢¥¢¥¢¥¢¥¢¥¢¥¢¥¢¥¢¥¢¥¢¥¢¥¢¥¢¥¢¥¢¥,0.0,0.0,0.0,9,12721668.184565248,,12721659.184565248
1-675826063,6,¡¡¢¥§¡¥¤,¤,0.125,0.125,0.19999999999999996,7268287,149129.1963040867,,7119157.803695913
1-677811170,6,¡¥¡¥¤,¤,0.19999999999999996,0.19999999999999996,0.33333333333333326,1994487,90891.72594105739,,1903595.2740589427
1-678755621,6,¡¥¤,¤,0.33333333333333337,0.33333333333333337,0.33333333333333326,5347991,54235.5245778416,,5293755.475422159
1-682262974,6,¥¢¥¢¥¢¥¢¥¢¥¥¢¢¥¥¥¥¢¢¥¤,¥¢¥¢¥¢¥¢¥¢¥¢¥¢¥¢¥¢¥¢¥¢¥¢¥¢¥¢¥¢¥¢¥¢¥¢,0.5833333333333333,0.5833333333333333,0.6666666666666666,6551059,13885583.817334514,,7334524.817334514
1-685134878,6,¡¢¥¤,¥¢¥¢¥¢¥¢¥¢¥¢¥¢¥¢¥¢¥¢¥¢¥¢¥¢¥¢¥¢¥¥¥¥¥¥,0.05555555555555558,0.05555555555555558,0.5,4854458,15663530.407441406,,10809072.407441406
1-686531969,6,¤¥¤,¡¥¢¥¡¥¡¥¡¥¡¥¢¥¡¥¢¥¢¥¢¥¢¥¢¢¢¢¢¢¢¢¢¥¢¥,0.02777777777777779,0.02777777777777779,0.25,477,122290985.8847579,,122290508.8847579
1-686642441,6,¤,¤,1.0,1.0,1.0,105,704590.0568868052,,704485.0568868052
1-686642543,6,£¥¤,¢¥¢¥¢¥¢¥¢¥¢¥¢¥¢¥¢¥¢¥¢¥¢¥¢¥¢¥¢¥¢¥¢¥¥¥,0.02777777777777779,0.02777777777777779,0.25,4208572,20082067.06829451,,15873495.06829451
1-687589251,6,¢¥¢¥¢¥¤,¤,0.1428571428571429,0.1428571428571429,0.33333333333333326,3283307,210208.22362857955,,3073098.7763714204
1-688280019,6,¤,§¥§¥§¥§¥§¥§¥§¥§¥¢¥¢¥¢¥¢¥¢¥¢¥¢¥¥¥¥¥¥¢,0.0,0.0,0.0,139,16564385.188375624,,16564246.188375624
1-688380091,6,§¡¤,§¥§¥§¥§¥§¥§¥§¥§¥¢¥§¢¥§¢¥¢¥¢¥¢¥¥¥¢¥¥¢,0.02777777777777779,0.02777777777777779,0.19999999999999996,2451285,18287483.76001009,,15836198.76001009
1-688564824,6,¤,¤,1.0,1.0,1.0,689589,750124.4136917628,,60535.413691762835
1-688725917,6,¤,¤,1.0,1.0,1.0,2534819,93515.19237815718,,2441303.8076218427
1-689469104,6,¥¢¥¤,¥¢¥¢¥¢¥¢¥¢¥¢¥¢¥¢¥¢¥¢¥¢¥¢¥¢¥¢¥¢¥¢¥¢¥¢,0.08333333333333337,0.08333333333333337,0.6666666666666666,1847149,17430168.06830997,,15583019.06830997
1-691093464,6,¥¤,¥¢¥¢¥¢¥¢¥¢¥¡¥¢¥¢¥¢¥¢¥¢¥¢¥¢¥¢¥¢¥¢¥¢¥¢,0.02777777777777779,0.02777777777777779,0.25,417678,9823277.200537827,,9405599.200537827
1-691221687,6,¥¢¥¤,¥¡¥¢¥¢¥¢¥¡¥§¥¢¥¡¥¢¥¢¥¢¥¢¥¢¥¢¥¢¥¢¥¢¥¢,0.08333333333333337,0.08333333333333337,0.4,1120875,25772547.29775121,,24651672.29775121
1-693732401,6,¤,¥¤,0.5,0.5,0.5,4923134,5112716.836781345,,189582.8367813453
1-694222066,6,¥¤,¥¤,1.0,1.0,1.0,5010,912764.3639908407,,907754.3639908407
1-694385837,6,¤¥¤,¢¥¢¥¢¥¢¥¢¥¢¥¢¥¢¥¢¥¢¥¢¥¢¥¢¥¢¥¢¥¢¥¥¥,0.02941176470588236,0.02941176470588236,0.33333333333333326,14042,12123061.595210379,,12109019.595210379
1-694828073,6,¡¢¥¡¥¡¢¥¥¤,¤,0.09999999999999998,0.09999999999999998,0.25,4252912,2935408.890519088,,1317503.1094809119
1-696097603,6,¡¥¢¡§¤,¤,0.16666666666666663,0.16666666666666663,0.19999999999999996,2485765,294984.82623107865,,2190780.1737689213
1-696680265,6,§¤,¥¢¥¢¥¢¥¢¥¢¥¢¥¢¥¢¥¢¥¢¥¢¥¢¥¢¥¢¥¢¥¢¥¢¥¢,0.0,0.0,0.0,2109645,15715224.732640704,,13605579.732640704
1-697458590,6,¥¥¡§¤,¥¤,0.4,0.4,0.5,4574857,3253599.9595360127,,1321257.0404639873
1-697987547,6,¥¤,¡¥¤,0.6666666666666667,0.6666666666666667,0.6666666666666666,4934788,8609018.8516924,,3674230.851692401
1-698842669,6,¤,¢¥¢¥¢¥¢¥¢¥¢¥¢¥¢¥¢¥¢¥¢¥¢¥¢¥¢¥¢¥¢¥¥¥¥,0.0,0.0,0.0,2689770,18080981.173521783,,15391211.173521783
1-698998499,6,¥§¤,¥¢¥¢¥¢¥¢¥¢¥¢¥¢¥¢¥¢¥¢¥¢¥¢¥¢¥¢¥¢¥¢¥¢¥¢,0.02777777777777779,0.02777777777777779,0.25,1906857,17900361.116493125,,15993504.116493125
1-699103215,6,¥¡¢¥¢¥¥¤,¥¢¥¢¥¢¥¢¥¢¥¢¥¢¥¢¥¢¥¢¥¢¥¢¥¢¥¢¥¢¥¢¥¢¥¢,0.16666666666666663,0.16666666666666663,0.5,621368,13544523.794337079,,12923155.794337079
1-699661601,6,¥¤,¥§¥§¥§¥§¥§¥§¥§¥§¢¥¢¥¢¥¢¥¢¥¢¥¢¥¥¥¢¥¥¥,0.02777777777777779,0.02777777777777779,0.25,260203,24216477.663865756,,23956274.663865756
1-700498223,6,¢¡¢¥¡¢¥¥¢¥§¥¤,§¥§¥§¥§¥§¥§¥§¥§¥¢¥¢¥¢¥¢¥¢¥¢¥¢¥¥¥¥¥¥¥,0.25,0.25,0.6,2259833,31683986.233367827,,29424153.233367827
1-700842031,6,¤,¥¤,0.5,0.5,0.5,4839089,4715775.211864368,,123313.78813563194
1-703190797,6,¥¢¥¢¥¤,¥¢¥¢¥¢¥¢¥¢¥¢¥¢¥¢¥¢¥¢¥¢¥¢¥¢¥¢¥¢¥¥¥¥¢¥,0.13888888888888884,0.13888888888888884,0.6666666666666666,1320063,15054444.491706429,,13734381.491706429
1-703540157,6,§¢¥¢¥¢¥§¥¢¥¤,¤,0.08333333333333337,0.08333333333333337,0.25,3912626,121862.66621725255,,3790763.3337827474
1-704650867,6,¤,¥¢¥¢¥¢¥¢¥¢¥¢¥¢¥¢¥¢¥¢¥¢¥¢¥¢¥¢¥¢¥¢¥¢¥¢,0.0,0.0,0.0,1206332,22945207.998049844,,21738875.998049844
1-704703712,6,¤,¤,1.0,1.0,1.0,31,1092606.1660568903,,1092575.1660568903
1-704977245,6,¤,¢¥¢¥¢¥¢¥¢¥¢¥¢¥¢¥¢¥¢¥¢¥¢¥¢¥¢¥¢¥¢¥¥¥¢¥,0.0,0.0,0.0,30,17418925.946548726,,17418895.946548726
1-707300171,6,¡¢¥¥¥§¤,¥¢¥¢¥¢¥¢¥¢¥¢¥¢¥¢¥¢¥¢¥¢¥¢¥¢¥¢¥¢¥¢¥¥¥¢,0.11111111111111116,0.11111111111111116,0.4,3620970,14843886.46437323,,11222916.46437323
1-707660543,6,¤,¤,1.0,1.0,1.0,17,124405.70602216084,,124388.70602216084
1-708131711,6,¤,¥¤,0.5,0.5,0.5,1723662,3855241.105230588,,2131579.105230588
1-709552565,6,¤,¤,1.0,1.0,1.0,147754,282182.63638697384,,134428.63638697384
1-709663551,6,¥¤,§¤,0.5,0.5,0.33333333333333326,488,4669754.307675802,,4669266.307675802
1-710114300,6,¢¥¢¥¤,¤,0.19999999999999996,0.19999999999999996,0.33333333333333326,2914402,308610.85226412304,,2605791.147735877
1-719199254,6,¤¥¤,¢¥¢¥¢¥¢¥¢¥¡¥¢¥¢¥¢¥¢¥¢¥¢¥¢¥¢¥¢¥¢¥¢¥¢¥,0.02777777777777779,0.02777777777777779,0.25,72073,9419039.818768542,,9346966.818768542
1-720069371,6,¤,¥§¥§¥§¥§¥§¥§¥§¢¥¢¥¢¥¢¥¢¥¢¥¢¥¢¥¢¥¢¥¢¥,0.0,0.0,0.0,2145907,23634408.102926936,,21488501.102926936
1-722674364,6,¢¡¢¡¥¤,¤,0.16666666666666663,0.16666666666666663,0.25,1095907,353635.77905098884,,742271.2209490112
1-726517211,6,¡¥¤,¥¤,0.6666666666666667,0.6666666666666667,0.6666666666666666,1633193,3235708.3159670876,,1602515.3159670876
1-728470722,6,¥¡¥¤,¥§¥§¥§¥§¥§¥§¥§¥¢¥¢¥¢¥¢¥¢¥¢¥¢¥¥¥¥¥¥¥¥,0.05555555555555558,0.05555555555555558,0.19999999999999996,3205224,32739748.351877082,,29534524.351877082
1-732289301,6,¤,¤,1.0,1.0,1.0,34,613028.3544010007,,612994.3544010007
1-733562890,6,¤,¢¥¡¥¡¥¡¥¡¥¡¥¡¥¢¥¢¥¢¥¢¥¢¥¢¥¢¥¢¥¢¥¢¥¢¢,0.0,0.0,0.0,43,96173062.2120532,,96173019.2120532
1-736351127,6,¥¢¥¢¥¥¤,¥¢¥¢¥¢¥¢¥¢¥¢¥¢¥¢¥¢¥¢¥¢¥¢¥¢¥¢¥¢¥¢¥¢¥¢,0.16666666666666663,0.16666666666666663,0.6666666666666666,623159,17462326.513025016,,16839167.513025016
1-736351222,6,¥¢¥¢¥¥¤,¥¢¥¢¥¢¥¢¥¢¥¢¥¢¥¢¥¢¥¢¥¢¥¢¥¢¥¢¥¢¥¢¥¢¥¢,0.16666666666666663,0.16666666666666663,0.6666666666666666,623352,17462292.21974706,,16838940.21974706
1-739695919,6,¢¥¤¥¤,¥§¥§¥§¥§¥§¥§¥§¥¢¥¢¥¢¥¢¥¢¥¢¥¢¥¥¥¥¥¥¥¥,0.08333333333333337,0.08333333333333337,0.5,1810373,25652633.643055487,,23842260.643055487
1-741987554,6,¥¤,¥¢¥¢¥¢¥¢¥¢¥¢¥¢¥¢¥¢¥¢¥¢¥¢¥¢¥¢¥¢¥¢¥¢¥¢,0.02777777777777779,0.02777777777777779,0.33333333333333326,674700,16957238.79690103,,16282538.796901029
1-751006831,6,¥¤,¥¢¥¢¥¢¥¢¥¡¥¢¥¡¥¢¥¢¥¢¥¢¥¢¥¢¥¢¥¢¥¢¥¢¥¢,0.02777777777777779,0.02777777777777779,0.25,3,26516337.02523895,,26516334.02523895
1-660268091,7,¢¥¤¥¤,¢¥¢¥¢¥¢¥¢¥¢¥¢¥¢¥¢¥¢¥¢¥¢¥¢¥¢¥¢¥¢¥¢¥¢¥,0.08333333333333337,0.08333333333333337,0.6666666666666666,602589,12890137.501335798,,12287548.501335798
1-660648920,7,§¤,§¥¤,0.6666666666666667,0.6666666666666667,0.6666666666666666,4839873,10700036.137928447,,5860163.137928447
1-669119156,7,¡¤,¥¤,0.5,0.5,0.33333333333333326,517961,2907962.734818938,,2390001.734818938
1-670754761,7,¤¥¤¥¤,¤,0.19999999999999996,0.19999999999999996,0.5,3180,873088.9431743028,,869908.9431743028
1-675826063,7,¡¢¥§¡¥¤,¥¤,0.2857142857142857,0.2857142857142857,0.4,7268227,3444432.2970790835,,3823794.7029209165
1-677811170,7,¥¡¥¤,¥¤,0.5,0.5,0.6666666666666666,1994446,3359621.6465888144,,1365175.6465888144
1-678755621,7,¥¤,¥¤,1.0,1.0,1.0,5347952,2946562.978552495,,2401389.021447505
1-682262974,7,¢¥¢¥¢¥¢¥¢¥¥¢¢¥¥¥¥¢¢¥¤,¤,0.04761904761904767,0.04761904761904767,0.33333333333333326,6399866,126123.74403476443,,6273742.255965236
1-685134878,7,¢¥¤,¥¤,0.6666666666666667,0.6666666666666667,0.6666666666666666,4853689,3040867.8978842767,,1812821.1021157233
1-686531969,7,¥¤,,0.0,0.0,0.0,452,0,,452.0
1-686642543,7,¥¤,¥¤,1.0,1.0,1.0,4208391,1132315.3280234705,,3076075.6719765295
1-687589251,7,¥¢¥¢¥¤,¥¢¥¢¥¢¥¢¥¢¥¢¥¢¥¢¥¢¥¢¥¢¥¢¥¢¥¢¥¢¥¥¥¢¥¢,0.13888888888888884,0.13888888888888884,0.6666666666666666,3283282,14603820.574377209,,11320538.574377209
1-688380091,7,¡¤,¥§¥§¥§¥§¥§¥§¥§¥§¥¢¥¢¥¢¥¢¥¢¥¢¥¥¥¢¥¥¢¥,0.0,0.0,0.0,2450895,16781241.522818334,,14330346.522818334
1-689469104,7,¢¥¤,¢¥¢¥¢¥¢¥¢¥¢¥¢¥¢¥¢¥¢¥¢¥¢¥¢¥¢¥¢¥¢¥¢¥¢¥,0.05555555555555558,0.05555555555555558,0.6666666666666666,1763292,17687836.10280755,,15924544.102807552
1-691093464,7,¤,¢¥¢¥¢¥¢¥¢¥¡¥¢¥¢¥¢¥¢¥¢¥¢¥¢¥¢¥¢¥¢¥¢¥¢¥,0.0,0.0,0.0,216,9715790.65679283,,9715574.65679283
1-691221687,7,¢¥¤,¡¥¢¥¢¥¢¥¡¥§¥¢¥¢¥¢¥¢¥¢¥¢¥¢¥¢¥¢¥¢¥¢¥¢¥,0.05555555555555558,0.05555555555555558,0.4,1120404,18579384.33838958,,17458980.33838958
1-694222066,7,¤,¤,1.0,1.0,1.0,30,111916.69539799326,,111886.69539799326
1-694385837,7,¥¤,,0.0,0.0,0.0,14041,0,,14041.0
1-694828073,7,¢¥¡¥¡¢¥¥¤,¥¤,0.2222222222222222,0.2222222222222222,0.5,3728789,1212252.3454540975,,2516536.6545459023
1-696097603,7,¥¢¡§¤,¥¤,0.4,0.4,0.4,2485755,2906419.5986586446,,420664.5986586446
1-696680265,7,¤,¥¢¥¢¥¢¥¢¥¢¥¢¥¢¥¢¥¢¥¢¥¢¥¢¥¢¥¢¥¢¥¥¥¥¢¥,0.0,0.0,0.0,2109549,18366404.003221076,,16256855.003221076
1-697458590,7,¥¡§¤,¤,0.25,0.25,0.25,4500385,1037069.5827334212,,3463315.417266579
1-697987547,7,¤,¢¥¢¥¢¥¡¥¢¥¡¥¢¥¢¥¢¥¢¥¢¥¢¥¢¥¢¥¢¥¢¥¥¢¥¢,0.0,0.0,0.0,4934758,21410076.404149316,,16475318.404149316
1-698998499,7,§¤,¢¥¢¥¢¥¢¥¢¥¢¥¢¥¢¥¢¥¢¥¢¥¢¥¢¥¢¥¢¥¢¥¢¥¢¥,0.0,0.0,0.0,1906153,17690193.259549495,,15784040.259549495
1-699103215,7,¡¢¥¢¥¥¤,¢¥¢¥¢¥¢¥¢¥¢¥¢¥¢¥¢¥¢¥¢¥¢¥¢¥¢¥¢¥¢¥¢¥¢¥,0.13888888888888884,0.13888888888888884,0.5,547623,13322855.11303271,,12775232.11303271
1-699661601,7,¤,§¥§¥§¥§¥§¥§¥§¥§¢¥¢¥¢¥¢¥¢¥¢¥¢¥¥¥¢¥¥¥¥,0.0,0.0,0.0,59,24101110.046336535,,24101051.046336535
1-700498223,7,¡¢¥¡¢¥¥¢¥§¥¤,¥§¥§¥§¥§¥§¥§¥§¥¢¥¢¥¢¥¢¥¢¥¢¥¢¥¥¥¥¥¥¥¥,0.2222222222222222,0.2222222222222222,0.6,1921669,26310542.328078527,,24388873.328078527
1-703190797,7,¢¥¢¥¤,¢¥¢¥¢¥¢¥¢¥¢¥¢¥¢¥¢¥¢¥¢¥¢¥¢¥¢¥¢¥¥¥¥¢¥¥,0.11111111111111116,0.11111111111111116,0.6666666666666666,1313850,15205123.327010637,,13891273.327010637
1-703540157,7,¢¥¢¥¢¥§¥¢¥¤,¥¤,0.18181818181818177,0.18181818181818177,0.5,1496587,7443381.070624976,,5946794.070624976
1-707300171,7,¢¥¥¥§¤,¥¤,0.33333333333333337,0.33333333333333337,0.5,3105717,2590466.6107977917,,515250.38920220826
1-709663551,7,¤,§¤,0.5,0.5,0.5,46,7255959.472570809,,7255913.472570809
1-710114300,7,¥¢¥¤,¥¢¥¢¥¢¥¢¥¢¥¢¥¢¥¢¥¢¥¢¥¢¥¢¥¢¥¢¥¢¥¥¥¥¥¥,0.08333333333333337,0.08333333333333337,0.6666666666666666,2913718,19267953.05432807,,16354235.05432807
1-719199254,7,¥¤,,0.0,0.0,0.0,72066,0,,72066.0
1-722674364,7,¡¢¡¥¤,¥¢¥¢¥¢¥¢¥¢¥¢¥¢¥¢¥¢¥¢¥¢¥¢¥¢¥¢¥¢¥¥¢¥¥¢,0.05555555555555558,0.05555555555555558,0.5,1095660,18701446.629519995,,17605786.629519995
1-726517211,7,¥¤,¥¤,1.0,1.0,1.0,90489,2055406.7537864107,,1964917.7537864107
1-728470722,7,¡¥¤,§¥§¥§¥§¥§¥§¥§¥¢¥¢¥¢¥¢¥¢¥¢¥¢¥¥¥¥¥¥¥¥¥,0.02777777777777779,0.02777777777777779,0.19999999999999996,1801785,33893641.758828,,32091856.758828
1-736351127,7,¢¥¢¥¥¤,¢¥¢¥¢¥¢¥¢¥¢¥¢¥¢¥¢¥¢¥¢¥¢¥¢¥¢¥¢¥¢¥¢¥¢¥,0.13888888888888884,0.13888888888888884,0.6666666666666666,623019,17817284.638419926,,17194265.638419926
1-736351222,7,¢¥¢¥¥¤,¢¥¢¥¢¥¢¥¢¥¢¥¢¥¢¥¢¥¢¥¢¥¢¥¢¥¢¥¢¥¢¥¢¥¢¥,0.13888888888888884,0.13888888888888884,0.6666666666666666,623081,17817167.77134569,,17194086.77134569
1-739695919,7,¥¤¥¤,¥§¥§¥§¥§¥§¥¢¥§¥¢¥¢¥¢¥¢¥¢¥¢¥¢¥¥¥¥¥¥¥¥,0.05555555555555558,0.05555555555555558,0.25,1637561,25716497.051429003,,24078936.051429003
1-741987554,7,¤,¢¥¢¥¢¥¢¥¢¥¢¥¢¥¢¥¢¥¢¥¢¥¢¥¢¥¢¥¢¥¢¥¢¥¢¥,0.0,0.0,0.0,672701,16960187.77341472,,16287486.77341472
1-751006831,7,¤,¢¥¢¥¢¥¡¥¢¥¡¥¢¥¢¥¢¥¢¥¢¥¢¥¢¥¢¥¢¥¢¥¢¥¢¢,0.0,0.0,0.0,2,21809937.252020396,,21809935.252020396
1-660268091,8,¥¤¥¤,¥¢¥¢¥¢¥¢¥¢¥¢¥¢¥¢¥¢¥¢¥¢¥¢¥¢¥¢¥¢¥¢¥¢¥¢,0.05555555555555558,0.05555555555555558,0.33333333333333326,602010,12991649.591664141,,12389639.591664141
1-660648920,8,¤,¤,1.0,1.0,1.0,1808638,10007304.132160021,,8198666.132160021
1-669119156,8,¤,¥¤,0.5,0.5,0.5,516098,1749547.7683721844,,1233449.7683721844
1-670754761,8,¥¤¥¤,,0.0,0.0,0.0,2859,0,,2859.0
1-675826063,8,¢¥§¡¥¤,¥¤,0.33333333333333337,0.33333333333333337,0.4,7268208,1863493.227100897,,5404714.772899102
1-677811170,8,¡¥¤,¤,0.33333333333333337,0.33333333333333337,0.33333333333333326,200636,637316.7678900188,,436680.76789001876
1-678755621,8,¤,¤,1.0,1.0,1.0,1718776,316009.85703556,,1402766.14296444
1-682262974,8,¥¢¥¢¥¢¥¢¥¥¢¢¥¥¥¥¢¢¥¤,¥¢¥¢¥¢¥¢¥¢¥¢¥¢¥¢¥¢¥¢¥¢¥¢¥¢¥¢¥¢¥¢¥¢¥¢,0.5277777777777778,0.5277777777777778,0.6666666666666666,6399820,14618112.34397436,,8218292.343974359
1-685134878,8,¥¤,¥¢¥¢¥¢¥¢¥¢¥¢¥¢¥¢¥¢¥¢¥¢¥¢¥¢¥¢¥¥¢¥¥¥¢¢,0.02777777777777779,0.02777777777777779,0.33333333333333326,4850419,17216112.924143754,,12365693.924143754
1-686531969,8,¤,¢¥¡¥¢¥¡¥¢¥¡¥¢¥¢¥¢¥¢¥¢¥¢¥¢¥¢¥¢¥¢¥¢¥¢¥,0.0,0.0,0.0,396,95010878.84992708,,95010482.84992708
1-686642543,8,¤,¤,1.0,1.0,1.0,667094,313964.77525772917,,353129.22474227083
1-687589251,8,¢¥¢¥¤,¤,0.19999999999999996,0.19999999999999996,0.33333333333333326,2937163,87345.0402912573,,2849817.959708743
1-688380091,8,¤,¥¤,0.5,0.5,0.5,2105438,953083.6272977294,,1152354.3727022707
1-689469104,8,¥¤,¥¢¥¢¥¢¥¢¥¢¥¢¥¢¥¢¥¢¥¢¥¢¥¢¥¢¥¢¥¢¥¢¥¢¥¢,0.02777777777777779,0.02777777777777779,0.33333333333333326,1763084,18116628.02371837,,16353544.023718368
1-691221687,8,¥¤,¥¢¥¢¥¢¥¡¥§¥¢¥¡¥¢¥¢¥¢¥¢¥¢¥¢¥¢¥¢¥¢¥¢¥¢,0.02777777777777779,0.02777777777777779,0.19999999999999996,1120382,20792808.13683401,,19672426.13683401
1-694385837,8,¤,¢¥¢¥¢¥¢¥¢¥¢¥¢¥¢¥¢¥¢¥¢¥¢¥¢¥¢¥¢¥¥¥,0.0,0.0,0.0,13325,10311425.080261802,,10298100.080261802
1-694828073,8,¥¡¥¡¢¥¥¤,¥¤,0.25,0.25,0.5,3728641,1157358.991145524,,2571282.008854476
1-696097603,8,¢¡§¤,¤,0.25,0.25,0.25,2485716,888672.5693852504,,1597043.4306147494
1-697458590,8,¡§¤,¥¢¥¢¥¢¥¢¥¢¥¢¥¢¥¢¥¢¥¢¥¢¥¢¥¢¥¢¥¢¥¢¥¥¥¢,0.0,0.0,0.0,4498945,20794928.246660024,,16295983.246660024
1-698998499,8,¤,¥¢¥¢¥¢¥¢¥¢¥¢¥¢¥¢¥¢¥¢¥¢¥¢¥¢¥¢¥¢¥¢¥¢¥¢,0.0,0.0,0.0,1206736,23462454.000180036,,22255718.000180036
1-699103215,8,¢¥¢¥¥¤,¥¤,0.33333333333333337,0.33333333333333337,0.6666666666666666,547333,3315788.5185689847,,2768455.5185689847
1-700498223,8,¢¥¡¢¥¥¢¥§¥¤,¥¤,0.18181818181818177,0.18181818181818177,0.4,1146889,1872408.8658929586,,725519.8658929586
1-703190797,8,¥¢¥¤,¥¢¥¢¥¢¥¢¥¢¥¢¥¢¥¢¥¢¥¢¥¢¥¢¥¢¥¢¥¥¥¥¢¥¥¢,0.08333333333333337,0.08333333333333337,0.6666666666666666,1313710,15487286.761615854,,14173576.761615854
1-703540157,8,¥¢¥¢¥§¥¢¥¤,¥¢¥¢¥¢¥¢¥¢¥¢¥¢¥¢¥¢¥¢¥¢¥¢¥¢¥¢¥¢¥¥¥¥¢¥,0.2222222222222222,0.2222222222222222,0.5,1423610,13520863.886452029,,12097253.886452029
1-707300171,8,¥¥¥§¤,¥¢¥¢¥¢¥¢¥¢¥¢¥¢¥¢¥¢¥¢¥¢¥¢¥¢¥¢¥¢¥¥¥¢¥¢,0.08333333333333337,0.08333333333333337,0.25,2980517,14946964.082715984,,11966447.082715984
1-710114300,8,¢¥¤,¢¥¢¥¢¥¢¥¢¥¢¥¢¥¢¥¢¥¢¥¢¥¢¥¢¥¢¥¢¥¥¢¥¥¢¥,0.05555555555555558,0.05555555555555558,0.6666666666666666,2416179,18150016.916154135,,15733837.916154135
1-719199254,8,¤,¢¥¢¥¢¥¢¥¡¥¢¥¢¥¢¥¢¥¢¥¢¥¢¥¢¥¢¥¢¥¢¥¢¥¢¥,0.0,0.0,0.0,23,9799365.276935734,,9799342.276935734
1-722674364,8,¢¡¥¤,¥¤,0.5,0.5,0.5,72369,3340695.6220546854,,3268326.6220546854
1-726517211,8,¤,¤,1.0,1.0,1.0,5,996933.6872401255,,996928.6872401255
1-728470722,8,¥¤,¥¤,1.0,1.0,1.0,1801760,8314979.820570779,,6513219.820570779
1-736351127,8,¥¢¥¥¤,¥¢¥¢¥¢¥¢¥¢¥¢¥¢¥¢¥¢¥¢¥¢¥¢¥¢¥¢¥¢¥¢¥¢¥¢,0.11111111111111116,0.11111111111111116,0.6666666666666666,11226,18094951.972760703,,18083725.972760703
1-736351222,8,¥¢¥¥¤,¥¢¥¢¥¢¥¢¥¢¥¢¥¢¥¢¥¢¥¢¥¢¥¢¥¢¥¢¥¢¥¢¥¢¥¢,0.11111111111111116,0.11111111111111116,0.6666666666666666,11111,18092461.44645477,,18081350.44645477
1-739695919,8,¤¥¤,§¥§¥§¥§¥§¥§¥¢¥¢¥§¢¥¢¥¢¥¢¥¢¥¥¥¥¥¥¥¥¥¥,0.02777777777777779,0.02777777777777779,0.25,1564587,26657002.836856645,,25092415.836856645
1-660268091,9,¤¥¤,¢¥¢¥¢¥¢¥¢¥¢¥¢¥¢¥¢¥¢¥¢¥¢¥¢¥¢¥¢¥¢¥¢¥¢¥,0.02777777777777779,0.02777777777777779,0.33333333333333326,5198,12037639.371038705,,12032441.371038705
1-670754761,9,¤¥¤,¢¥¢¥¢¥¢¥¢¥¢¥¢¥¢¥¢¥¢¥¢¥¢¥¢¥¢¥¢¥¥¥¢¥¢¥,0.02777777777777779,0.02777777777777779,0.33333333333333326,2853,13512799.996982126,,13509946.996982126
1-675826063,9,¥§¡¥¤,¥¤,0.4,0.4,0.5,94852,603267.5304741549,,508415.53047415486
1-677811170,9,¥¤,¥¤,1.0,1.0,1.0,200610,1173808.7833518279,,973198.7833518279
1-682262974,9,¢¥¢¥¢¥¢¥¥¢¢¥¥¥¥¢¢¥¤,¢¥¢¥¢¥¢¥¢¥¢¥¢¥¢¥¢¥¢¥¢¥¢¥¢¥¢¥¢¥¢¥¢¥¢¥,0.5,0.5,0.6666666666666666,6398482,13989188.104355656,,7590706.104355656
1-685134878,9,¤,¤,1.0,1.0,1.0,67,67653.76647417154,,67586.76647417154
1-687589251,9,¥¢¥¤,¥¢¥¢¥¢¥¢¥¢¥¢¥¢¥¢¥¢¥¢¥¢¥¢¥¢¥¢¥¥¥¢¥¢¥¢,0.08333333333333337,0.08333333333333337,0.6666666666666666,1709043,14289403.422318736,,12580360.422318736
1-689469104,9,¤,¢¥¢¥¢¥¢¥¢¥¢¥¢¥¢¥¢¥¢¥¢¥¢¥¢¥¢¥¢¥¢¥¢¥¢¥,0.0,0.0,0.0,1759762,18480381.362673465,,16720619.362673465
1-691221687,9,¤,¢¥¢¥¢¥¡¥§¥¢¥¡¥¢¥¢¥¢¥¢¥¢¥¢¥¢¥¢¥¢¥¢¥¢¥,0.0,0.0,0.0,1120363,21963190.721115466,,20842827.721115466
1-694828073,9,¡¥¡¢¥¥¤,¤,0.1428571428571429,0.1428571428571429,0.25,3728638,70513.42096156678,,3658124.5790384333
1-696097603,9,¡§¤,¥¢¥¢¥¢¥¢¥¢¥¢¥¢¥¢¥¢¥¢¥¢¥¢¥¢¥¢¥¥¢¥¥¥¥¢,0.0,0.0,0.0,2485698,19460727.22572984,,16975029.22572984
1-697458590,9,§¤,¥¤,0.5,0.5,0.33333333333333326,4498828,1505463.0620159572,,2993364.937984043
1-699103215,9,¥¢¥¥¤,¥¢¥¢¥¢¥¢¥¢¥¢¥¢¥¢¥¢¥¢¥¢¥¢¥¢¥¢¥¥¥¥¢¥¢¢,0.11111111111111116,0.11111111111111116,0.6666666666666666,283946,14759872.105023958,,14475926.105023958
1-700498223,9,¥¡¢¥¥¢¥§¥¤,¥§¥§¥§¥§¥§¥§¥¢¥¢¥¢¥¢¥¢¥¢¥¢¥¥¥¥¥¥¥¥¥¥,0.19444444444444442,0.19444444444444442,0.6,1146594,25263354.694660638,,24116760.694660638
1-703190797,9,¢¥¤,¢¥¢¥¢¥¢¥¢¥¢¥¢¥¢¥¢¥¢¥¢¥¢¥¢¥¢¥¥¥¥¢¥¥¢¥,0.05555555555555558,0.05555555555555558,0.6666666666666666,1309139,15219580.18285281,,13910441.18285281
1-703540157,9,¢¥¢¥§¥¢¥¤,¢¥¢¥¢¥¢¥¢¥¢¥¢¥¢¥¢¥¢¥¢¥¢¥¢¥¢¥¢¥¥¥¥¢¥¥,0.19444444444444442,0.19444444444444442,0.5,1422391,13798388.158316627,,12375997.158316627
1-707300171,9,¥¥§¤,¢¥¢¥¢¥¢¥¢¥¢¥¢¥¢¥¢¥¢¥¢¥¢¥¢¥¢¥¢¥¥¥¢¥¢¥,0.05555555555555558,0.05555555555555558,0.25,2948400,15176597.270466497,,12228197.270466497
1-710114300,9,¥¤,¥¢¥¢¥¢¥¢¥¢¥¢¥¢¥¢¥¢¥¢¥¢¥¢¥¢¥¢¥¥¢¥¥¥¥¢,0.02777777777777779,0.02777777777777779,0.33333333333333326,2416123,19321781.90602659,,16905658.90602659
1-722674364,9,¡¥¤,¥¢¥¢¥¢¥¢¥¢¥¢¥¢¥¢¥¢¥¢¥¢¥¢¥¢¥¢¥¥¥¥¥¢¥¥,0.02777777777777779,0.02777777777777779,0.25,70449,20489789.665472977,,20419340.665472977
1-728470722,9,¤,¤,1.0,1.0,1.0,70002,432669.63791630446,,362667.63791630446
1-736351127,9,¢¥¥¤,¢¥¢¥¢¥¢¥¢¥¢¥¢¥¢¥¢¥¢¥¢¥¢¥¢¥¢¥¢¥¢¥¢¥¢¥,0.08333333333333337,0.08333333333333337,0.6666666666666666,8913,18271454.07579558,,18262541.07579558
1-736351222,9,¢¥¥¤,¢¥¢¥¢¥¢¥¢¥¢¥¢¥¢¥¢¥¢¥¢¥¢¥¢¥¢¥¢¥¢¥¢¥¢¥,0.08333333333333337,0.08333333333333337,0.6666666666666666,8683,18271766.702887606,,18263083.702887606
1-739695919,9,¥¤,,0.0,0.0,0.0,1115720,0,,1115720.0
1-660268091,10,¥¤,,0.0,0.0,0.0,5144,0,,5144.0
1-670754761,10,¥¤,,0.0,0.0,0.0,2812,0,,2812.0
1-675826063,10,§¡¥¤,¤,0.25,0.25,0.25,91200,94696.37801981652,,3496.3780198165186
1-677811170,10,¤,¤,1.0,1.0,1.0,109,689267.5258296387,,689158.5258296387
1-682262974,10,¥¢¥¢¥¢¥¥¢¢¥¥¥¥¢¢¥¤,¥¢¥¢¥¢¥¢¥¢¥¢¥¢¥¢¥¢¥¢¥¢¥¢¥¢¥¢¥¢¥¢¥¢¥¢,0.4722222222222222,0.4722222222222222,0.6666666666666666,6038191,14920925.97588087,,8882734.97588087
1-687589251,10,¢¥¤,¤,0.33333333333333337,0.33333333333333337,0.33333333333333326,1708562,54490.975757433866,,1654071.0242425662
1-694828073,10,¥¡¢¥¥¤,¥¤,0.33333333333333337,0.33333333333333337,0.5,3728590,2310558.127923663,,1418031.8720763372
1-696097603,10,§¤,¥¤,0.5,0.5,0.33333333333333326,2485670,2461569.4055771036,,24100.594422896393
1-697458590,10,¤,¤,1.0,1.0,1.0,4498748,1854213.2452359255,,2644534.7547640745
1-699103215,10,¢¥¥¤,¢¥¢¥¢¥¢¥¢¥¢¥¢¥¢¥¢¥¢¥¢¥¢¥¢¥¢¥¥¥¥¢¥¢¢¥,0.08333333333333337,0.08333333333333337,0.6666666666666666,95564,14948505.439797455,,14852941.439797455
1-700498223,10,¡¢¥¥¢¥§¥¤,§¥§¥§¥§¥§¥§¥§¢¥¢¥¢¥¢¥¢¥¢¥¥¥¥¥¥¥¥¥¥¥¥,0.16666666666666663,0.16666666666666663,0.6,1060331,27502690.285343938,,26442359.285343938
1-703190797,10,¥¤,¥¢¥¢¥¢¥¢¥¢¥¢¥¢¥¢¥¢¥¢¥¢¥¢¥¢¥¥¥¥¢¥¥¢¥¢,0.02777777777777779,0.02777777777777779,0.33333333333333326,1309116,15759540.113715958,,14450424.113715958
1-703540157,10,¥¢¥§¥¢¥¤,¥¢¥¢¥¢¥¢¥¢¥¢¥¢¥¢¥¢¥¢¥¢¥¢¥¢¥¢¥¥¥¥¢¥¥¢,0.16666666666666663,0.16666666666666663,0.5,1421107,13933718.635247001,,12512611.635247001
1-707300171,10,¥§¤,¥¢¥¢¥¢¥¢¥¢¥¢¥¢¥¢¥¢¥¢¥¢¥¢¥¢¥¢¥¥¥¢¥¢¥¢,0.02777777777777779,0.02777777777777779,0.25,2941951,15972501.247102708,,13030550.247102708
1-710114300,10,¤,¤,1.0,1.0,1.0,37,97016.97162462836,,96979.97162462836
1-722674364,10,¥¤,¥¤,1.0,1.0,1.0,64412,2844174.6612313297,,2779762.6612313297
1-736351127,10,¥¥¤,¥¢¥¢¥¢¥¢¥¢¥¢¥¢¥¢¥¢¥¢¥¢¥¢¥¢¥¢¥¢¥¢¥¢¥¢,0.05555555555555558,0.05555555555555558,0.33333333333333326,8723,19542256.457357187,,19533533.457357187
1-736351222,10,¥¥¤,¥¢¥¢¥¢¥¢¥¢¥¢¥¢¥¢¥¢¥¢¥¢¥¢¥¢¥¢¥¢¥¢¥¢¥¢,0.05555555555555558,0.05555555555555558,0.33333333333333326,8638,18869291.857709855,,18860653.857709855
1-739695919,10,¤,§¥§¥§¥§¥§¥¢¥§¢¥¢¥¢¥¢¥¢¥¢¥¥¥¥¥¥¥¥¥¥¥¥,0.0,0.0,0.0,462,17470124.9516654,,17469662.9516654
1-660268091,11,¤,¢¥¢¥¢¥¢¥¢¥¢¥¢¥¢¥¢¥¢¥¢¥¢¥¢¥¢¥¢¥¢¥¢¥¢¥,0.0,0.0,0.0,242,13167928.082895555,,13167686.082895555
1-670754761,11,¤,¢¥¢¥¢¥¢¥¢¥¢¥¢¥¢¥¢¥¢¥¢¥¢¥¢¥¢¥¥¥¢¥¢¥¢¥,0.0,0.0,0.0,460,14006605.101964805,,14006145.101964805
1-675826063,11,¡¥¤,¥¤,0.6666666666666667,0.6666666666666667,0.6666666666666666,87278,3589905.609102324,,3502627.609102324
1-682262974,11,¢¥¢¥¢¥¥¢¢¥¥¥¥¢¢¥¤,¢¥¢¥¢¥¢¥¢¥¢¥¢¥¢¥¢¥¢¥¢¥¢¥¢¥¢¥¢¥¢¥¢¥¢¥,0.4444444444444444,0.4444444444444444,0.6666666666666666,5866295,12855962.440104049,,6989667.440104049
1-687589251,11,¥¤,¥¢¥¢¥¢¥¢¥¢¥¢¥¢¥¢¥¢¥¢¥¢¥¢¥¢¥¥¥¢¥¢¥¢¥¢,0.02777777777777779,0.02777777777777779,0.33333333333333326,1707644,13249390.875131086,,11541746.875131086
1-694828073,11,¡¢¥¥¤,¤,0.19999999999999996,0.19999999999999996,0.25,3728586,843841.5008422635,,2884744.4991577365
1-696097603,11,¤,¤,1.0,1.0,1.0,2324024,1784891.8684315772,,539132.1315684228
1-699103215,11,¥¥¤,¥¢¥¢¥¢¥¢¥¢¥¢¥¢¥¢¥¢¥¢¥¢¥¢¥¢¥¥¢¥¢¥¢¥¢¥,0.05555555555555558,0.05555555555555558,0.33333333333333326,95512,16365246.577210255,,16269734.577210255
1-700498223,11,¢¥¥¢¥§¥¤,¥¤,0.25,0.25,0.5,1060279,4624292.954450026,,3564013.954450026
1-703190797,11,¤,¢¥¢¥¢¥¢¥¢¥¢¥¢¥¢¥¢¥¢¥¢¥¢¥¢¥¥¢¥¢¥¥¢¢¥¥,0.0,0.0,0.0,1117,16938200.38366349,,16937083.38366349
1-703540157,11,¢¥§¥¢¥¤,¢¥¢¥¢¥¢¥¢¥¢¥¢¥¢¥¢¥¢¥¢¥¢¥¢¥¢¥¥¥¥¢¥¥¢¥,0.13888888888888884,0.13888888888888884,0.5,1397985,13897691.062182842,,12499706.062182842
1-707300171,11,§¤,¤,0.5,0.5,0.5,413251,504924.28626268567,,91673.28626268567
1-722674364,11,¤,¤,1.0,1.0,1.0,226,854728.9724427913,,854502.9724427913
1-736351127,11,¥¤,¢¥¢¥¢¥¢¥¢¥¢¥¢¥¢¥¢¥¢¥¢¥¢¥¢¥¢¥¢¥¢¥¢¥¢¢,0.02777777777777779,0.02777777777777779,0.33333333333333326,8237,18991924.251580883,,18983687.251580883
1-736351222,11,¥¤,¢¥¢¥¢¥¢¥¢¥¢¥¢¥¢¥¢¥¢¥¢¥¢¥¢¥¢¥¢¥¢¥¢¥¢¢,0.02777777777777779,0.02777777777777779,0.33333333333333326,8461,18987959.666450925,,18979498.666450925
1-675826063,12,¥¤,¥¤,1.0,1.0,1.0,86191,859716.0984616659,,773525.0984616659
1-682262974,12,¥¢¥¢¥¥¢¢¥¥¥¥¢¢¥¤,¥¢¥¢¥¢¥¢¥¢¥¢¥¢¥¢¥¢¥¢¥¢¥¢¥¢¥¢¥¢¥¢¥¢¥¢,0.41666666666666663,0.41666666666666663,0.6666666666666666,5435853,13717176.09349968,,8281323.093499679
1-687589251,12,¤,¤,1.0,1.0,1.0,214,0.0,,214.0
1-694828073,12,¢¥¥¤,¥¤,0.5,0.5,0.6666666666666666,3728422,931402.2391036088,,2797019.7608963912
1-699103215,12,¥¤,¢¥¢¥¢¥¢¥¢¥¢¥¢¥¢¥¢¥¢¥¢¥¢¥¢¥¥¥¥¢¥¢¢¥¢¢,0.02777777777777779,0.02777777777777779,0.33333333333333326,108,15183553.100569017,,15183445.100569017
1-700498223,12,¥¥¢¥§¥¤,¥§¥§¥§¥§¥§¢¥§¢¥¢¥¢¥¢¥¢¥¥¥¥¥¥¥¥¥¥¥¥¥¥,0.16666666666666663,0.16666666666666663,0.75,771837,28228438.803946745,,27456601.803946745
1-703540157,12,¥§¥¢¥¤,¥¢¥¢¥¢¥¢¥¢¥¢¥¢¥¢¥¢¥¢¥¢¥¢¥¢¥¥¥¥¢¥¥¢¥¢,0.11111111111111116,0.11111111111111116,0.5,1393040,14440931.307653096,,13047891.307653096
1-707300171,12,¤,¥¢¥¢¥¢¥¢¥¢¥¢¥¢¥¢¥¢¥¢¥¢¥¢¥¢¥¥¥¢¥¢¥¢¥¢,0.0,0.0,0.0,412283,16102724.479520055,,15690441.479520055
1-736351127,12,¤,¥¢¥¢¥¢¥¢¥¢¥¢¥¢¥¢¥¢¥¢¥¢¥¢¥¢¥¢¥¢¥¢¥¢¥¢,0.0,0.0,0.0,5900,20906823.225026906,,20900923.225026906
1-736351222,12,¤,¥¢¥¢¥¢¥¢¥¢¥¢¥¢¥¢¥¢¥¢¥¢¥¢¥¢¥¢¥¢¥¢¥¢¥¢,0.0,0.0,0.0,5958,20918764.34072193,,20912806.34072193
1-675826063,13,¤,¤,1.0,1.0,1.0,31,461842.8497182509,,461811.8497182509
1-682262974,13,¢¥¢¥¥¢¢¥¥¥¥¢¢¥¤,¢¥¢¥¢¥¢¥¢¥¢¥¢¥¢¥¢¥¢¥¢¥¢¥¢¥¢¥¢¥¢¥¢¥¢¥,0.38888888888888884,0.38888888888888884,0.6666666666666666,5354563,13295359.204473129,,7940796.204473129
1-694828073,13,¥¥¤,¥¢¥¢¥§¥¢¥¢¥¢¥¢¥¢¥¢¥¢¥¢¥¢¥¥¥¥¥¢¥¥¥¥¢¥,0.05555555555555558,0.05555555555555558,0.25,94895,20570346.293113474,,20475451.293113474
1-699103215,13,¤,¥¢¥¢¥¢¥¢¥¢¥¢¥¢¥¢¥¢¥¢¥¢¥¢¥¥¥¥¢¥¢¥¢¥¥¢,0.0,0.0,0.0,97,17647315.742246408,,17647218.742246408
1-700498223,13,¥¢¥§¥¤,§¥§¥§¥§¥§¢¥§¢¥§¢¥¢¥¢¥¢¥¥¥¥¥¥¥¥¥¥¥¥¥¥,0.13888888888888884,0.13888888888888884,0.75,770877,29801106.936488863,,29030229.936488863
1-703540157,13,§¥¢¥¤,¢¥¢¥¢¥¢¥¢¥¢¥¢¥¢¥¢¥¢¥¢¥¢¥¢¥¥¥¥¢¥¥¢¥¢¥,0.08333333333333337,0.08333333333333337,0.5,1346624,13867912.53414914,,12521288.53414914
1-682262974,14,¥¢¥¥¢¢¥¥¥¥¢¢¥¤,¥¢¥¢¥¢¥¢¥¢¥¢¥¢¥¢¥¢¥¢¥¢¥¢¥¢¥¢¥¢¥¢¥¢¢¢,0.36111111111111116,0.36111111111111116,0.6666666666666666,5100820,15007461.473961296,,9906641.473961296
1-694828073,14,¥¤,§¥¢¥¢¥¢¥¢¥¢¥¢¥¢¥¢¥¢¥¢¥¢¥¥¥¥¥¢¥¥¥¥¢¥¢,0.02777777777777779,0.02777777777777779,0.25,79293,19257997.69733435,,19178704.69733435
1-700498223,14,¢¥§¥¤,¤,0.19999999999999996,0.19999999999999996,0.25,456790,27469.467767451646,,429320.53223254834
1-703540157,14,¥¢¥¤,¥¢¥¢¥¢¥¢¥¢¥¢¥¢¥¢¥¢¥¢¥¢¥¢¥¥¢¥¢¥¥¥¥¢¥¢,0.08333333333333337,0.08333333333333337,0.6666666666666666,1346606,17199659.512432266,,15853053.512432266
1-682262974,15,¢¥¥¢¢¥¥¥¥¢¢¥¤,¢¥¢¥¢¥¢¥¢¥¢¥¢¥¢¥¢¥¢¥¢¥¢¥¢¥¢¥¢¥¢¥¢¥¢¢,0.33333333333333337,0.33333333333333337,0.6666666666666666,5100814,14358322.604614578,,9257508.604614578
1-694828073,15,¤,¥¢¥¢¥¢¥¢¥¢¥¢¥¢¥¢¥¢¥¢¥¢¥¥¥¥¥¢¥¥¥¥¢¥¥¢,0.0,0.0,0.0,32,19163064.9472216,,19163032.9472216
1-700498223,15,¥§¥¤,¥§¥§¥§¥¢¥¢¥¢¥¢¥¢¥¢¥¢¥¥¥¥¥¥¥¥¥¥¥¥¥¥¥¥,0.08333333333333337,0.08333333333333337,0.5,456662,28372213.893214587,,27915551.893214587
1-703540157,15,¢¥¤,¢¥¢¥¢¥¢¥¢¥¢¥¢¥¢¥¢¥¢¥¢¥¢¥¥¥¥¢¥¥¢¥¢¥¢¢,0.05555555555555558,0.05555555555555558,0.6666666666666666,1334431,15809533.639562948,,14475102.639562948
1-682262974,16,¥¥¢¢¥¥¥¥¢¢¥¤,¥¢¥¢¥¢¥¢¥¢¥¢¥¢¥¢¥¢¥¢¥¢¥¢¥¢¥¢¥¢¥¢¥¢¢¢,0.3055555555555556,0.3055555555555556,0.6666666666666666,5099997,16021020.223345308,,10921023.223345308
1-700498223,16,§¥¤,§¥§¥§¥§¢¥¢¥¢¥¢¥¢¥¢¥¥¥¥¥¥¥¥¥¥¥¥¥¥¥¥¥¥,0.05555555555555558,0.05555555555555558,0.5,453222,31412141.517268512,,30958919.517268512
1-703540157,16,¥¤,¥¢¥¢¥¢¥¢¥¢¥¢¥¢¥¢¥¢¥¢¥¢¥¥¥¥¢¥¥¢¥¢¥¢¢¥,0.02777777777777779,0.02777777777777779,0.33333333333333326,1332826,16796179.95689293,,15463353.95689293
1-682262974,17,¥¢¢¥¥¥¥¢¢¥¤,¢¥¢¥¢¥¢¥¢¥¢¥¢¥¢¥¢¥¢¥¢¥¢¥¢¥¢¥¢¥¢¥¢¢¢¢,0.2777777777777778,0.2777777777777778,0.6666666666666666,5098045,16035405.363906754,,10937360.363906754
1-700498223,17,¥¤,¥§¥§¥§¢¥¢¥¢¥¢¥¢¥¢¥¥¥¥¥¥¥¥¥¥¥¥¥¥¥¢¥¢¢,0.02777777777777779,0.02777777777777779,0.25,449365,31135248.572994977,,30685883.572994977
1-703540157,17,¤,¢¥¢¥¢¥¢¥¢¥¢¥¢¥¢¥¢¥¢¥¢¥¥¥¥¢¥¥¥¥¢¥¢¢¥¥,0.0,0.0,0.0,841108,16217573.710289534,,15376465.710289534
1-682262974,18,¢¢¥¥¥¥¢¢¥¤,¢¥¢¥¢¥¢¥¢¥¢¥¢¥¢¥¢¥¢¥¥¢¥¢¥¢¥¢¥¢¢¢¥¢¥¢,0.25,0.25,0.6666666666666666,5097739,18188651.023732822,,13090912.023732822
1-700498223,18,¤,§¥§¥¢¥¢¥¢¥¢¥¢¥¢¥¢¥¥¥¥¥¥¥¥¥¥¥¥¥¥¥¥¢¢¢,0.0,0.0,0.0,958,28682494.13488771,,28681536.13488771
1-682262974,19,¢¥¥¥¥¢¢¥¤,¥¢¥¢¥¢¥¢¥¢¥¢¥¢¥¢¥¢¥¥¢¥¢¥¢¥¢¥¢¥¢¢¢¥¢¢,0.2222222222222222,0.2222222222222222,0.6666666666666666,5097617,18312120.750252813,,13214503.750252813
1-682262974,20,¥¥¥¥¢¢¥¤,¥¢¥¢¥¢¥¢¥¢¥¢¥¢¥¢¥¢¥¢¥¢¥¢¥¢¥¢¥¢¢¢¢¢¢¢,0.19444444444444442,0.19444444444444442,0.6666666666666666,3266607,17225863.871115774,,13959256.871115774
1-682262974,21,¥¥¥¢¢¥¤,¢¥¢¥¢¥¢¥¢¥¢¥¢¥¢¥¢¥¢¥¢¥¢¥¢¥¢¥¢¢¢¢¢¢¢¢,0.16666666666666663,0.16666666666666663,0.6666666666666666,3266606,18193901.698807303,,14927295.698807303
1-682262974,22,¥¥¢¢¥¤,¢¥¢¥¢¥¢¥¢¥¢¥¢¥¢¥¥¥¥¥¥¢¥¢¥¢¥¢¢¢¢¢¢¢¥¢,0.13888888888888884,0.13888888888888884,0.6666666666666666,3266560,19898226.081082825,,16631666.081082825
1-682262974,23,¥¢¢¥¤,¢¥¢¥¢¥¢¥¢¥¢¥¢¥¢¥¢¥¢¥¢¥¢¥¢¢¢¥¢¥¢¢¢¢¢¢,0.11111111111111116,0.11111111111111116,0.6666666666666666,3266325,19877029.89062631,,16610704.890626311
1-682262974,24,¢¢¥¤,¢¥¢¥¢¥¢¥¢¥¢¥¢¥¥¥¥¢¥¢¥¢¥¢¥¢¢¢¢¢¢¢¢¢¢¢,0.08333333333333337,0.08333333333333337,0.6666666666666666,3266132,23331469.383375093,,20065337.383375093
1-682262974,25,¢¥¤,¥¢¥¢¥¢¥¢¥¢¥¢¥¥¥¥¢¥¢¥¢¥¢¥¢¥¢¢¢¢¢¢¢¢¢¢,0.05555555555555558,0.05555555555555558,0.6666666666666666,3265948,22903150.574735414,,19637202.574735414
1-682262974,26,¥¤,¥¢¥¢¥¢¥¢¥¢¥¢¥¢¥¢¥¢¥¢¥¢¥¢¥¢¢¢¢¢¢¢¢¢¢¢,0.02777777777777779,0.02777777777777779,0.33333333333333326,1810330,22006355.89705955,,20196025.89705955
1-682262974,27,¤,¢¥¢¥¢¥¢¥¢¥¢¥¢¥¢¥¢¥¢¥¢¥¢¥¢¢¢¢¢¢¢¢¢¢¢¢,0.0,0.0,0.0,1646156,22420689.30574446,,20774533.30574446
