CaseID;Prefix length;Groud truth;Predicted;Levenshtein;Damerau_Levenshtein;Jaccard;Ground truth times;Predicted times;MAE;MAE_days
1-659239126;2;¤;¥¤;0,5;0,5;0,5;6756908;15296806,27;8539898,269;98,84141515
1-659716213;2;¤;¤;1;1;1;184;2513782,233;2513598,233;29,09257214
1-659718901;2;¥¥¤;¤;0,333333333;0,333333333;0,5;7858237;2816560,875;5041676,125;58,35273293
1-659922661;2;¥§¥¤;¥¢¥¡¥¤;0,5;0,5;0,4;3036348;4650874,941;1614526,941;18,68665441
1-659934601;2;§¤;¤;0,5;0,5;0,5;4655093;2723817,616;1931275,384;22,35272436
1-660268091;2;¥¡¥¤¥¢¥¤¥¤;¥¢¥¤;0,4;0,4;0,75;2339362;2394593,571;55231,57117;0,639254296
1-660374694;2;¥¤;¤;0,5;0,5;0,5;7923481;2829144,26;5094336,74;58,96223079
1-660393401;2;¤;¤;1;1;1;590413;12953636,16;12363223,16;143,0928606
1-660509893;2;¥¤;¥¡¥¤;0,5;0,5;0,666666667;3069417;4414486,916;1345069,916;15,56793884
1-660636558;2;¢¥¤;¤;0,333333333;0,333333333;0,333333333;2846121;2635788,401;210332,5987;2,434405078
1-660648920;2;¢¥¥¢¥§¤;¤;0,142857143;0,142857143;0,25;6666678;10929209,63;4262531,626;49,33485678
1-660786538;2;¤;¤;1;1;1;5441352;11221112,34;5779760,345;66,89537436
1-660903884;2;¤;¤;1;1;1;11;2927648,667;2927637,667;33,88469522
1-661134924;2;¥¥¤;¥¢¥¡¥¤;0,5;0,5;0,5;1937935;4927063,583;2989128,583;34,59639563
1-661184751;2;§¥¢¥¤;¥¤;0,4;0,4;0,5;5379230;14470133,51;9090903,508;105,2187906
1-661706786;2;¤;¤;1;1;1;6537136;12101404,49;5564268,488;64,40125565
1-662272981;2;¤;¤;1;1;1;777343;11171930,2;10394587,2;120,3077222
1-663582660;2;¥¢¥¤;¥¡¥¤;0,75;0,75;0,5;87253;4717449,237;4630196,237;53,59023422
1-663749238;2;¤;¤;1;1;1;1551305;11562783,21;10011478,21;115,8735904
1-663891165;2;¥§¤;¥§¤;1;1;1;3292134;24360920,17;21068786,17;243,8516918
1-664730121;2;¤;¤;1;1;1;621307;11077972,23;10456665,23;121,026218
1-669119156;2;¥§¢¥¡¡¤;¤;0,142857143;0,142857143;0,2;1968731;11992150,54;10023419,54;116,0118002
1-670754761;2;¢¡¥¥¥¤¥¤¥¤;¤;0,1;0,1;0,25;3815124;10819332,37;7004208,369;81,0672265
1-671933304;2;¤;¤;1;1;1;4584747;12318758,05;7734011,052;89,5140168
1-672299434;2;¤;¤;1;1;1;3752001;2807142,846;944858,1543;10,93585827
1-672506739;2;¢¥¢¥¤;¤;0,2;0,2;0,333333333;4919149;11034064,13;6114915,129;70,77448066
1-672740630;2;¤;¤;1;1;1;1814645;2687645,845;873000,8449;10,10417645
1-672807011;2;¤;¤;1;1;1;51;2187350,91;2187299,91;25,31597119
1-672860819;2;¤;¤;1;1;1;211937;2955041,908;2743104,908;31,7488994
1-672862385;2;¥¢¥¤;¥¢¥¡¥¤;0,666666667;0,666666667;0,75;7879252;4840134,415;3039117,585;35,17497205
1-672975080;2;¤;¤;1;1;1;72811;2897332,276;2824521,276;32,69121847
1-673197539;2;¤;¤;1;1;1;183882;16790639,39;16606757,39;192,2078402
1-673224718;2;¥§¤;¥¢¥¡¥¤;0,333333333;0,333333333;0,4;7785917;4115289,574;3670627,426;42,48411373
1-673359575;2;§¥¤;¤;0,333333333;0,333333333;0,333333333;3886517;11240426,92;7353909,925;85,1146982
1-673429845;2;¢¥¤;¥§¥§¥§¥§¥§¥§¥§¥¢¥¢¥§¥¢¥¢¥¢¥¢¥¤;0,1;0,1;0,75;67897;19156804,34;19088907,34;220,9364275
1-673487817;2;¤;¤;1;1;1;34021;11497210,62;11463189,62;132,6758058
1-675046360;2;¤;¤;1;1;1;1391771;11955233,25;10563462,25;122,2622946
1-675150191;2;¥§¥§¤;¥¤;0,4;0,4;0,666666667;6211946;14633862,29;8421916,291;97,475883
1-675150672;2;¥¡¥¤;¥¢¥¡¥¤;0,666666667;0,666666667;0,75;6061227;4663641,759;1397585,241;16,17575511
1-675685459;2;¤¥¢¥¤;¤;0,2;0,2;0,333333333;2258444;11391660,17;9133216,175;105,7085205
1-675758382;2;¤;¤;1;1;1;1391659;11961245,44;10569586,44;122,3331764
1-675797761;2;¤¥¢¥¤;¤;0,2;0,2;0,333333333;2157923;11599570,92;9441647,924;109,2783325
1-675826063;2;¥¡¢¥¡¡¢¥§¡¥¤;¥¢¥¡¥¤;0,5;0,5;0,8;7339969;3957100,96;3382868,04;39,15356528
1-675828021;2;¤;¤;1;1;1;3023432;3428655,984;405223,9843;4,69009241
1-677811170;2;¥¡¢¥¡¥¡¥¤;¥¢¥¡¥¤;0,666666667;0,666666667;1;2444735;4776811,485;2332076,485;26,99162598
1-678370811;2;¤;¤;1;1;1;84509;2713539,23;2629030,23;30,42859062
1-678626550;2;¤;¤;1;1;1;199;4378439,683;4378240,683;50,67408198
1-678755621;2;¥§¢¥¡¥¤;¥¢¥¡¥¤;0,857142857;0,857142857;0,8;8906656;4480331,774;4426324,226;51,23060447
1-681864502;2;¥¤;¥¤;1;1;1;8808258;14144329,91;5336071,907;61,76009152
1-681929091;2;¥¡¥¤;¥¢¥¡¥¤;0,666666667;0,666666667;0,75;5891545;4393525,303;1498019,697;17,33819093
1-682059903;2;¥¤;¥¡¥¤;0,5;0,5;0,666666667;4025682;4334377,654;308695,6536;3,572866361
1-682262974;2;¥¢¥¢¥¢¥¢¥¢¥¢¥¢¥¥¢¢¥¥¥¥¢¢¥¤;¥¢¥¢¥¤;0,230769231;0,230769231;1;6891707;3066035,591;3825671,409;44,27860427
1-682342767;2;¥¤;¥¡¥¤;0,5;0,5;0,666666667;3012998;4280822,626;1267824,626;14,67389613
1-682357851;2;¤;¤;1;1;1;23;2753989,714;2753966,714;31,87461475
1-682409211;2;¤;¤;1;1;1;2699231;11782139,2;9082908,202;105,1262523
1-682409241;2;¤;¤;1;1;1;4978805;11817410,37;6838605,371;79,15052513
1-683298971;2;§¤;¥¤;0,5;0,5;0,333333333;6651399;15372030,26;8720631,261;100,9332322
1-683752875;2;¥§¤;¥¢¥¡¥¤;0,333333333;0,333333333;0,4;94976;4774674,582;4679698,582;54,16317803
1-685134878;2;¢¢¡¢¡¢¥¤;¤;0,125;0,125;0,25;5636937;2866505,707;2770431,293;32,065177
1-685300128;2;¤;¤;1;1;1;3614312;13610037,41;9995725,405;115,6912663
1-686405886;2;¤;¤;1;1;1;1139499;2423894,394;1284395,394;14,86568743
1-686477306;2;¤;¤;1;1;1;91;3253694,964;3253603,964;37,65745328
1-686531969;2;¢¥¤¥¤¥¤;¤;0,142857143;0,142857143;0,333333333;3133;2938110,363;2934977,363;33,96964541
1-686557724;2;¥¤;¥¤;1;1;1;7335696;14657608,71;7321912,712;84,74436009
1-686642441;2;¥¡¡¥¤;¤;0,2;0,2;0,333333333;5263002;2734499,677;2528502,323;29,26507319
1-686642543;2;¥¢¢¥£¥¤;¤;0,142857143;0,142857143;0,25;4210898;2728264,916;1482633,084;17,16010514
1-686945977;2;§¤;¤;0,5;0,5;0,5;6023413;11423592,99;5400179,985;62,50208316
1-686966285;2;¤;¤;1;1;1;2343678;11275025,71;8931347,711;103,37208
1-687129760;2;¤;¤;1;1;1;100;2647994,368;2647894,368;30,64692555
1-687589251;2;¢¥¢¥¢¥¢¥¢¥¤;¥¢¥¤;0,363636364;0,363636364;1;4477880;1854174,835;2623705,165;30,36695793
1-687649700;2;¤;¥¤;0,5;0,5;0,5;2889;13223831,45;13220942,45;153,0201672
1-687668119;2;¥¡§¤;¥¢¥¤;0,5;0,5;0,4;1619254;1676196,371;56942,37125;0,659055223
1-688280019;2;¢¥§¥¤;¤;0,2;0,2;0,25;1312533;2471200,735;1158667,735;13,41050619
1-688342754;2;§¤;¥¤;0,5;0,5;0,333333333;3702871;15850235,19;12147364,19;140,594493
1-688380091;2;¢¥§¥§¡¤;¤;0,142857143;0,142857143;0,2;3128595;15135024,45;12006429,45;138,9633039
1-688509388;2;¤;¤;1;1;1;510200;2682852,291;2172652,291;25,14643856
1-688515611;2;¡¥¤;¥¤;0,666666667;0,666666667;0,666666667;6136986;14336407,01;8199421,01;94,90070614
1-688564824;2;¢¥¡¥¤;¤;0,2;0,2;0,25;2766731;2611536,957;155194,0431;1,796227351
1-688725917;2;¥¥¢¥¤;¥¡¥¤;0,6;0,6;0,5;3124367;4685131,278;1560764,278;18,06440137
1-689160381;2;¤;¤;1;1;1;4223652;14289509,74;10065857,74;116,5029831
1-689176751;2;¥¤;;0;0;0;1230322;0;1230322;14,23983796
1-689252781;2;¤;¤;1;1;1;2668898;11042908,18;8374010,179;96,92141411
1-689469104;2;¥¢¥¢¥¢¥¤;¥¢¥¡¥¤;0,625;0,625;0,75;1908071;3909698,301;2001627,301;23,16698265
1-689525975;2;¤;¤;1;1;1;2645720;11346042,15;8700322,154;100,6981731
1-690184941;2;¤;¤;1;1;1;454155;10966927,88;10512772,88;121,675612
1-690190570;2;¤;¤;1;1;1;4057611;13035122,15;8977511,151;103,9063791
1-690327837;2;¥¤;;0;0;0;9;0;9;0,000104167
1-690419865;2;¤;¤;1;1;1;1284636;12572388,91;11287752,91;130,6452883
1-690447511;2;§¤;¢¥¡¥¤;0,2;0,2;0,2;4334674;6708419,484;2373745,484;27,47390606
1-690762471;2;¢¥¤;¤;0,333333333;0,333333333;0,333333333;9000;3474718,661;3465718,661;40,11248451
1-690931471;2;¥¤;¥¢¥¡¥¤;0,333333333;0,333333333;0,5;267337;4675650,795;4408313,795;51,02215041
1-691093464;2;¥¢¥¢¥¤;;0;0;0;2729182;0;2729182;31,58775463
1-691221687;2;¥¢¥¢¥¢¥¤;¤;0,125;0,125;0,333333333;2605113;2553406,716;51706,28364;0,598452357
1-691767241;2;¤;¥¤;0,5;0,5;0,5;5906162;14127210,14;8221048,144;95,15102018
1-691786096;2;¥¡¡¤;¥¢¥¡¥¤;0,5;0,5;0,75;2353574;4581005,599;2227431,599;25,78045832
1-691786330;2;¥¡¤;¥¢¥¡¥¤;0,5;0,5;0,75;2423540;4788060,839;2364520,839;27,36713934
1-692042197;2;¤;¤;1;1;1;7;2842849,101;2842842,101;32,90326506
1-692055495;2;¥¤;¥¡¥¤;0,5;0,5;0,666666667;4119072;4290561,817;171489,8167;1,984835841
1-692193396;2;¥¡¥¤;¥¢¥¡¥¤;0,666666667;0,666666667;0,75;5792943;4158071,008;1634871,992;18,92212954
1-692813576;2;¤;¤;1;1;1;4740688;12002273,59;7261585,586;84,04612947
1-692959195;2;¤;¤;1;1;1;1984683;10859946,29;8875263,287;102,7229547
1-693456968;2;¢¥¤;¥¢¥¡¥¤;0,5;0,5;0,75;5629228;3735600,52;1893627,48;21,91698472
1-693595201;2;¥¢¥¤;¥¢¥¡¥¤;0,666666667;0,666666667;0,75;7345645;4836680,168;2508964,832;29,03894482
1-693732401;2;¥¡¥§¤;¥¢¥¡¥¤;0,5;0,5;0,6;5430053;4093537,849;1336515,151;15,46892536
1-693741781;2;¤;¤;1;1;1;74;2785103,15;2785029,15;32,23413368
1-693789171;2;¤¥¤;¤;0,333333333;0,333333333;0,5;164;2411448,676;2411284,676;27,90838745
1-693812929;2;¤;¤;1;1;1;1116617;2781523,322;1664906,322;19,2697491
1-693895885;2;¥¤;¥¤;1;1;1;3583448;14698728,14;11115280,14;128,6490757
1-694222066;2;¥¢¡¡¥¤;¥¢¥¡¥¤;0,833333333;0,833333333;1;5552874;4634589,399;918284,6009;10,62829399
1-694338411;2;¤;¤;1;1;1;4131495;3419809,481;711685,5194;8,237100919
1-694346343;2;¤;¤;1;1;1;103;3040465,76;3040362,76;35,1893838
1-694354058;2;¢¥¤;¥¢¥¡¥¤;0,5;0,5;0,75;1120828;4702539,565;3581711,565;41,45499497
1-694385837;2;¥¤¥¥¤¥¤;;0;0;0;1669527;0;1669527;19,32322917
1-694597155;2;§¥¤;¤;0,333333333;0,333333333;0,333333333;4720162;3101601,849;1618560,151;18,73333509
1-694794065;2;¥¤;¥¤;1;1;1;1224074;14351676,25;13127602,25;151,9398408
1-694828073;2;¥¡¡§¡¢¥¡¥¡¢¥¥¤;¥¢¥¡¥¤;0,428571429;0,428571429;0,8;5458593;4486423,53;972169,4698;11,25196146
1-694899814;2;¤;¤;1;1;1;199;2883836,511;2883637,511;33,37543415
1-695258011;2;§¥¤;¤;0,333333333;0,333333333;0,333333333;6219494;11043499,09;4824005,091;55,83339226
1-695316021;2;¤;¤;1;1;1;2252371;11337561,29;9085190,289;105,1526654
1-695425289;2;¡¥¤;¤;0,333333333;0,333333333;0,333333333;418882;11332544,43;10913662,43;126,3155373
1-695486321;2;¥¢¥¤;¥¢¥¤;1;1;1;5168271;1817449,513;3350821,487;38,78265609
1-695748265;2;¤;¤;1;1;1;172701;11162556,1;10989855,1;127,197397
1-696097603;2;¥¡¢¥¡¥¢¡§¤;¥¢¥¡¥¤;0,6;0,6;0,8;3858608;4007776,702;149168,7018;1,726489604
1-696680265;2;¥¢¥¥§¤;¥¢¥¡¥¤;0,666666667;0,666666667;0,6;2601486;4880253,002;2278767,002;26,37461808
1-696714411;2;¥¤;¥¢¥¤;0,5;0,5;0,666666667;3865057;3796890,778;68166,2215;0,788960897
1-696835891;2;¢¥¤;¤;0,333333333;0,333333333;0,333333333;5444;2985552,408;2980108,408;34,49199546
1-696839978;2;¤;¤;1;1;1;2373060;11300133,59;8927073,585;103,3226109
1-697041731;2;¤¥¤;¤;0,333333333;0,333333333;0,5;1264059;11527201,86;10263142,86;118,7863757
1-697260307;2;¤;¤;1;1;1;2576980;2816174,378;239194,3775;2,768453443
1-697458590;2;¥¡¢¡¥¥¡§¤;¥¢¥¢¥¤;0,444444444;0,444444444;0,6;4658926;3134515,689;1524410,311;17,64363786
1-697459701;2;¢¥¤;¤;0,333333333;0,333333333;0,333333333;2775;2796432,319;2793657,319;32,33399674
1-697811404;2;¥¤;¥¢¥¡¥¤;0,333333333;0,333333333;0,5;1130642;4753198,191;3622556,191;41,9277337
1-697987547;2;¢¥¢¥¥¤;¤;0,166666667;0,166666667;0,333333333;4931304;2743537,834;2187766,166;25,32136766
1-698044001;2;¥¡¥¤;¥¢¥¤;0,75;0,75;0,5;2241356;1883547,803;357808,1965;4,141298571
1-698216063;2;¥§¥¤;¥¢¥¡¥¤;0,5;0,5;0,4;458995;4649273,798;4190278,798;48,49859719
1-698267095;2;¤;¤;1;1;1;103;10994279,65;10994176,65;127,2474149
1-698293715;2;¤;¤;1;1;1;2441330;11036617,22;8595287,223;99,482491
1-698346154;2;¤;¤;1;1;1;10987;11070336,51;11059349,51;128,0017305
1-698751834;2;¥¤;¤;0,5;0,5;0,5;3435756;11613187,42;8177431,423;94,64619703
1-698754281;2;¥¤;¥¢¥¤;0,5;0,5;0,666666667;5140987;1628048,508;3512938,492;40,65901032
1-698842669;2;¥¥¤¥¤;¥¢¥¤;0,6;0,6;0,666666667;2686294;2205338,699;480955,301;5,566612281
1-698998499;2;¥¢¥¢¥§¤;¥¢¥¡¥¤;0,714285714;0,714285714;0,6;1905190;4723928,411;2818738,411;32,62428717
1-699103215;2;¥¢¥¢¥¡¢¥¢¥¥¤;¥¢¥¡¥¤;0,5;0,5;1;1488633;4696461,244;3207828,244;37,12764172
1-699140595;2;¤;¤;1;1;1;259414;10970308,44;10710894,44;123,9686857
1-699397256;2;¤;¤;1;1;1;2637;3316447,226;3313810,226;38,35428503
1-699661601;2;¢¥¥¢¥¤;¤;0,166666667;0,166666667;0,333333333;1112570;11015633,95;9903063,954;114,6187958
1-699690829;2;¥¤;¥¢¥¡¥¤;0,333333333;0,333333333;0,5;1909859;4686068,198;2776209,198;32,1320509
1-700498223;2;¥¡¢¥¢¡¢¥¡¢¥¥¢¥§¥¤;¥¢¥¢¥¤;0,352941176;0,352941176;0,6;3023612;3173888,029;150276,0286;1,739305887
1-700566882;2;¥¤¥¤;¥¤;0,5;0,5;1;2590976;14393730,15;11802754,15;136,6059508
1-700746442;2;¥¤;¥¢¥¤;0,5;0,5;0,666666667;43648;2677319,607;2633671,607;30,48231027
1-700842031;2;¥§¥§¤;¥¢¥¡¥¤;0,5;0,5;0,4;5532627;4513558,493;1019068,507;11,79477439
1-701429911;2;¥§¤;¥¤;0,666666667;0,666666667;0,666666667;1572250;14466446,2;12894196,2;149,2383819
1-702103380;2;¤;¤;1;1;1;8;2214232,012;2214224,012;25,62759273
1-702482271;2;¥¢¥¤;¤;0,25;0,25;0,333333333;2382;2620399,657;2618017,657;30,30113029
1-702501021;2;¥¤;¥¢¥¡¥¤;0,333333333;0,333333333;0,5;13799;4689573,793;4675774,793;54,11776381
1-702501138;2;¥¢¥¤;¥¢¥¡¥¤;0,666666667;0,666666667;0,75;722532;4970613,227;4248081,227;49,16760679
1-702501532;2;¥¤;¥¢¥¡¥¤;0,333333333;0,333333333;0,5;1995245;4852049,649;2856804,649;33,06486862
1-702514881;2;¤;¤;1;1;1;88;2775180,342;2775092,342;32,11912433
1-702673026;2;¥¤;¥¢¥¢¥¤;0,333333333;0,333333333;0,666666667;1995422;3322929,346;1327507,346;15,36466835
1-703016242;2;¤;¤;1;1;1;1821739;10778966,79;8957227,792;103,671618
1-703190797;2;¢¥¥¢¥¢¥¢¥¤;¤;0,1;0,1;0,333333333;1382956;3107010,608;1724054,608;19,95433574
1-703242211;2;¤;¤;1;1;1;80;2952644,886;2952564,886;34,1732047
1-703383433;2;¤;¤;1;1;1;69;3379788,683;3379719,683;39,11712596
1-703399394;2;¥¤;¥¢¥¡¥¤;0,333333333;0,333333333;0,5;82603;4215230,157;4132627,157;47,83133284
1-703445951;2;¤;¤;1;1;1;1545655;11743442,31;10197787,31;118,0299457
1-703540157;2;¢¥¢¥§¢¥¢¥¢¥§¥¢¥¤;¥¡¥¤;0,1875;0,1875;0,4;5088128;4554150,08;533977,92;6,1803
1-703856779;2;§¤;¤;0,5;0,5;0,5;784772;3254264,772;2469492,772;28,58209227
1-703964203;2;¥¤;¥¡¥¤;0,5;0,5;0,666666667;801278;4683311,426;3882033,426;44,93094243
1-703964563;2;¥¤;¥¡¥¤;0,5;0,5;0,666666667;4577005;4663164,772;86159,7715;0,997219578
1-704229602;2;¤;¤;1;1;1;47;3064479,907;3064432,907;35,46797346
1-704650867;2;¥¢¥§¤;¥¢¥¡¥¤;0,666666667;0,666666667;0,6;3132809;4436988,139;1304179,139;15,09466596
1-704661542;2;¢¥§¤;¤;0,25;0,25;0,25;1134647;10924528,46;9789881,463;113,3088132
1-704703712;2;¥¥¡¥¤;¥¢¥¡¥¤;0,833333333;0,833333333;0,75;513522;4656102,783;4142580,783;47,94653684
1-704973871;2;¥¡¥¤;¥¢¥¤;0,75;0,75;0,5;4895838;1839914,848;3055923,152;35,36948093
1-704977245;2;¢¥¢¥¤;¥¢¥¤;0,8;0,8;1;2477403;1871365,334;606037,6664;7,014324842
1-706226212;2;¤;¤;1;1;1;1161320;13047944,55;11886624,55;137,576673
1-706959641;2;¤;¤;1;1;1;55;3300335,547;3300280,547;38,19769152
1-706963013;2;¤;¤;1;1;1;14820;2583134,895;2568314,895;29,72586684
1-707025161;2;¤;¤;1;1;1;75;3068930,888;3068855,888;35,51916538
1-707300171;2;¢¢¥¢¡¢¥¥¥§¤;¤;0,090909091;0,090909091;0,2;4291992;2820136,286;1471855,714;17,03536706
1-707623601;2;¤;¤;1;1;1;4556;10907349,8;10902793,8;126,1897431
1-707660543;2;¥¡¢¥¤;¥¢¥¡¥¤;0,5;0,666666667;1;3216017;4838590,571;1622573,571;18,7797867
1-708121948;2;¥¤;¥¢¥¡¥¤;0,333333333;0,333333333;0,5;2299858;3912895,067;1613037,067;18,66941049
1-708131711;2;¡¢¥¡¤;¥¢¥¡¥¤;0,666666667;0,666666667;1;3075857;3998371,678;922514,6783;10,67725322
1-708613661;2;¡¥¤;¥¤;0,666666667;0,666666667;0,666666667;3037443;14752998,81;11715555,81;135,5967107
1-709552565;2;¥¡¢¥¤;¥¢¥¢¥¤;0,666666667;0,666666667;0,75;1199758;3177634,235;1977876,235;22,89208605
1-709663551;2;¥¥¢¡¥¤;¤;0,166666667;0,166666667;0,25;3218;2911154,416;2907936,416;33,65667148
1-709802751;2;¤;¤;1;1;1;49;2001535,561;2001486,561;23,16535372
1-709802861;2;¥¥¤;¥¢¥¡¥¤;0,5;0,5;0,5;2403798;4010794,942;1606996,942;18,59950165
1-710114300;2;¥¡¢¥¢¥¢¥¤;¥¢¥¡¥¤;0,555555556;0,555555556;1;3278535;4408098,538;1129563,538;13,07365206
1-712856449;2;¥¤;¥¢¥¡¥¤;0,333333333;0,333333333;0,5;616796;4844485,704;4227689,704;48,9315938
1-713106267;2;¤;¤;1;1;1;812;3238080,946;3237268,946;37,46839058
1-715638561;2;¥¤;¥¢¥¡¥¤;0,333333333;0,333333333;0,5;3437;4423106,736;4419669,736;51,1535849
1-715660478;2;¥¤;;0;0;0;1124384;0;1124384;13,0137037
1-715860062;2;¥¤;¥¢¥¡¥¤;0,333333333;0,333333333;0,5;749308;3960449,196;3211141,196;37,16598606
1-716154984;2;¤;¤;1;1;1;1124837;3323601,483;2198764,483;25,448663
1-716571976;2;¥¢¥¤;;0;0;0;312790;0;312790;3,62025463
1-717122893;2;¥§¤;¥¢¥¤;0,5;0,5;0,5;3538930;1908408,012;1630521,988;18,87178226
1-717222893;2;¥¤;¥¢¥¤;0,5;0,5;0,666666667;88418;1885289,743;1796871,743;20,79712665
1-717275094;2;¥¤;¥¢¥¤;0,5;0,5;0,666666667;86268;1883486,025;1797218,025;20,80113455
1-717713590;2;¤;¤;1;1;1;10;2809938,39;2809928,39;32,52231933
1-718031374;2;¤;¤;1;1;1;14;2674425,659;2674411,659;30,95383865
1-718056641;2;¤;¥¤;0,5;0,5;0,5;2422270;15267939,67;12845669,67;148,6767323
1-718960811;2;¤;¤;1;1;1;1831357;10781005,54;8949648,537;103,5838951
1-718973785;2;¥§¤;¥¢¥¡¥¤;0,333333333;0,333333333;0,4;2791080;4733080,862;1942000,862;22,47686182
1-719199254;2;¤¥¤¥¤¥¤;¤;0,142857143;0,142857143;0,5;2323701;3129039,507;805338,5066;9,32104753
1-720000146;2;¥¤;¥¢¥¡¥¤;0,333333333;0,333333333;0,5;715554;4546826,561;3831272,561;44,34343242
1-720069371;2;¥§¥§¤;¤;0,2;0,2;0,333333333;2318300;11003853,99;8685553,994;100,5272453
1-722674364;2;¥¢¢¥¢¡¢¡¥¤;¥¢¥¡¥¤;0,6;0,6;1;1685961;3861937,856;2175976,856;25,18491732
1-722688743;2;¥¤;¥¢¥¡¥¤;0,333333333;0,333333333;0,5;3015227;4463726,052;1448499,052;16,76503533
1-722742993;2;¤;¤;1;1;1;334861;11895721,93;11560860,93;133,8062607
1-726517211;2;¢¥¢¡¡¥¤;¤;0,142857143;0,142857143;0,25;1737256;2637707,639;900451,6386;10,42189396
1-726760342;2;¤;¤;1;1;1;3017059;11224230,83;8207171,829;94,99041469
1-728461114;2;¤;¤;1;1;1;970363;12959154,61;11988791,61;138,7591622
1-728470722;2;¢¢¡¢¥¡¥¤;¥¤;0,25;0,25;0,5;3440367;13782456,62;10342089,62;119,7001113
1-728630851;2;¢¥¤;¥¤;0,666666667;0,666666667;0,666666667;1577773;15319607,43;13741834,43;159,0490096
1-728641711;2;¥¤;¥¡¥¤;0,5;0,5;0,666666667;2060667;4299111,392;2238444,392;25,9079212
1-730084841;2;¤;¤;1;1;1;39;1775228,747;1775189,747;20,54617762
1-730084875;2;¥¤;¥¢¥¡¥¤;0,333333333;0,333333333;0,5;749783;3669295,73;2919512,73;33,7906566
1-730923421;2;¤;¤;1;1;1;1392387;11159431,72;9767044,724;113,0444991
1-731908702;2;¤;¤;1;1;1;435985;2644164,727;2208179,727;25,55763573
1-732289301;2;¥¥¡¥¤;¥¢¥¡¥¤;0,833333333;0,833333333;0,75;2323366;4118683,024;1795317,024;20,77913222
1-732357301;2;¥¤;¤;0,5;0,5;0,5;1625230;11497578,71;9872348,713;114,2632953
1-733336456;2;¤;¤;1;1;1;1395413;2619448,995;1224035,995;14,16708327
1-733562890;2;¢¥§¥¤;¤;0,2;0,2;0,25;2260078;3719152,342;1459074,342;16,88743452
1-733649220;2;¥¤;¥¢¥¡¥¤;0,333333333;0,333333333;0,5;25129;4631343,064;4606214,064;53,31266277
1-735185827;2;¥¤;¥¤;1;1;1;502141;13746932,2;13244791,2;153,2961945
1-735881798;2;¥¥¤;¥¤;0,666666667;0,666666667;1;2083098;13403921,72;11320823,72;131,0280523
1-736351127;2;¥¢¥¢¥¢¥¢¥¥¤;¥¢¥¡¥¤;0,454545455;0,454545455;0,75;641331;5868146,604;5226815,604;60,49555098
1-736351222;2;¥¢¥¢¥¢¥¢¥¥¤;¥¢¥¡¥¤;0,454545455;0,454545455;0,75;639893;5444968,765;4805075,765;55,61430283
1-736492457;2;¤;¤;1;1;1;92115;8447173,703;8355058,703;96,70206832
1-737341073;2;¢¥¤;¤;0,333333333;0,333333333;0,333333333;72800;2590629,761;2517829,761;29,14154816
1-738626601;2;¥¤;¤;0,5;0,5;0,5;1989883;2584479,662;594596,6617;6,881905806
1-738820974;2;¤;¥§¤;0,333333333;0,333333333;0,333333333;1970202;24069916,82;22099714,82;255,7837364
1-739695919;2;¢¥¥¢¢¥¤¥¤;¥¢¥¢¥¤;0,555555556;0,555555556;1;2227345;3033694,074;806349,0743;9,332743915
1-741495923;2;¥¤;¥¤;1;1;1;370245;15687623,94;15317378,94;177,2844785
1-741987554;2;§¥§¢¥¤;¤;0,166666667;0,166666667;0,25;752866;11253296,44;10500430,44;121,5327597
1-741995108;2;¥§¥¤;¤;0,25;0,25;0,333333333;12688;2826448,837;2813760,837;32,56667635
1-741995344;2;¥¤;¥¢¥¡¥¤;0,333333333;0,333333333;0,5;1457040;3980885,478;2523845,478;29,21117451
1-742216614;2;¤;¤¥¤;0,333333333;0,333333333;0,5;238;4165943,66;4165705,66;48,21418588
1-742296921;2;¥¤;¥¢¥¡¥¤;0,333333333;0,333333333;0,5;1222907;4701769,147;3478862,147;40,26460818
1-742383139;2;¥¤;¥¤;1;1;1;761767;14721309,92;13959542,92;161,5687838
1-742929685;2;¤;¥¤;0,5;0,5;0,5;1117362;14304158,38;13186796,38;152,6249581
1-744436513;2;¥¤;¥¢¥¤;0,5;0,5;0,666666667;198643;2467157,293;2268514,293;26,25595247
1-745941359;2;¥¡¤;¥¢¥¡¥¤;0,5;0,5;0,75;1299747;4591550,607;3291803,607;38,09957878
1-746205481;2;¥¡§¤;¥¢¥¡¥¤;0,5;0,5;0,6;514829;3947545,57;3432716,57;39,73051586
1-747680998;2;¥¤;¥¢¥¡¥¤;0,333333333;0,333333333;0,5;167235;4982519,259;4815284,259;55,7324567
1-749012057;2;¥¤;¥¢¥¡¥¤;0,333333333;0,333333333;0,5;447294;4701483,261;4254189,261;49,23830163
1-750161066;2;¥¤;¥¤;1;1;1;434094;14200686,43;13766592,43;159,3355605
1-751006831;2;¥¤¥¡¥¤;;0;0;0;23572;0;23572;0,272824074
1-751622091;2;¤;¤;1;1;1;175;2203746,758;2203571,758;25,50430275
1-752067921;2;¢¥¤;¤;0,333333333;0,333333333;0,333333333;12483;2672704,456;2660221,456;30,78960019
1-659718901;3;¥¤;¢¥¡¥¤;0,4;0,4;0,5;7692521;4007470,755;3685050,245;42,6510445
1-659922661;3;§¥¤;¢¥¡¥¤;0,4;0,4;0,4;3003232;3442793,765;439561,7646;5,087520423
1-659934601;3;¤;¥§¥§¥§¥§¥§¥§¥§¥¢¥¢¥¢¥¢¥¢¥¢¥¢¥¤;0,033333333;0,033333333;0,25;4584829;22523221,49;17938392,49;207,6202834
1-660268091;3;¡¥¤¥¢¥¤¥¤;§¥¤;0,222222222;0,222222222;0,4;1477767;10296801,18;8819034,177;102,0721548
1-660374694;3;¤;¤;1;1;1;6216956;1277088,874;4939867,126;57,17438803
1-660509893;3;¤;¢¥¡¥¤;0,2;0,2;0,25;2950536;3036525,078;85989,07815;0,99524396
1-660636558;3;¥¤;¥¡¥¤;0,5;0,5;0,666666667;2846067;3491768,549;645701,5486;7,473397554
1-660648920;3;¥¥¢¥§¤;¥§¥§¥§¥¢¥§¥¢¥§¥¢¥¢¥¢¥¢¥¢¥¢¥¢¥¤;0,2;0,2;1;6664213;15328805,83;8664592,827;100,2846392
1-661134924;3;¥¤;¢¥¡¥¤;0,4;0,4;0,5;1936339;3960441,772;2024102,772;23,42711542
1-661184751;3;¥¢¥¤;¤;0,25;0,25;0,333333333;5032616;9676038,213;4643422,213;53,74331265
1-663582660;3;¢¥¤;¡¥¤;0,666666667;0,666666667;0,5;78987;4274267,011;4195280,011;48,55648161
1-663891165;3;§¤;¤;0,5;0,5;0,5;3278203;4104823,583;826620,5831;9,567367859
1-669119156;3;§¢¥¡¡¤;§¥§¥§¥§¥§¥§¥§¥¢¥¢¥¢¥¢¥¢¥¢¥¢¥¤;0,137931034;0,137931034;0,8;1888606;16983419;15094813;174,7084838
1-670754761;3;¡¥¥¥¤¥¤¥¤;¥§¥§¥§¥§¥§¥¢¥¢¥¢¥¢¥¢¥¢¥¢¥¢¥¢¥¤;0,2;0,2;0,4;2493295;17154173,88;14660878,88;169,6860982
1-672506739;3;¥¢¥¤;¥§¥§¥§¥§¥§¥§¥¢¥§¥¢¥¢¥¢¥¢¥¢¥¢¥¤;0,133333333;0,133333333;0,75;2934952;18098918,08;15163966,08;175,5088667
1-672862385;3;¢¥¤;¤;0,333333333;0,333333333;0,333333333;6648971;842432,9111;5806538,089;67,20530196
1-673224718;3;§¤;¢¥¡¥¤;0,2;0,2;0,2;7773472;3377101,604;4396370,396;50,88391662
1-673359575;3;¥¤;¥§¥§¥§¥§¥§¥§¥§¥§¥¢¥¢¥¢¥¢¥¢¥¢¥¤;0,066666667;0,066666667;0,5;3717632;18741026,52;15023394,52;173,881881
1-673429845;3;¥¤;¥§¥§¥¢¥§¥¢¥§¥¢¥¢¥¢¥¢¥¢¥¢¥¢¥¢¥¤;0,066666667;0,066666667;0,5;65724;20868651,69;20802927,69;240,774626
1-675150191;3;§¥§¤;¤;0,25;0,25;0,333333333;6124886;4314029,775;1810856,225;20,95898409
1-675150672;3;¡¥¤;¡¥¤;1;1;1;5620893;4015816,407;1605076,593;18,57727538
1-675685459;3;¥¢¥¤;;0;0;0;1233366;0;1233366;14,27506944
1-675797761;3;¥¢¥¤;;0;0;0;1128895;0;1128895;13,06591435
1-675826063;3;¡¢¥¡¡¢¥§¡¥¤;¢¥¡¥¤;0,454545455;0,454545455;0,8;7273065;3439139,459;3833925,541;44,3741382
1-677811170;3;¡¢¥¡¥¡¥¤;¢¥¡¥¤;0,625;0,625;1;2438243;4065346,091;1627103,091;18,8322117
1-678755621;3;§¢¥¡¥¤;§¥¤;0,5;0,5;0,6;7952429;10068027,16;2115598,157;24,48608979
1-681864502;3;¤;¤;1;1;1;2324457;1801415,502;523041,4984;6,053721046
1-681929091;3;¡¥¤;¤;0,333333333;0,333333333;0,333333333;3045958;1139817,15;1906140,85;22,0618154
1-682059903;3;¤;¡¥¤;0,333333333;0,333333333;0,333333333;3615696;3930388,506;314692,5063;3,642274378
1-682262974;3;¢¥¢¥¢¥¢¥¢¥¢¥¢¥¥¢¢¥¥¥¥¢¢¥¤;¡¥¤;0,08;0,08;0,5;6569479;3914025,726;2655453,274;30,73441289
1-682342767;3;¤;¤;1;1;1;399;940018,0671;939619,0671;10,87522068
1-683298971;3;¤;¤;1;1;1;60;8355904,288;8355844,288;96,71116074
1-683752875;3;§¤;¢¥¡¥¤;0,2;0,2;0,2;15762;3639836,443;3624074,443;41,94530606
1-685134878;3;¢¡¢¡¢¥¤;¥¡¥¤;0,428571429;0,428571429;0,75;5636911;3430557,614;2206353,386;25,53649752
1-686531969;3;¥¤¥¤¥¤;¥¡¥¤;0,5;0,5;0,666666667;3010;3331641,004;3328631,004;38,52582181
1-686557724;3;¤;¤;1;1;1;2;1714630,074;1714628,074;19,84523234
1-686642441;3;¡¡¥¤;¢¥¤;0,5;0,5;0,5;5261678;2310040,567;2951637,433;34,16247029
1-686642543;3;¢¢¥£¥¤;¢¥¤;0,5;0,5;0,75;4210887;2307176,864;1903710,136;22,03368213
1-686945977;3;¤;¥§¥§¥§¥§¥§¥§¥§¥§¥¢¥§¥¢¥¢¥¢¥¢¥¤;0,033333333;0,033333333;0,25;4222469;22941564,61;18719095,61;216,6561991
1-687589251;3;¥¢¥¢¥¢¥¢¥¤;¥§¥¤;0,3;0,3;0,5;3283336;11203177,87;7919841,868;91,66483644
1-687668119;3;¡§¤;¡¥¤;0,666666667;0,666666667;0,5;1288637;3997397,704;2708760,704;31,35139704
1-688280019;3;¥§¥¤;¥¡¥¤;0,75;0,75;0,5;1312411;3175574,018;1863163,018;21,56438678
1-688342754;3;¤;¤;1;1;1;3695568;10707787,41;7012219,406;81,15994683
1-688380091;3;¥§¥§¡¤;¥¢¥¤;0,5;0,5;0,4;3066531;1474558,541;1591972,459;18,42560716
1-688515611;3;¥¤;¥¤;1;1;1;14;3925248,209;3925234,209;45,43095149
1-688564824;3;¥¡¥¤;¥¡¥¤;1;1;1;2671345;3400142,39;728797,3901;8,435154978
1-688725917;3;¥¢¥¤;¡¥¤;0,5;0,5;0,5;2536692;4019696,905;1483004,905;17,16440863
1-689176751;3;¤;¢¥¤;0,333333333;0,333333333;0,333333333;80;2556005,269;2555925,269;29,5824684
1-689469104;3;¢¥¢¥¢¥¤;¢¥¡¥¤;0,571428571;0,571428571;0,75;1851388;3512728,995;1661340,995;19,22848374
1-690327837;3;¤;¢¥¤;0,333333333;0,333333333;0,333333333;6;2241380,655;2241374,655;25,94183629
1-690447511;3;¤;¥¤;0,5;0,5;0,5;3811981;11952882,12;8140901,121;94,2233926
1-690762471;3;¥¤;¥¢¥¤;0,5;0,5;0,666666667;8880;2187086,681;2178206,681;25,21072547
1-690931471;3;¤;¢¥¡¥¤;0,2;0,2;0,25;261344;3800786,062;3539442,062;40,96576461
1-691093464;3;¢¥¢¥¤;¢¥¤;0,6;0,6;1;2050369;2333329,448;282960,4475;3,27500518
1-691221687;3;¢¥¢¥¢¥¤;¤;0,142857143;0,142857143;0,333333333;1203611;1299452,86;95841,8601;1,109280788
1-691786096;3;¡¡¤;¤;0,333333333;0,333333333;0,5;1392154;662524,3515;729629,6485;8,444787598
1-691786330;3;¡¤;¤;0,5;0,5;0,5;92500;1197535,862;1105035,862;12,78976692
1-692055495;3;¤;¤;1;1;1;147377;826347,673;678970,673;7,858456863
1-692193396;3;¡¥¤;¡¥¤;1;1;1;5634994;3971339,107;1663654,893;19,25526497
1-693456968;3;¥¤;¥§¤;0,666666667;0,666666667;0,666666667;2040126;11947250,66;9907124,665;114,6657947
1-693595201;3;¢¥¤;¡¥¤;0,666666667;0,666666667;0,5;6811304;4038105,363;2773198,637;32,09720645
1-693732401;3;¡¥§¤;¢¥¡¥¤;0,4;0,4;0,6;5143827;3745239,651;1398587,349;16,18735358
1-693789171;3;¥¤;;0;0;0;77;0;77;0,000891204
1-693895885;3;¤;¤;1;1;1;2;2725030,114;2725028,114;31,53967725
1-694222066;3;¢¡¡¥¤;¤;0,2;0,2;0,25;1141187;1030038,42;111148,5805;1,286441903
1-694354058;3;¥¤;¥¢¥¤;0,5;0,5;0,666666667;950709;2837329,607;1886620,607;21,83588665
1-694385837;3;¤¥¥¤¥¤;¢¥¤;0,333333333;0,333333333;0,666666667;186845;2912191,702;2725346,702;31,54336461
1-694597155;3;¥¤;¤;0,5;0,5;0,5;3086016;11542254,41;8456238,415;97,8731298
1-694794065;3;¤;¤;1;1;1;1216185;4292351,056;3076166,056;35,60377379
1-694828073;3;¡¡§¡¢¥¡¥¡¢¥¥¤;¢¥¤;0,230769231;0,230769231;0,6;4773631;1768649,819;3004981,181;34,77987478
1-695258011;3;¥¤;¥§¥§¥§¥§¥§¥§¥§¥¢¥¢¥¢¥¢¥¢¥¢¥¢¥¤;0,066666667;0,066666667;0,5;6216813;18925697,34;12708884,34;147,0935688
1-695425289;3;¥¤;¥§¥§¥§¥§¥§¥§¥§¥§¥¢¥¢¥¢¥¢¥¢¥¤;0,071428571;0,071428571;0,5;165996;25005711,39;24839715,39;287,4967059
1-695486321;3;¢¥¤;¢¥¤;1;1;1;5168124;1488693,499;3679430,501;42,58600116
1-696097603;3;¡¢¥¡¥¢¡§¤;§¥¤;0,222222222;0,222222222;0,6;2676245;10317305,43;7641060,434;88,43819947
1-696680265;3;¢¥¥§¤;¢¥¡¥¤;0,6;0,6;0,6;2258342;3846911,192;1588569,192;18,3862175
1-696714411;3;¤;¢¥¤;0,333333333;0,333333333;0,333333333;3617771;1389318,245;2228452,755;25,79227725
1-696835891;3;¥¤;¥¡¥¤;0,5;0,5;0,666666667;5293;3929887,961;3924594,961;45,42355279
1-697041731;3;¥¤;;0;0;0;1264025;0;1264025;14,62991898
1-697458590;3;¡¢¡¥¥¡§¤;¢¥¡¥¤;0,5;0,5;0,8;4657932;3420258,616;1237673,384;14,32492343
1-697459701;3;¥¤;¥¡¥¤;0,5;0,5;0,666666667;1641;3326101,388;3324460,388;38,47755078
1-697811404;3;¤;¤;1;1;1;92;671594,0423;671502,0423;7,772014379
1-697987547;3;¥¢¥¥¤;¥¡¥¤;0,6;0,6;0,5;4931275;3817744,294;1113530,706;12,88808687
1-698044001;3;¡¥¤;¢¥¤;0,666666667;0,666666667;0,5;2239799;1259251,39;980547,6095;11,34893067
1-698216063;3;§¥¤;¡¥¤;0,666666667;0,666666667;0,5;109057;3951068,405;3842011,405;44,46772459
1-698751834;3;¤;¤;1;1;1;65331;2123293,881;2057962,881;23,81901482
1-698754281;3;¤;¢¥¤;0,333333333;0,333333333;0,333333333;5135987;1473404,263;3662582,737;42,39100391
1-698842669;3;¥¤¥¤;¢¥¤;0,5;0,5;0,666666667;2686293;1723955,037;962337,9629;11,13817087
1-698998499;3;¢¥¢¥§¤;¢¥¡¥¤;0,666666667;0,666666667;0,6;1904320;3549643,149;1645323,149;19,043092
1-699103215;3;¢¥¢¥¡¢¥¢¥¥¤;¢¥¡¥¤;0,454545455;0,454545455;1;1487378;3178398,089;1691020,089;19,57199177
1-699661601;3;¥¥¢¥¤;¥§¥§¥§¥¢¥¢¥¢¥¢¥¢¥¢¥¢¥¢¥¢¥¢¥¢¥¤;0,166666667;0,166666667;0,75;341387;18251272,72;17909885,72;207,290344
1-699690829;3;¤;¤;1;1;1;273;878471,1866;878198,1866;10,16433086
1-700498223;3;¡¢¥¢¡¢¥¡¢¥¥¢¥§¥¤;¡¥¤;0,1875;0,1875;0,6;2261104;4287765,168;2026661,168;23,45672648
1-700566882;3;¤¥¤;¤;0,333333333;0,333333333;0,5;1905718;4134384,157;2228666,157;25,79474718
1-700746442;3;¤;¢¥¡¥¤;0,2;0,2;0,25;72;3787545,386;3787473,386;43,83649752
1-700842031;3;§¥§¤;¢¥¡¥¤;0,4;0,4;0,4;5418883;3880227,542;1538655,458;17,80851224
1-701429911;3;§¤;¤;0,5;0,5;0,5;1282289;4582582,142;3300293,142;38,19783729
1-702482271;3;¢¥¤;¢¥¡¥¤;0,6;0,6;0,75;2318;4162612,172;4160294,172;48,15155291
1-702501021;3;¤;¡¥¤;0,333333333;0,333333333;0,333333333;486;3975730,641;3975244,641;46,00977594
1-702501138;3;¢¥¤;¡¥¤;0,666666667;0,666666667;0,5;722503;3931363,83;3208860,83;37,13959294
1-702501532;3;¤;¡¥¤;0,333333333;0,333333333;0,333333333;1983240;3972681,051;1989441,051;23,02593809
1-702673026;3;¤;¡¥¤;0,333333333;0,333333333;0,333333333;1983743;3985297,871;2001554,871;23,16614434
1-703190797;3;¥¥¢¥¢¥¢¥¤;¥¢¥¤;0,444444444;0,444444444;1;1381825;2176853,632;795028,632;9,201720278
1-703399394;3;¤;¢¥¡¥¤;0,2;0,2;0,25;5;3271828,456;3271823,456;37,86832703
1-703540157;3;¥¢¥§¢¥¢¥¢¥§¥¢¥¤;¥¥¥¢¥¤;0,4;0,4;0,75;5087585;3620082,974;1467502,026;16,98497716
1-703856779;3;¤;¤;1;1;1;784434;8630589,086;7846155,086;90,81198016
1-703964203;3;¤;¡¥¤;0,333333333;0,333333333;0,333333333;133;4446058,321;4445925,321;51,45746899
1-703964563;3;¤;¤;1;1;1;501;848129,8876;847628,8876;9,810519533
1-704650867;3;¢¥§¤;¢¥¡¥¤;0,6;0,6;0,6;3129297;4232900,22;1103603,22;12,77318542
1-704661542;3;¥§¤;¥§¥§¥§¥¢¥¢¥¢¥¢¥¢¥¢¥¢¥¢¥¢¥¢¥¤;0,107142857;0,107142857;0,75;1127288;16093781,95;14966493,95;173,2233097
1-704703712;3;¥¡¥¤;¡¥¤;0,75;0,75;1;63887;3959416,51;3895529,51;45,08714711
1-704973871;3;¡¥¤;¤;0,333333333;0,333333333;0,333333333;1859049;940962,5326;918086,4674;10,62600078
1-704977245;3;¥¢¥¤;¥¢¥¤;1;1;1;2476446;2944423,282;467977,282;5,416403727
1-707300171;3;¢¥¢¡¢¥¥¥§¤;¥¡¥¤;0,4;0,4;0,6;4225851;3117729,111;1108121,889;12,82548483
1-707660543;3;¡¢¥¤;¢¥¡¥¤;0,4;0,6;1;3214454;3298979,492;84525,49208;0,978304306
1-708121948;3;¤;¤;1;1;1;6023;644598,9548;638575,9548;7,390925403
1-708131711;3;¢¥¡¤;¥¤;0,5;0,5;0,5;2339756;8045664,338;5705908,338;66,04060576
1-708613661;3;¥¤;¥¤;1;1;1;3037381;10038584,25;7001203,251;81,03244504
1-709552565;3;¡¢¥¤;¢¥¢¥¤;0,6;0,6;0,75;1199499;2542057,241;1342558,241;15,53886853
1-709663551;3;¥¢¡¥¤;¢¥¡¥¤;0,6;0,8;1;3183;4285609,247;4282426,247;49,5651186
1-709802861;3;¥¤;¤;0,5;0,5;0,5;1774;885579,9228;883805,9228;10,22923522
1-710114300;3;¡¢¥¢¥¢¥¤;¢¥¡¥¤;0,5;0,5;1;3277021;3879620,618;602599,6181;6,974532617
1-712856449;3;¤;¢¥¡¥¤;0,2;0,2;0,25;615406;3277547,273;2662141,273;30,81182028
1-715638561;3;¤;¢¥¡¥¤;0,2;0,2;0,25;1953;3262567,357;3260614,357;37,73859209
1-715660478;3;¤;¢¥¤;0,333333333;0,333333333;0,333333333;878735;1984450,951;1105715,951;12,79763832
1-715860062;3;¤;¢¥¡¥¤;0,2;0,2;0,25;689183;3508787,025;2819604,025;32,63430585
1-716571976;3;¢¥¤;¤;0,333333333;0,333333333;0,333333333;136393;915844,3517;779451,3517;9,021427682
1-717122893;3;§¤;¢¥¤;0,333333333;0,333333333;0,25;3538761;1300536,587;2238224,413;25,90537514
1-717222893;3;¤;¢¥¡¥¤;0,2;0,2;0,25;172;3953789,778;3953617,778;45,75946503
1-717275094;3;¤;¢¥¡¥¤;0,2;0,2;0,25;244;3735217,274;3734973,274;43,22885734
1-718973785;3;§¤;¢¥¢¥¤;0,2;0,2;0,25;2788111;2361334,46;426776,5403;4,93954329
1-719199254;3;¥¤¥¤¥¤;;0;0;0;2323667;0;2323667;26,89429398
1-720000146;3;¤;¤;1;1;1;300;593405,7964;593105,7964;6,864650422
1-720069371;3;§¥§¤;§¥§¥§¥§¥§¥§¥§¥§¥¢¥¢¥¢¥¢¥¢¥¢¥¤;0,137931034;0,137931034;0,75;2312061;16392159,8;14080098,8;162,9641065
1-722674364;3;¢¢¥¢¡¢¡¥¤;¡¥¤;0,333333333;0,333333333;0,75;1681084;3838477,628;2157393,628;24,96983365
1-722688743;3;¤;¤;1;1;1;26;1256532,348;1256506,348;14,54289755
1-726517211;3;¥¢¡¡¥¤;¥¡¥¤;0,666666667;0,666666667;0,75;1737236;3254036,738;1516800,738;17,5555641
1-728470722;3;¢¡¢¥¡¥¤;¥§¥¤;0,428571429;0,428571429;0,4;3438718;11464846,65;8026128,649;92,89500751
1-728630851;3;¥¤;¥¤;1;1;1;204427;4129946,426;3925519,426;45,43425262
1-728641711;3;¤;¡¥¤;0,333333333;0,333333333;0,333333333;1794246;4032020,294;2237774,294;25,90016543
1-730084875;3;¤;¢¥¢¥¤;0,2;0,2;0,333333333;716871;2206264,146;1489393,146;17,2383466
1-732289301;3;¥¡¥¤;¢¥¡¥¤;0,8;0,8;0,75;2323120;3361276,362;1038156,362;12,01569864
1-732357301;3;¤;§¥§¥§¥§¥§¥§¥§¥¢¥¢¥¢¥¢¥¢¥¢¥¢¥¤;0,034482759;0,034482759;0,25;4909;19630375,28;19625466,28;227,1466005
1-733562890;3;¥§¥¤;¥¡¥¤;0,75;0,75;0,5;1985521;4127994,49;2142473,49;24,79714688
1-733649220;3;¤;¢¥¡¥¤;0,2;0,2;0,25;18616;3802430,273;3783814,273;43,79414667
1-735185827;3;¤;¤;1;1;1;120;4095059,791;4094939,791;47,39513648
1-735881798;3;¥¤;¤;0,5;0,5;0,5;127;2944790,762;2944663,762;34,0817565
1-736351127;3;¢¥¢¥¢¥¢¥¥¤;¢¥¡¥¤;0,4;0,4;0,75;638789;3351390,18;2712601,18;31,39584699
1-736351222;3;¢¥¢¥¢¥¢¥¥¤;¢¥¡¥¤;0,4;0,4;0,75;638987;3304505,121;2665518,121;30,85090418
1-737341073;3;¥¤;¥¢¥¤;0,5;0,5;0,666666667;52074;2156528,821;2104454,821;24,35711598
1-738626601;3;¤;¢¥¤;0,333333333;0,333333333;0,333333333;1989481;2271083,804;281602,8037;3,259291709
1-739695919;3;¥¥¢¢¥¤¥¤;¥¢¥¤;0,5;0,5;1;2166120;2897068,721;730948,721;8,460054641
1-741495923;3;¤;¤;1;1;1;333273;4871216,685;4537943,685;52,52249635
1-741987554;3;¥§¢¥¤;¥§¥§¥§¥§¥§¥§¥§¥¢¥¢¥¢¥¢¥¢¥¢¥¢¥¤;0,166666667;0,166666667;1;684292;18147675,2;17463383,2;202,1224907
1-741995108;3;§¥¤;¢¥¡¥¤;0,4;0,4;0,4;11412;4096142,415;4084730,415;47,27697239
1-741995344;3;¤;¡¥¤;0,333333333;0,333333333;0,333333333;1456913;4031515,883;2574602,883;29,79864448
1-742296921;3;¤;¤;1;1;1;2667;607252,9059;604585,9059;6,997522059
1-742383139;3;¤;¤;1;1;1;1;4336881,484;4336880,484;50,19537597
1-744436513;3;¤;¢¥¡¥¤;0,2;0,2;0,25;487;4048253,566;4047766,566;46,84915007
1-745941359;3;¡¤;¢¥¡¥¤;0,4;0,4;0,5;1296501;3575952,724;2279451,724;26,3825431
1-746205481;3;¡§¤;¢¥¡¥¤;0,4;0,4;0,4;514784;3446489,296;2931705,296;33,93177426
1-747680998;3;¤;¢¥¡¥¤;0,2;0,2;0,25;167136;3089907,409;2922771,409;33,82837279
1-749012057;3;¤;¡¥¤;0,333333333;0,333333333;0,333333333;160;4014499,431;4014339,431;46,46226193
1-750161066;3;¤;¤;1;1;1;86;4319734,236;4319648,236;49,99592866
1-751006831;3;¤¥¡¥¤;¢¥¤;0,4;0,4;0,5;254;2087239,286;2086985,286;24,15492229
1-752067921;3;¥¤;¥¡¥¤;0,5;0,5;0,666666667;1631;3623016,185;3621385,185;41,91418038
1-659718901;4;¤;¤;1;1;1;315;294127,4737;293812,4737;3,400607334
1-659922661;4;¥¤;¥§¥¢¥¤;0,333333333;0,333333333;0,5;3002516;14832092,01;11829576,01;136,916389
1-660268091;4;¥¤¥¢¥¤¥¤;¥¤;0,25;0,25;0,666666667;1477736;4007026,221;2529290,221;29,27419238
1-660636558;4;¤;¡¥¤;0,333333333;0,333333333;0,333333333;2844354;3498892,929;654538,9288;7,575682047
1-660648920;4;¥¢¥§¤;§¥§¥§¥§¥§¥¢¥¢¥¢¥¢¥¢¥¢¥¢¥¢¥¢¥¤;0,137931034;0,137931034;1;6647163;14462208,59;7815045,587;90,45191651
1-661134924;4;¤;¢¥¤;0,333333333;0,333333333;0,333333333;1922456;1213840,238;708615,7618;8,201571317
1-661184751;4;¢¥¤;¤;0,333333333;0,333333333;0,333333333;3113640;459081,6997;2654558,3;30,7240544
1-663582660;4;¥¤;¥¤;1;1;1;70086;1229240,639;1159154,639;13,41614166
1-663891165;4;¤;¤;1;1;1;2679620;9267670,844;6588050,844;76,25058847
1-669119156;4;¢¥¡¡¤;¥§¥§¥§¥§¥§¥§¥¢¥¢¥¢¥¢¥¢¥¢¥¢¥¤;0,107142857;0,107142857;0,6;1888601;18753806,59;16865205,59;195,1991387
1-670754761;4;¥¥¥¤¥¤¥¤;¥§¥§¥§¥§¥§¥¢¥§¥¢¥¢¥¢¥¢¥¢¥¢¥¤;0,214285714;0,214285714;0,5;2423671;18971319,66;16547648,66;191,5237113
1-672506739;4;¢¥¤;§¥§¥§¥§¥§¥§¥¢¥¢¥¢¥¢¥¢¥¢¥¢¥¢¥¤;0,103448276;0,103448276;0,75;2480678;19211821,86;16731143,86;193,6474984
1-672862385;4;¥¤;¥¡¥¤;0,5;0,5;0,666666667;6648861;3567019,534;3081841,466;35,66946141
1-673224718;4;¤;¤;1;1;1;2167080;10608686,93;8441606,934;97,70378395
1-673359575;4;¤;§¥§¥§¥§¥§¥§¥§¥¢¥¢¥¢¥¢¥¢¥¢¥¢¥¤;0,034482759;0,034482759;0,25;49;14736026,46;14735977,46;170,5552947
1-673429845;4;¤;§¥¢¥¢¥¢¥¢¥¢¥¢¥¢¥¢¥¢¥¢¥¢¥¢¥¢¥¤;0,034482759;0,034482759;0,25;311;20158519,59;20158208,59;233,3125994
1-675150191;4;¥§¤;¤;0,333333333;0,333333333;0,333333333;2585582;8042916,216;5457334,216;63,16359046
1-675150672;4;¥¤;¥¤;1;1;1;188;4098154,105;4097966,105;47,43016325
1-675685459;4;¢¥¤;¢¥§¥¢¥¢¥¢¥¢¥¢¥¢¥¢¥¢¥¢¥¢¥¢¥¤;0,111111111;0,111111111;0,75;471644;11474926,82;11003282,82;127,3528104
1-675797761;4;¢¥¤;¢¥¤;1;1;1;530301;1004387,056;474086,0558;5,487107128
1-675826063;4;¢¥¡¡¢¥§¡¥¤;¥¤;0,2;0,2;0,4;7273028;3669078,862;3603949,138;41,71237428
1-677811170;4;¢¥¡¥¡¥¤;¥¤;0,285714286;0,285714286;0,5;2438232;3701110,506;1262878,506;14,61664937
1-678755621;4;¢¥¡¥¤;¥¤;0,4;0,4;0,5;7931725;10131144,69;2199419,691;25,45624643
1-681929091;4;¥¤;¥¤;1;1;1;4189;3743295,199;3739106,199;43,27669212
1-682262974;4;¥¢¥¢¥¢¥¢¥¢¥¢¥¥¢¢¥¥¥¥¢¢¥¤;¥¡¥¤;0,125;0,125;0,5;6568918;3597693,651;2971224,349;34,38917071
1-683752875;4;¤;¥§¥§¥§¥¢¥¢¥¢¥¢¥¢¥¢¥¢¥¢¥¢¥¢¥¤;0,035714286;0,035714286;0,25;15738;22405480,47;22389742,47;259,1405379
1-685134878;4;¡¢¡¢¥¤;¥¤;0,333333333;0,333333333;0,5;5634463;2280065,336;3354397,664;38,82404704
1-686531969;4;¤¥¤¥¤;¡¥¤;0,4;0,4;0,666666667;551;3346690,183;3346139,183;38,72846277
1-686642441;4;¡¥¤;¥¤;0,666666667;0,666666667;0,666666667;4076695;3424826,773;651868,2267;7,544771142
1-686642543;4;¢¥£¥¤;¥¤;0,4;0,4;0,5;4210879;1099927,762;3110951,238;36,00638007
1-687589251;4;¢¥¢¥¢¥¢¥¤;§¥¤;0,222222222;0,222222222;0,5;3283010;9174510,35;5891500,35;68,18866146
1-687668119;4;§¤;¥¤;0,5;0,5;0,333333333;1288570;4025078,856;2736508,856;31,6725562
1-688280019;4;§¥¤;¡¥¤;0,666666667;0,666666667;0,5;791868;3391193,925;2599325,925;30,08479079
1-688380091;4;§¥§¡¤;¢¥¤;0,4;0,4;0,4;2452426;1462602,387;989823,6128;11,45629182
1-688515611;4;¤;¤;1;1;1;11;391904,3448;391893,3448;4,535802602
1-688564824;4;¡¥¤;¡¥¤;1;1;1;2609590;3239305,04;629715,0397;7,288368515
1-688725917;4;¢¥¤;¥¢¥¤;0,75;0,75;1;2536561;1802459,966;734101,0343;8,496539748
1-689469104;4;¥¢¥¢¥¤;¥¡¥¤;0,5;0,5;0,5;1847477;3432483,048;1585006,048;18,34497741
1-690762471;4;¤;¡¥¤;0,333333333;0,333333333;0,333333333;262;3438271,434;3438009,434;39,79177586
1-691093464;4;¥¢¥¤;¥¤;0,5;0,5;0,666666667;2049821;1030194,982;1019626,018;11,80122706
1-691221687;4;¥¢¥¢¥¤;¥¡¥¤;0,5;0,5;0,5;1203204;3106138,412;1902934,412;22,02470384
1-691786096;4;¡¤;¥¤;0,5;0,5;0,333333333;1392003;3949618,548;2557615,548;29,6020318
1-691786330;4;¤;¥¤;0,5;0,5;0,5;92441;3739771,628;3647330,628;42,21447486
1-692193396;4;¥¤;¥¤;1;1;1;5634981;3887192,661;1747788,339;20,2290317
1-693456968;4;¤;¤;1;1;1;266;557301,8776;557035,8776;6,44717451
1-693595201;4;¥¤;¥¡¥¤;0,5;0,5;0,666666667;6810906;3196090,544;3614815,456;41,83814185
1-693732401;4;¥§¤;¥¤;0,666666667;0,666666667;0,666666667;5143813;3887155,974;1256657,026;14,5446415
1-693789171;4;¤;¢¥¤;0,333333333;0,333333333;0,333333333;48;1211809,039;1211761,039;14,02501203
1-694222066;4;¡¡¥¤;¥¤;0,5;0,5;0,666666667;1141148;1290735,618;149587,6185;1,731338177
1-694354058;4;¤;§¥¤;0,333333333;0,333333333;0,333333333;3604;9691439,288;9687835,288;112,1277232
1-694385837;4;¥¥¤¥¤;;0;0;0;186779;0;186779;2,161793981
1-694597155;4;¤;¤;1;1;1;9;77430,21951;77421,21951;0,89607893
1-694828073;4;¡§¡¢¥¡¥¡¢¥¥¤;¥¤;0,166666667;0,166666667;0,4;4773592;3633358,741;1140233,259;13,1971442
1-695258011;4;¤;§¥§¥§¥§¥§¥§¥§¥§¥§¥¢¥¢¥¢¥¢¥¢¥¤;0,034482759;0,034482759;0,25;4075257;13135057,27;9059800,275;104,8587995
1-695425289;4;¤;§¥§¥§¥§¥§¥§¥§¥¢¥¢¥¢¥¢¥¢¥¢¥¤;0,037037037;0,037037037;0,25;165946;18530441,26;18364495,26;212,5520285
1-695486321;4;¥¤;¥¤;1;1;1;5166536;1128245,714;4038290,286;46,7394709
1-696097603;4;¢¥¡¥¢¡§¤;¥¤;0,25;0,25;0,4;2676233;4015919,596;1339686,596;15,50563189
1-696680265;4;¥¥§¤;¥¡¥¤;0,5;0,5;0,5;2257745;3428380,957;1170635,957;13,54902728
1-696835891;4;¤;¡¥¤;0,333333333;0,333333333;0,333333333;1294;3832887,337;3831593,337;44,3471451
1-697041731;4;¤;¢¥§¥§¥§¥¢¥¢¥¢¥¢¥¢¥¢¥¢¥¢¥¢¥¤;0,037037037;0,037037037;0,25;1018;9705073,027;9704055,027;112,3154517
1-697458590;4;¢¡¥¥¡§¤;¥¤;0,285714286;0,285714286;0,4;4657002;3787620,661;869381,3389;10,06228402
1-697459701;4;¤;¡¥¤;0,333333333;0,333333333;0,333333333;1640;3326115,007;3324475,007;38,47771999
1-697987547;4;¢¥¥¤;¡¥¤;0,5;0,5;0,5;4931254;3817866,194;1113387,806;12,88643293
1-698044001;4;¥¤;¥¤;1;1;1;2239282;3748742,179;1509460,179;17,47060393
1-698216063;4;¥¤;¥¤;1;1;1;26567;9748966,838;9722399,838;112,5277759
1-698842669;4;¤¥¤;¥¥¢¥¢¥¤;0,285714286;0,285714286;0,666666667;2686223;3456259,53;770036,5296;8,912459833
1-698998499;4;¥¢¥§¤;¥¡¥¤;0,6;0,6;0,4;1903632;3244690,978;1341058,978;15,52151595
1-699103215;4;¥¢¥¡¢¥¢¥¥¤;¥¡¥¤;0,4;0,4;0,75;1487270;3144391,81;1657121,81;19,17965058
1-699661601;4;¥¢¥¤;§¥§¥§¥¢¥§¥¢¥§¥¢¥§¥¢¥¢¥¢¥¢¥¢¥¤;0,137931034;0,137931034;0,75;325456;16688209,64;16362753,64;189,3837227
1-700498223;4;¢¥¢¡¢¥¡¢¥¥¢¥§¥¤;¥¤;0,133333333;0,133333333;0,4;2260420;3689765,263;1429345,263;16,54334796
1-700566882;4;¥¤;;0;0;0;1905692;0;1905692;22,05662037
1-700842031;4;¥§¤;¥¢¥¤;0,5;0,5;0,5;5417699;10780016,72;5362317,716;62,06386245
1-701429911;4;¤;¤;1;1;1;1113986;9125048,027;8011062,027;92,72062531
1-702482271;4;¥¤;¥¡¥¤;0,5;0,5;0,666666667;1290;2918433,273;2917143,273;33,76323232
1-702501138;4;¥¤;¥¡¥¤;0,5;0,5;0,666666667;722493;3329485,083;2606992,083;30,17351948
1-703190797;4;¥¢¥¢¥¢¥¤;¡¥¤;0,25;0,25;0,5;1320259;3694237,042;2373978,042;27,47659771
1-703540157;4;¢¥§¢¥¢¥¢¥§¥¢¥¤;¢¥¤;0,214285714;0,214285714;0,75;4858009;1476561,336;3381447,664;39,13712575
1-704650867;4;¥§¤;¥¡¥¤;0,5;0,5;0,5;3129225;3304243,837;175018,8366;2,025680979
1-704661542;4;§¤;§¥§¥¢¥§¥¢¥¢¥¢¥¢¥¢¥¢¥¢¥¢¥¢¥¤;0,074074074;0,074074074;0,5;1111516;17150904,11;16039388,11;185,6410661
1-704703712;4;¡¥¤;¥¢¥¤;0,5;0,5;0,5;63869;1858060,793;1794191,793;20,76610872
1-704973871;4;¥¤;¥¤;1;1;1;641570;4124195,156;3482625,156;40,30816153
1-704977245;4;¢¥¤;§¤;0,333333333;0,333333333;0,25;141339;9257397,611;9116058,611;105,5099376
1-707300171;4;¥¢¡¢¥¥¥§¤;¥¥¢¥¤;0,444444444;0,444444444;0,6;4127329;3380315,363;747013,6368;8,645991167
1-707660543;4;¢¥¤;¥¤;0,666666667;0,666666667;0,666666667;3214420;3880753,609;666333,6086;7,712194544
1-708131711;4;¥¡¤;¥¤;0,666666667;0,666666667;0,666666667;2339495;2104261,199;235233,8015;2,722613443
1-708613661;4;¤;¤;1;1;1;1;1331428,492;1331427,492;15,41004042
1-709552565;4;¢¥¤;¥¤;0,666666667;0,666666667;0,666666667;1199478;3706470,002;2506992,002;29,01611114
1-709663551;4;¢¡¥¤;¢¥¤;0,75;0,75;0,75;554;1336335,418;1335781,418;15,46043308
1-709802861;4;¤;¤;1;1;1;1484;400859,0678;399375,0678;4,622396618
1-710114300;4;¢¥¢¥¢¥¤;¥¤;0,285714286;0,285714286;0,666666667;3276971;3551483,859;274512,8593;3,177232168
1-716571976;4;¥¤;¥¤;1;1;1;135761;1081983,531;946222,5307;10,95164966
1-717122893;4;¤;¥¤;0,5;0,5;0,5;3014321;10065473,82;7051152,819;81,61056503
1-718973785;4;¤;¥¤;0,5;0,5;0,5;1321948;10350443,32;9028495,32;104,4964736
1-719199254;4;¤¥¤¥¤;¤;0,2;0,2;0,5;72208;735872,0507;663664,0507;7,681296883
1-720069371;4;¥§¤;¥§¥§¥§¥§¥§¥§¥§¥¢¥¢¥¢¥¢¥¢¥¢¥¤;0,107142857;0,107142857;0,75;2305903;14360348,77;12054445,77;139,5190482
1-722674364;4;¢¥¢¡¢¡¥¤;¥¡¥¤;0,5;0,5;0,75;1679665;3409421,771;1729756,771;20,020333
1-726517211;4;¢¡¡¥¤;¡¥¤;0,6;0,6;0,75;1737221;3254126,737;1516905,737;17,55677936
1-728470722;4;¡¢¥¡¥¤;¥¥¢¥¤;0,5;0,5;0,75;3437018;4109165,548;672147,5477;7,779485505
1-728630851;4;¤;¤;1;1;1;116;932948,3487;932832,3487;10,7966707
1-732289301;4;¡¥¤;¥¢¥¤;0,5;0,5;0,5;2322960;1900514,011;422445,989;4,889421169
1-733562890;4;§¥¤;¡¥¤;0,666666667;0,666666667;0,5;1982785;3794315,231;1811530,231;20,96678508
1-735881798;4;¤;¤;1;1;1;26;444950,2383;444924,2383;5,149586092
1-736351127;4;¥¢¥¢¥¢¥¥¤;¥¡¥¤;0,333333333;0,333333333;0,5;638692;2996970,348;2358278,348;27,29488829
1-736351222;4;¥¢¥¢¥¢¥¥¤;¥¡¥¤;0,333333333;0,333333333;0,5;638830;3007692,47;2368862,47;27,4173897
1-737341073;4;¤;¡¥¤;0,333333333;0,333333333;0,333333333;131;3596426,061;3596295,061;41,62378543
1-739695919;4;¥¢¢¥¤¥¤;¢¥¤;0,428571429;0,428571429;1;1964988;1657314,975;307673,0246;3,561030377
1-741987554;4;§¢¥¤;§¥§¥§¥§¥§¥§¥§¥§¥¢¥¢¥¢¥¢¥¢¥¢¥¤;0,137931034;0,137931034;1;684072;9380815,907;8696743,907;100,6567582
1-741995108;4;¥¤;¥§¥§¥§¥§¥§¥§¥¢¥¢¥¢¥¢¥¢¥¢¥¢¥¤;0,071428571;0,071428571;0,5;11177;17953269,54;17942092,54;207,6631081
1-745941359;4;¤;¥¤;0,5;0,5;0,5;535;3924048,962;3923513,962;45,41104123
1-746205481;4;§¤;¥¤;0,5;0,5;0,333333333;514764;3780420,76;3265656,76;37,79695325
1-751006831;4;¥¡¥¤;;0;0;0;61;0;61;0,000706019
1-752067921;4;¤;¡¥¤;0,333333333;0,333333333;0,333333333;148;3632191,764;3632043,764;42,03754356
1-659922661;5;¤;¤;1;1;1;68;152057,0421;151989,0421;1,759132432
1-660268091;5;¤¥¢¥¤¥¤;¤;0,142857143;0,142857143;0,333333333;788685;387183,0603;401501,9397;4,647013191
1-660648920;5;¢¥§¤;¥¢¥¢¥¢¥¢¥¢¥¢¥¢¥¢¥¢¥¢¥¢¥¢¥¤;0,115384615;0,115384615;0,75;4836883;10748255,13;5911372,13;68,41865891
1-661184751;5;¥¤;¥¤;1;1;1;3113596;853981,402;2259614,598;26,15294674
1-663582660;5;¤;¤;1;1;1;41;658425,7578;658384,7578;7,620193956
1-669119156;5;¥¡¡¤;¥§¥§¥§¥¢¥¢¥¢¥¢¥¢¥¢¥¢¥¢¥¢¥¢¥¤;0,071428571;0,071428571;0,4;1374310;12725381,27;11351071,27;131,3781397
1-670754761;5;¥¥¤¥¤¥¤;§¥§¥§¥§¥§¥¢¥§¥¢¥¢¥§¥¢¥¢¥¢¥¤;0,185185185;0,185185185;0,5;1986503;15413934,59;13427431,59;155,4100879
1-672506739;5;¥¤;¥¢¥¢¥¢¥¢¥¢¥¢¥¢¥¢¥¢¥¢¥¢¥¢¥¤;0,076923077;0,076923077;0,666666667;1910800;10287681,3;8376881,303;96,95464471
1-672862385;5;¤;¡¥¤;0,333333333;0,333333333;0,333333333;6648688;2794391,856;3854296,144;44,60990907
1-675150191;5;§¤;¤;0,5;0,5;0,5;1370853;108151,5132;1262701,487;14,61460054
1-675150672;5;¤;¤;1;1;1;187;453357,4843;453170,4843;5,245028753
1-675685459;5;¥¤;¥¢¥¢¥¢¥¢¥¢¥¢¥¢¥¢¥¢¥¢¥¢¥¢¥¤;0,076923077;0,076923077;0,666666667;471511;9883853,197;9412342,197;108,9391458
1-675797761;5;¥¤;¥¢¥¢¥¢¥¢¥¢¥¢¥¢¥¢¥¢¥¢¥¢¥¢¥¤;0,076923077;0,076923077;0,666666667;530187;10217588,71;9687401,713;112,122705
1-675826063;5;¥¡¡¢¥§¡¥¤;¥¤;0,222222222;0,222222222;0,4;7264692;1252993,624;6011698,376;69,57984231
1-677811170;5;¥¡¥¡¥¤;¥¤;0,333333333;0,333333333;0,666666667;2437938;1301660,866;1136277,134;13,15135571
1-678755621;5;¥¡¥¤;¥¤;0,5;0,5;0,666666667;6375892;981437,2499;5394454,75;62,43581887
1-681929091;5;¤;¤;1;1;1;113;441757,6444;441644,6444;5,111627828
1-682262974;5;¢¥¢¥¢¥¢¥¢¥¢¥¥¢¢¥¥¥¥¢¢¥¤;¡¥¤;0,086956522;0,086956522;0,5;6547513;2826422,027;3721090,973;43,06818255
1-685134878;5;¢¡¢¥¤;¥¤;0,4;0,4;0,5;4852138;2263650,103;2588487,897;29,95935066
1-686531969;5;¥¤¥¤;;0;0;0;548;0;548;0,006342593
1-686642441;5;¥¤;¥¤;1;1;1;110;1955348,039;1955238,039;22,6300699
1-686642543;5;¥£¥¤;¥¤;0,5;0,5;0,666666667;4210810;1547131,588;2663678,412;30,82961125
1-687589251;5;¥¢¥¢¥¢¥¤;¥¤;0,25;0,25;0,666666667;3279712;1227893,112;2051818,888;23,7479038
1-687668119;5;¤;¤;1;1;1;69;6525836,79;6525767,79;75,52971979
1-688280019;5;¥¤;¥¤;1;1;1;791815;7521461,083;6729646,083;77,88942226
1-688380091;5;¥§¡¤;¥¤;0,5;0,5;0,5;2452260;8000967,961;5548707,961;64,22115695
1-688564824;5;¥¤;¥¤;1;1;1;2603653;2891180,52;287527,52;3,327864815
1-688725917;5;¥¤;¥¢¥¤;0,5;0,5;0,666666667;2536463;2245375,386;291087,6144;3,369069612
1-689469104;5;¢¥¢¥¤;¡¥¤;0,4;0,4;0,5;1847458;2742845,39;895387,3897;10,36327997
1-691093464;5;¢¥¤;¤;0,333333333;0,333333333;0,333333333;417784;559696,0164;141912,0164;1,64250019
1-691221687;5;¢¥¢¥¤;¡¥¤;0,4;0,4;0,5;1203021;2629407,262;1426386,262;16,50910026
1-691786096;5;¤;¥¤;0,5;0,5;0,5;1383932;2148877,945;764945,9446;8,853541025
1-692193396;5;¤;¤;1;1;1;1;441172,0696;441171,0696;5,106146639
1-693595201;5;¤;¡¥¤;0,333333333;0,333333333;0,333333333;6810423;2888335,774;3922087,226;45,39452808
1-693732401;5;§¤;¤;0,5;0,5;0,5;4919542;405842,496;4513699,504;52,24189241
1-694222066;5;¡¥¤;¥¤;0,666666667;0,666666667;0,666666667;6488;1439994,049;1433506,049;16,5915052
1-694385837;5;¥¤¥¤;¤;0,25;0,25;0,5;14172;778926,6711;764754,6711;8,851327212
1-694828073;5;§¡¢¥¡¥¡¢¥¥¤;¥¤;0,181818182;0,181818182;0,4;4431899;1797227,523;2634671,477;30,49388284
1-695486321;5;¤;¤;1;1;1;4937048;669108,3097;4267939,69;49,39745012
1-696097603;5;¥¡¥¢¡§¤;¥¤;0,285714286;0,285714286;0,4;2485806;1209286,988;1276519,012;14,7745256
1-696680265;5;¥§¤;¢¥¤;0,333333333;0,333333333;0,5;2257744;1864678,371;393065,6293;4,549370709
1-697458590;5;¡¥¥¡§¤;¥¤;0,333333333;0,333333333;0,5;4581921;1271211,225;3310709,775;38,31840017
1-697987547;5;¥¥¤;¥¤;0,666666667;0,666666667;1;4931202;1164176,568;3767025,432;43,59983139
1-698044001;5;¤;¤;1;1;1;37;365817,7724;365780,7724;4,233573755
1-698216063;5;¤;¤;1;1;1;738;259353,9046;258615,9046;2,993239636
1-698842669;5;¥¤;;0;0;0;2686200;0;2686200;31,09027778
1-698998499;5;¢¥§¤;¡¥¤;0,5;0,5;0,4;1903530;3006486,045;1102956,045;12,76569496
1-699103215;5;¢¥¡¢¥¢¥¥¤;¡¥¤;0,333333333;0,333333333;0,75;621408;2738984,339;2117576,339;24,5089854
1-699661601;5;¢¥¤;¥¢¥¢¥¢¥¢¥¢¥¢¥¢¥¢¥¢¥¢¥¢¥¢¥¤;0,115384615;0,115384615;1;260333;10507846,06;10247513,06;118,6054752
1-700498223;5;¥¢¡¢¥¡¢¥¥¢¥§¥¤;¥¤;0,142857143;0,142857143;0,4;2260058;1205502,378;1054555,622;12,20550489
1-700566882;5;¤;¤;1;1;1;1833187;710535,0999;1122651,9;12,99365625
1-700842031;5;§¤;¢¥¤;0,333333333;0,333333333;0,25;5417113;1371191,379;4045921,621;46,82779654
1-702482271;5;¤;¡¥¤;0,333333333;0,333333333;0,333333333;216;2829413,643;2829197,643;32,74534309
1-702501138;5;¤;¡¥¤;0,333333333;0,333333333;0,333333333;678;3007833,204;3007155,204;34,80503709
1-703190797;5;¢¥¢¥¢¥¤;¥¢¥¤;0,571428571;0,571428571;1;1320093;2339060,841;1018967,841;11,79360927
1-703540157;5;¥§¢¥¢¥¢¥§¥¢¥¤;¥¤;0,153846154;0,153846154;0,5;3913256;1237558,193;2675697,807;30,96872462
1-704650867;5;§¤;¡¥¤;0,333333333;0,333333333;0,25;3114896;2742968,394;371927,6058;4,30471766
1-704661542;5;¤;¥§¥§¥§¥§¥¢¥¢¥¢¥¢¥¢¥¢¥¢¥¢¥¤;0,038461538;0,038461538;0,25;1795;16899994,69;16898199,69;195,5810149
1-704703712;5;¥¤;¥¤;1;1;1;63847;2703992,245;2640145,245;30,55723663
1-704973871;5;¤;¤;1;1;1;11;394715,717;394704,717;4,568341633
1-704977245;5;¥¤;¥¤;1;1;1;140525;1260668,181;1120143,181;12,96462015
1-707300171;5;¢¡¢¥¥¥§¤;¡¥¤;0,375;0,375;0,6;4126782;3102828,825;1023953,175;11,85130989
1-707660543;5;¥¤;¥¤;1;1;1;94721;1066999,504;972278,5044;11,25322343
1-708131711;5;¡¤;¤;0,5;0,5;0,5;1723679;550441,2362;1173237,764;13,57914079
1-709552565;5;¥¤;¥¤;1;1;1;149385;1211800,144;1062415,144;12,29647157
1-709663551;5;¡¥¤;¥¤;0,666666667;0,666666667;0,666666667;515;988153,1082;987638,1082;11,43099662
1-710114300;5;¥¢¥¢¥¤;¥¤;0,333333333;0,333333333;0,666666667;3270797;1258525,388;2012271,612;23,29018069
1-716571976;5;¤;¤;1;1;1;25;565033,8568;565008,8568;6,539454361
1-719199254;5;¥¤¥¤;;0;0;0;72077;0;72077;0,834224537
1-720069371;5;§¤;§¥§¥§¥§¥§¥§¥§¥¢¥¢¥¢¥¢¥¢¥¢¥¤;0,074074074;0,074074074;0,5;2159004;7160829,435;5001825,435;57,89149809
1-722674364;5;¥¢¡¢¡¥¤;¥¤;0,285714286;0,285714286;0,5;1646899;1473268,743;173630,257;2,009609456
1-726517211;5;¡¡¥¤;¥¤;0,5;0,5;0,666666667;1737091;1192104,833;544986,1673;6,30771027
1-728470722;5;¢¥¡¥¤;¥¤;0,4;0,4;0,5;3227912;2406645,491;821266,5093;9,505399413
1-732289301;5;¥¤;¥¤;1;1;1;2319552;2551543;231990,9998;2,685081016
1-733562890;5;¥¤;¥¤;1;1;1;1209189;9263218,022;8054029,022;93,21792849
1-736351127;5;¢¥¢¥¢¥¥¤;¡¥¤;0,25;0,25;0,5;623169;3015993,337;2392824,337;27,69472612
1-736351222;5;¢¥¢¥¢¥¥¤;¡¥¤;0,25;0,25;0,5;623406;3020084,63;2396678,63;27,739336
1-739695919;5;¢¢¥¤¥¤;¥¢¥¢¥¤;0,666666667;0,666666667;1;1812363;3309048,003;1496685,003;17,32274309
1-741987554;5;¢¥¤;¥§¥§¥§¥§¥§¥§¥¢¥¢¥¢¥¢¥¢¥¢¥¢¥¤;0,107142857;0,107142857;0,75;681254;9162738,795;8481484,795;98,16533328
1-741995108;5;¤;§¥§¥§¥§¥§¥§¥¢¥¢¥¢¥¢¥¢¥¢¥¢¥¤;0,037037037;0,037037037;0,25;25;9459711,321;9459686,321;109,4871102
1-746205481;5;¤;¤;1;1;1;504906;6227616,612;5722710,612;66,23507652
1-751006831;5;¡¥¤;¤;0,333333333;0,333333333;0,333333333;51;780649,4694;780598,4694;9,034704507
1-660268091;6;¥¢¥¤¥¤;;0;0;0;788661;0;788661;9,128020833
1-660648920;6;¥§¤;¥¢¥¢¥¢¥¢¥¢¥¢¥¢¥¢¥¢¥¢¥¢¥¢¥¤;0,076923077;0,076923077;0,5;4836709;11180205,12;6343496,118;73,42009396
1-661184751;6;¤;¤;1;1;1;17;309229,2897;309212,2897;3,578845946
1-669119156;6;¡¡¤;§¥§¥§¥§¥§¥¢¥¢¥§¥¢¥¢¥¢¥¢¥¢¥¤;0,037037037;0,037037037;0,2;517996;11277607,45;10759611,45;124,53254
1-670754761;6;¥¤¥¤¥¤;¤;0,166666667;0,166666667;0,5;79263;279468,6576;200205,6576;2,317195111
1-672506739;6;¤;§¥¢¥¢¥¢¥¢¥¢¥¢¥¢¥¢¥¢¥¢¥¢¥¤;0,04;0,04;0,25;189;15468251,57;15468062,57;179,028502
1-675150191;6;¤;¤;1;1;1;1362409;6876946,544;5514537,544;63,82566602
1-675685459;6;¤;§¥¢¥¢¥¢¥¢¥¢¥¢¥¢¥¢¥¢¥¢¥¢¥¤;0,04;0,04;0,25;15;10822309,51;10822294,51;125,2580383
1-675797761;6;¤;¤;1;1;1;9;375071,6937;375062,6937;4,3410034
1-675826063;6;¡¡¢¥§¡¥¤;¤;0,125;0,125;0,2;7264687;556169,9301;6708517,07;77,64487349
1-677811170;6;¡¥¡¥¤;¤;0,2;0,2;0,333333333;1994487;549883,5751;1444603,425;16,71994705
1-678755621;6;¡¥¤;¤;0,333333333;0,333333333;0,333333333;5347991;461272,5284;4886718,472;56,55924157
1-682262974;6;¥¢¥¢¥¢¥¢¥¢¥¥¢¢¥¥¥¥¢¢¥¤;¥¤;0,090909091;0,090909091;0,666666667;6547459;1259932,117;5287526,883;61,19822781
1-685134878;6;¡¢¥¤;¥¤;0,5;0,5;0,5;4850858;1402357,022;3448500,978;39,91320576
1-686531969;6;¤¥¤;¤;0,333333333;0,333333333;0,5;477;716806,4243;716329,4243;8,290849819
1-686642441;6;¤;¤;1;1;1;105;430060,3212;429955,3212;4,976334736
1-686642543;6;£¥¤;¤;0,333333333;0,333333333;0,333333333;4204972;658023,9842;3546948,016;41,05263907
1-687589251;6;¢¥¢¥¢¥¤;¤;0,142857143;0,142857143;0,333333333;3279707;626724,3549;2652982,645;30,70581765
1-688280019;6;¤;¤;1;1;1;139;218837,3473;218698,3473;2,531230872
1-688380091;6;§¡¤;¤;0,333333333;0,333333333;0,333333333;2451285;160232,5121;2291052,488;26,5168112
1-688564824;6;¤;¤;1;1;1;685989;360453,7974;325535,2026;3,767768549
1-688725917;6;¤;¤;1;1;1;2531219;595195,0356;1936023,964;22,40768477
1-689469104;6;¥¢¥¤;¥¤;0,5;0,5;0,666666667;1847149;1191181,839;655967,1607;7,592212508
1-691093464;6;¥¤;¥¤;1;1;1;417678;1171056,964;753378,9637;8,719663932
1-691221687;6;¥¢¥¤;¥¤;0,5;0,5;0,666666667;1120875;1026929,873;93945,1265;1,087327853
1-693732401;6;¤;¥¤;0,5;0,5;0,5;4919534;5241156,609;321622,6089;3,7224839
1-694222066;6;¥¤;¥¤;1;1;1;5010;1495983,031;1490973,031;17,2566323
1-694385837;6;¤¥¤;¤;0,333333333;0,333333333;0,5;14042;540579,4091;526537,4091;6,094182976
1-694828073;6;¡¢¥¡¥¡¢¥¥¤;¤;0,1;0,1;0,25;4249312;5726997,264;1477685,264;17,10283871
1-696097603;6;¡¥¢¡§¤;¤;0,166666667;0,166666667;0,2;2485765;527800,9352;1957964,065;22,66162112
1-696680265;6;§¤;¥¢¥¢¥¤;0,166666667;0,166666667;0,25;2106045;3286554,265;1180509,265;13,66330168
1-697458590;6;¥¥¡§¤;¥¤;0,4;0,4;0,5;4571257;1061068,175;3510188,825;40,62718547
1-697987547;6;¥¤;¤;0,5;0,5;0,5;4931188;576623,6355;4354564,365;50,40005052
1-698842669;6;¤;¤;1;1;1;2686170;763977,1842;1922192,816;22,24760203
1-698998499;6;¥§¤;¥¤;0,666666667;0,666666667;0,666666667;1903257;1190888,408;712368,5922;8,245006854
1-699103215;6;¥¡¢¥¢¥¥¤;¥¤;0,25;0,25;0,5;621368;1160057,729;538689,7291;6,234834827
1-699661601;6;¥¤;¥¢¥¢¥¢¥¢¥¢¥¢¥¢¥¢¥¢¥¢¥¢¥¢¥¤;0,076923077;0,076923077;0,666666667;260203;11047166,4;10786963,4;124,8491135
1-700498223;6;¢¡¢¥¡¢¥¥¢¥§¥¤;¤;0,076923077;0,076923077;0,2;2259833;556424,8345;1703408,165;19,71537229
1-700842031;6;¤;¥¢¥¢¥¤;0,166666667;0,166666667;0,333333333;4839089;6940844,067;2101755,067;24,32586883
1-703190797;6;¥¢¥¢¥¤;¥¤;0,333333333;0,333333333;0,666666667;1320063;1216357,995;103705,0051;1,200289411
1-703540157;6;§¢¥¢¥¢¥§¥¢¥¤;¤;0,083333333;0,083333333;0,25;3912626;602054,5728;3310571,427;38,31679893
1-704650867;6;¤;¥¤;0,5;0,5;0,5;1206332;7147424,651;5941092,651;68,76264642
1-704703712;6;¤;¤;1;1;1;31;474098,4249;474067,4249;5,486891492
1-704977245;6;¤;¤;1;1;1;30;613493,1265;613463,1265;7,100267668
1-707300171;6;¡¢¥¥¥§¤;¥¤;0,285714286;0,285714286;0,4;3620970;1082293,465;2538676,535;29,38283027
1-707660543;6;¤;¤;1;1;1;17;504977,5692;504960,5692;5,844451033
1-708131711;6;¤;¥¤;0,5;0,5;0,5;1723662;2057945,273;334283,2734;3,869019368
1-709552565;6;¤;¤;1;1;1;147754;548367,2157;400613,2157;4,636727034
1-709663551;6;¥¤;¥¤;1;1;1;488;666884,1687;666396,1687;7,712918619
1-710114300;6;¢¥¢¥¤;¤;0,2;0,2;0,333333333;2914402;563979,0861;2350422,914;27,20396891
1-719199254;6;¤¥¤;¤;0,333333333;0,333333333;0,5;72073;640554,0413;568481,0413;6,579641682
1-720069371;6;¤;¥§¥§¥§¥§¥§¥§¥¢¥¢¥¢¥¢¥¢¥¢¥¤;0,038461538;0,038461538;0,25;2145907;7267697,776;5121790,776;59,27998583
1-722674364;6;¢¡¢¡¥¤;¤;0,166666667;0,166666667;0,25;1095907;627793,6653;468113,3347;5,417978411
1-726517211;6;¡¥¤;¥¤;0,666666667;0,666666667;0,666666667;1633193;928807,3016;704385,6984;8,15261225
1-728470722;6;¥¡¥¤;¥¤;0,5;0,5;0,666666667;3205224;1353503,586;1851720,414;21,43194923
1-732289301;6;¤;¤;1;1;1;34;416097,6918;416063,6918;4,815551989
1-733562890;6;¤;¤;1;1;1;43;370843,6539;370800,6539;4,291674235
1-736351127;6;¥¢¥¢¥¥¤;¥¤;0,285714286;0,285714286;0,666666667;623159;1217771,35;594612,3496;6,882087379
1-736351222;6;¥¢¥¢¥¥¤;¥¤;0,285714286;0,285714286;0,666666667;623352;1215086,908;591734,9081;6,848783659
1-739695919;6;¢¥¤¥¤;¥¤;0,4;0,4;0,666666667;1810373;1218626,553;591746,4475;6,848917216
1-741987554;6;¥¤;¥§¥§¥¢¥§¥¢¥¢¥¢¥¢¥¢¥¢¥¢¥¢¥¤;0,076923077;0,076923077;0,5;674700;7229858,605;6555158,605;75,86989126
1-751006831;6;¥¤;¥¤;1;1;1;3;526568,6822;526565,6822;6,094510211
1-660268091;7;¢¥¤¥¤;¤;0,2;0,2;0,333333333;602589;634467,3155;31878,31553;0,368961985
1-660648920;7;§¤;¢¥¢¥¢¥¢¥¢¥¢¥¢¥¢¥¢¥¢¥¢¥¢¥¤;0,04;0,04;0,25;4836273;10855950,45;6019677,453;69,67219274
1-669119156;7;¡¤;¥¤;0,5;0,5;0,333333333;517961;2180845,54;1662884,54;19,24634884
1-670754761;7;¤¥¤¥¤;¢¥¢¥¢¥§¥¢¥¢¥¢¥¢¥¢¥¢¥¢¥¢¥¤;0,12;0,12;0,5;3180;9793759,103;9790579,103;113,3168878
1-675826063;7;¡¢¥§¡¥¤;¥¤;0,285714286;0,285714286;0,4;7264627;1782980,541;5481646,459;63,44498216
1-677811170;7;¥¡¥¤;¥¤;0,5;0,5;0,666666667;1994446;1876489,496;117956,504;1,365237315
1-678755621;7;¥¤;¥¤;1;1;1;5347952;2352912,674;2995039,326;34,66480701
1-682262974;7;¢¥¢¥¢¥¢¥¢¥¥¢¢¥¥¥¥¢¢¥¤;¤;0,047619048;0,047619048;0,333333333;6396266;646112,6763;5750153,324;66,55270051
1-685134878;7;¢¥¤;¥¤;0,666666667;0,666666667;0,666666667;4850089;1031631,465;3818457,535;44,19511036
1-686531969;7;¥¤;;0;0;0;452;0;452;0,005231481
1-686642543;7;¥¤;¥¤;1;1;1;4204791;1276939,797;2927851,203;33,88716671
1-687589251;7;¥¢¥¢¥¤;¥¤;0,333333333;0,333333333;0,666666667;3279682;1201152,99;2078529,01;24,05704873
1-688380091;7;¡¤;¥§¥§¥§¥§¥§¥¢¥¢¥¢¥¢¥¢¥¢¥¤;0,041666667;0,041666667;0,2;2450895;11319752,88;8868857,885;102,6488181
1-689469104;7;¢¥¤;¤;0,333333333;0,333333333;0,333333333;1763292;609037,7893;1154254,211;13,35942374
1-691093464;7;¤;¤;1;1;1;216;548364,9458;548148,9458;6,344316502
1-691221687;7;¢¥¤;¤;0,333333333;0,333333333;0,333333333;1120404;499887,2714;620516,7286;7,181906581
1-694222066;7;¤;¤;1;1;1;30;455237,581;455207,581;5,268606262
1-694385837;7;¥¤;;0;0;0;14041;0;14041;0,162511574
1-694828073;7;¢¥¡¥¡¢¥¥¤;¥¤;0,222222222;0,222222222;0,5;3728789;482688,7358;3246100,264;37,57060491
1-696097603;7;¥¢¡§¤;¥¤;0,4;0,4;0,4;2485755;1774705,686;711049,3137;8,229737427
1-696680265;7;¤;¥¢¥¤;0,25;0,25;0,333333333;2105949;4958016,714;2852067,714;33,01004298
1-697458590;7;¥¡§¤;¤;0,25;0,25;0,25;4496785;532563,0167;3964221,983;45,88219888
1-697987547;7;¤;¢¥¤;0,333333333;0,333333333;0,333333333;4931158;1682199,11;3248958,89;37,60369085
1-698998499;7;§¤;¤;0,5;0,5;0,5;1902553;630098,6642;1272454,336;14,72748074
1-699103215;7;¡¢¥¢¥¥¤;¤;0,142857143;0,142857143;0,25;547623;601902,2436;54279,24358;0,628231986
1-699661601;7;¤;§¥¢¥¢¥¢¥¢¥¢¥¢¥¢¥¢¥¢¥¢¥¢¥¤;0,04;0,04;0,25;59;13735132,55;13735073,55;158,9707587
1-700498223;7;¡¢¥¡¢¥¥¢¥§¥¤;¥¤;0,166666667;0,166666667;0,4;1921669;1224292,241;697376,7588;8,071490264
1-703190797;7;¢¥¢¥¤;¤;0,2;0,2;0,333333333;1313850;638247,202;675602,798;7,819476829
1-703540157;7;¢¥¢¥¢¥§¥¢¥¤;¥¤;0,181818182;0,181818182;0,5;1496587;5445183,424;3948596,424;45,70134751
1-707300171;7;¢¥¥¥§¤;¥¤;0,333333333;0,333333333;0,5;3105717;803638,6613;2302078,339;26,64442522
1-709663551;7;¤;¤;1;1;1;46;468567,7651;468521,7651;5,422705614
1-710114300;7;¥¢¥¤;¥¤;0,5;0,5;0,666666667;2913718;1306312,704;1607405,296;18,60422796
1-719199254;7;¥¤;;0;0;0;72066;0;72066;0,834097222
1-722674364;7;¡¢¡¥¤;¥¤;0,4;0,4;0,5;1095660;1186163,136;90503,13559;1,047489995
1-726517211;7;¥¤;¥¤;1;1;1;90489;747624,1584;657135,1584;7,605731
1-728470722;7;¡¥¤;¤;0,333333333;0,333333333;0,333333333;1801785;544296,0449;1257488,955;14,55427031
1-736351127;7;¢¥¢¥¥¤;¤;0,166666667;0,166666667;0,333333333;623019;617709,8168;5309,183212;0,06144888
1-736351222;7;¢¥¢¥¥¤;¤;0,166666667;0,166666667;0,333333333;623081;616546,5813;6534,418688;0,075629846
1-739695919;7;¥¤¥¤;¥¤;0,5;0,5;1;1637561;1376320,633;261240,3666;3,023615354
1-741987554;7;¤;§¥§¥¢¥§¥¢¥¢¥¢¥¢¥¢¥¢¥¢¥¢¥¤;0,04;0,04;0,25;672701;7275531,287;6602830,287;76,42164685
1-751006831;7;¤;¤;1;1;1;2;526569,1117;526567,1117;6,094526756
1-660268091;8;¥¤¥¤;¥¤;0,5;0,5;1;602010;1044238,162;442228,1622;5,118381507
1-660648920;8;¤;¥¤;0,5;0,5;0,5;1808638;5338620,049;3529982,049;40,85627371
1-669119156;8;¤;¥¤;0,5;0,5;0,5;516098;297844,6616;218253,3384;2,526080305
1-670754761;8;¥¤¥¤;;0;0;0;2859;0;2859;0,033090278
1-675826063;8;¢¥§¡¥¤;¥¤;0,333333333;0,333333333;0,4;7264608;522283,6494;6742324,351;78,03616147
1-677811170;8;¡¥¤;¤;0,333333333;0,333333333;0,333333333;200636;444669,6901;244033,6901;2,824464005
1-678755621;8;¤;¤;1;1;1;1718776;429560,6348;1289215,365;14,92147413
1-682262974;8;¥¢¥¢¥¢¥¢¥¥¢¢¥¥¥¥¢¢¥¤;¥¤;0,1;0,1;0,666666667;6396220;1129383,613;5266836,387;60,95875448
1-685134878;8;¥¤;¥¤;1;1;1;4846819;1327335,604;3519483,396;40,73476153
1-686531969;8;¤;¤;1;1;1;396;662550,1794;662154,1794;7,663821521
1-686642543;8;¤;¤;1;1;1;667094;539573,5948;127520,4052;1,475930616
1-687589251;8;¢¥¢¥¤;¤;0,2;0,2;0,333333333;2933563;609725,1417;2323837,858;26,89627151
1-688380091;8;¤;¥¤;0,5;0,5;0,5;2105438;394958,1063;1710479,894;19,79722099
1-689469104;8;¥¤;¥¤;1;1;1;1763084;1094299,986;668784,0135;7,740555712
1-691221687;8;¥¤;¥¤;1;1;1;1120382;979905,0012;140476,9988;1,62589119
1-694385837;8;¤;¤;1;1;1;13325;592802,9827;579477,9827;6,706921096
1-694828073;8;¥¡¥¡¢¥¥¤;¥¤;0,25;0,25;0,5;3728641;1131084,448;2597556,552;30,06431194
1-696097603;8;¢¡§¤;¤;0,25;0,25;0,25;2485716;478613,3319;2007102,668;23,23035495
1-697458590;8;¡§¤;¢¥¢¥¤;0,2;0,2;0,2;4495345;2754193,454;1741151,546;20,15221697
1-698998499;8;¤;¥¢¥¤;0,25;0,25;0,333333333;1206736;5458907,039;4252171,039;49,21494258
1-699103215;8;¢¥¢¥¥¤;¥¤;0,333333333;0,333333333;0,666666667;547333;1400423,859;853090,859;9,873736793
1-700498223;8;¢¥¡¢¥¥¢¥§¥¤;¥¤;0,181818182;0,181818182;0,4;1146889;683760,4388;463128,5612;5,360284273
1-703190797;8;¥¢¥¤;¥¤;0,5;0,5;0,666666667;1313710;1253244,664;60465,3364;0,699830282
1-703540157;8;¥¢¥¢¥§¥¢¥¤;¥¤;0,2;0,2;0,5;1423610;1026633,068;396976,9322;4,594640419
1-707300171;8;¥¥¥§¤;¥¤;0,4;0,4;0,666666667;2980517;1071424,413;1909092,587;22,09597902
1-710114300;8;¢¥¤;¤;0,333333333;0,333333333;0,333333333;2416179;622222,2085;1793956,792;20,76338879
1-719199254;8;¤;¤;1;1;1;23;595108,1042;595085,1042;6,887559077
1-722674364;8;¢¡¥¤;¥¤;0,5;0,5;0,5;72369;827969,123;755600,123;8,745371794
1-726517211;8;¤;¤;1;1;1;5;458303,6736;458298,6736;5,304382797
1-728470722;8;¥¤;¥¤;1;1;1;1801760;1748297,462;53462,53813;0,618779377
1-736351127;8;¥¢¥¥¤;¥¤;0,4;0,4;0,666666667;11226;1140083,772;1128857,772;13,06548347
1-736351222;8;¥¢¥¥¤;¥¤;0,4;0,4;0,666666667;11111;1136648,114;1125537,114;13,02704993
1-739695919;8;¤¥¤;¤;0,333333333;0,333333333;0,5;1564587;627505,019;937081,981;10,84585626
1-660268091;9;¤¥¤;¤;0,333333333;0,333333333;0,5;5198;485940,0406;480742,0406;5,564143989
1-670754761;9;¤¥¤;¢¥¢¥¢¥¢¥¢¥¢¥¢¥¢¥¢¥¢¥¤;0,095238095;0,095238095;0,666666667;2853;7936938,906;7934085,906;91,82969799
1-675826063;9;¥§¡¥¤;¥¤;0,4;0,4;0,5;94852;1043724,918;948872,9177;10,98232544
1-677811170;9;¥¤;¥¤;1;1;1;200610;825006,2805;624396,2805;7,226808802
1-682262974;9;¢¥¢¥¢¥¢¥¥¢¢¥¥¥¥¢¢¥¤;¤;0,052631579;0,052631579;0,333333333;6394882;565505,5067;5829376,493;67,46963534
1-685134878;9;¤;¤;1;1;1;67;530857,212;530790,212;6,143405232
1-687589251;9;¥¢¥¤;¥¤;0,5;0,5;0,666666667;1709043;1154111,308;554931,6919;6,422820508
1-689469104;9;¤;¤;1;1;1;1759762;530336,9124;1229425,088;14,22945703
1-691221687;9;¤;¤;1;1;1;1120363;418769,6795;701593,3205;8,120293061
1-694828073;9;¡¥¡¢¥¥¤;¤;0,142857143;0,142857143;0,25;3728638;509586,0332;3219051,967;37,25754591
1-696097603;9;¡§¤;¥¢¥¤;0,25;0,25;0,2;2485698;2098161,221;387536,7786;4,485379382
1-697458590;9;§¤;¥¤;0,5;0,5;0,333333333;4495228;855934,0744;3639293,926;42,12145747
1-699103215;9;¥¢¥¥¤;¥¤;0,4;0,4;0,666666667;283946;1056585,66;772639,6605;8,942588663
1-700498223;9;¥¡¢¥¥¢¥§¥¤;¥¤;0,2;0,2;0,4;1146594;1116096,557;30497,44323;0,352979667
1-703190797;9;¢¥¤;¤;0,333333333;0,333333333;0,333333333;1309139;638271,0054;670867,9946;7,764675864
1-703540157;9;¢¥¢¥§¥¢¥¤;¤;0,111111111;0,111111111;0,25;1422391;461807,3063;960583,6937;11,11786683
1-707300171;9;¥¥§¤;¤;0,25;0,25;0,333333333;2948400;468355,13;2480044,87;28,70422303
1-710114300;9;¥¤;¥¤;1;1;1;2416123;1188505,251;1227617,749;14,20853877
1-722674364;9;¡¥¤;¥¤;0,666666667;0,666666667;0,666666667;70449;1127010,823;1056561,823;12,22872481
1-728470722;9;¤;¤;1;1;1;70002;428319,609;358317,609;4,147194549
1-736351127;9;¢¥¥¤;¤;0,25;0,25;0,333333333;8913;546716,625;537803,625;6,224578993
1-736351222;9;¢¥¥¤;¤;0,25;0,25;0,333333333;8683;545282,5957;536599,5957;6,210643469
1-739695919;9;¥¤;;0;0;0;1115720;0;1115720;12,91342593
1-660268091;10;¥¤;;0;0;0;5144;0;5144;0,059537037
1-670754761;10;¥¤;;0;0;0;2812;0;2812;0,032546296
1-675826063;10;§¡¥¤;¤;0,25;0,25;0,25;91200;497833,8642;406633,8642;4,706410465
1-677811170;10;¤;¤;1;1;1;109;487490,0192;487381,0192;5,640984019
1-682262974;10;¥¢¥¢¥¢¥¥¢¢¥¥¥¥¢¢¥¤;¥¤;0,111111111;0,111111111;0,666666667;6034591;1111778,702;4922812,298;56,97699419
1-687589251;10;¢¥¤;¤;0,333333333;0,333333333;0,333333333;1708562;531361,0701;1177200,93;13,62501076
1-694828073;10;¥¡¢¥¥¤;¥¤;0,333333333;0,333333333;0,5;3728590;1731361,254;1997228,746;23,11607345
1-696097603;10;§¤;¥¢¥¢¥¤;0,166666667;0,166666667;0,25;2485670;2688722,64;203052,6399;2,350146295
1-697458590;10;¤;¥¢¥¢¥¢¥¢¥¢¥¢¥¢¥¢¥¢¥¤;0,05;0,05;0,333333333;4495148;9530291,942;5035143,942;58,27712896
1-699103215;10;¢¥¥¤;¤;0,25;0,25;0,333333333;95564;483311,7947;387747,7947;4,487821698
1-700498223;10;¡¢¥¥¢¥§¥¤;¤;0,111111111;0,111111111;0,2;1060331;476804,0931;583526,9069;6,753783644
1-703190797;10;¥¤;¥¤;1;1;1;1309116;1159311,972;149804,0275;1,733842911
1-703540157;10;¥¢¥§¥¢¥¤;¥¤;0,25;0,25;0,5;1421107;946878,6472;474228,3528;5,488754083
1-707300171;10;¥§¤;¢¥¤;0,333333333;0,333333333;0,5;2941951;1396344,222;1545606,778;17,88896734
1-710114300;10;¤;¤;1;1;1;37;494608,2645;494571,2645;5,724204451
1-722674364;10;¥¤;¥¤;1;1;1;64412;776977,741;712565,741;8,247288669
1-736351127;10;¥¥¤;¥¤;0,666666667;0,666666667;1;8723;1081775,313;1073052,313;12,41958695
1-736351222;10;¥¥¤;¥¤;0,666666667;0,666666667;1;8638;1080512,201;1071874,201;12,4059514
1-739695919;10;¤;¤;1;1;1;462;583812,4319;583350,4319;6,75174111
1-660268091;11;¤;¤;1;1;1;242;513808,8584;513566,8584;5,944060861
1-670754761;11;¤;¢¥¤;0,333333333;0,333333333;0,333333333;460;1105216,339;1104756,339;12,7865317
1-675826063;11;¡¥¤;¥¤;0,666666667;0,666666667;0,666666667;87278;5041193,725;4953915,725;57,33698756
1-682262974;11;¢¥¢¥¢¥¥¢¢¥¥¥¥¢¢¥¤;¤;0,058823529;0,058823529;0,333333333;5862695;496575,2312;5366119,769;62,10786769
1-687589251;11;¥¤;¥¤;1;1;1;1707644;1062343,74;645300,2595;7,468753004
1-694828073;11;¡¢¥¥¤;¤;0,2;0,2;0,25;3728586;447862,5294;3280723,471;37,97133646
1-696097603;11;¤;¥¢¥¤;0,25;0,25;0,333333333;2324024;1511844,345;812179,6545;9,400227483
1-699103215;11;¥¥¤;¥¤;0,666666667;0,666666667;1;95512;1026784,231;931272,2313;10,77861379
1-700498223;11;¢¥¥¢¥§¥¤;¥¤;0,25;0,25;0,5;1060279;924331,5352;135947,4648;1,573466028
1-703190797;11;¤;¤;1;1;1;1117;519830,7998;518713,7998;6,003631942
1-703540157;11;¢¥§¥¢¥¤;¤;0,142857143;0,142857143;0,25;1397985;420388,9823;977596,0177;11,31476872
1-707300171;11;§¤;¢¥¢¥¤;0,2;0,2;0,25;413251;2075824,168;1662573,168;19,242745
1-722674364;11;¤;¤;1;1;1;226;493153,9901;492927,9901;5,705185071
1-736351127;11;¥¤;¤;0,5;0,5;0,5;8237;504852,9084;496615,9084;5,74786931
1-736351222;11;¥¤;¤;0,5;0,5;0,5;8461;504254,205;495793,205;5,73834728
1-675826063;12;¥¤;¥¤;1;1;1;86191;408631,6599;322440,6599;3,731952082
1-682262974;12;¥¢¥¢¥¥¢¢¥¥¥¥¢¢¥¤;¥¤;0,125;0,125;0,666666667;5432253;1077643,284;4354609,716;50,40057542
1-687589251;12;¤;¤;1;1;1;214;427955,9331;427741,9331;4,950716818
1-694828073;12;¢¥¥¤;¥¢¥¤;0,5;0,75;1;3728422;1632332,621;2096089,379;24,26029374
1-699103215;12;¥¤;¤;0,5;0,5;0,5;108;459206,9741;459098,9741;5,313645533
1-700498223;12;¥¥¢¥§¥¤;¥¤;0,285714286;0,285714286;0,5;771837;1008019,95;236182,9505;2,733598964
1-703540157;12;¥§¥¢¥¤;¥¤;0,333333333;0,333333333;0,5;1393040;994428,359;398611,641;4,61356066
1-707300171;12;¤;¥¢¥¤;0,25;0,25;0,333333333;412283;1405098,334;992815,3343;11,49091822
1-736351127;12;¤;¢¥¢¥¢¥¢¥¢¥¢¥¢¥¢¥¢¥¤;0,052631579;0,052631579;0,333333333;5900;9943435,319;9937535,319;115,0177699
1-736351222;12;¤;¢¥¢¥¢¥¢¥¢¥¢¥¢¥¢¥¢¥¤;0,052631579;0,052631579;0,333333333;5958;9923240,015;9917282,015;114,7833567
1-675826063;13;¤;¤;1;1;1;31;312819,1175;312788,1175;3,620232841
1-682262974;13;¢¥¢¥¥¢¢¥¥¥¥¢¢¥¤;¤;0,066666667;0,066666667;0,333333333;5350963;457142,2173;4893820,783;56,64144424
1-694828073;13;¥¥¤;¥¤;0,666666667;0,666666667;1;94895;921741,939;826846,939;9,56998772
1-699103215;13;¤;¢¥¢¥¢¥¢¥¢¥¢¥¢¥¢¥¤;0,058823529;0,058823529;0,333333333;97;8418476,247;8418379,247;97,43494498
1-700498223;13;¥¢¥§¥¤;¤;0,166666667;0,166666667;0,25;770877;414111,0321;356765,9679;4,129235739
1-703540157;13;§¥¢¥¤;¤;0,2;0,2;0,25;1346624;395170,4347;951453,5653;11,01219404
1-682262974;14;¥¢¥¥¢¢¥¥¥¥¢¢¥¤;¥¢¥¢¥¢¥¢¥¢¥¢¥¢¥¤;0,6875;0,75;1;5097220;8102996,982;3005776,982;34,78908544
1-694828073;14;¥¤;¤;0,5;0,5;0,5;79293;362691,3738;283398,3738;3,280073771
1-700498223;14;¢¥§¥¤;¢¥¤;0,6;0,6;0,75;456790;1368446,448;911656,4476;10,55157925
1-703540157;14;¥¢¥¤;¥¢¥¢¥¢¥¢¥¢¥¢¥¢¥¤;0,25;0,25;1;1346606;7287929,767;5941323,767;68,76532137
1-682262974;15;¢¥¥¢¢¥¥¥¥¢¢¥¤;¢¥¢¥¢¥¢¥¢¥¢¥¢¥¤;0,666666667;0,733333333;1;5097214;7511692,383;2414478,383;27,94535166
1-694828073;15;¤;¢¥¤;0,333333333;0,333333333;0,333333333;32;1277928,127;1277896,127;14,79046443
1-700498223;15;¥§¥¤;¥¢¥¢¥¢¥¢¥¢¥¢¥¢¥¤;0,1875;0,1875;0,5;456662;7421867,979;6965205,979;80,61580994
1-703540157;15;¢¥¤;¢¥¢¥¢¥¢¥¢¥¢¥¢¥¤;0,2;0,2;1;1334431;6874006,953;5539575,953;64,11546242
1-682262974;16;¥¥¢¢¥¥¥¥¢¢¥¤;¥¢¥¢¥¢¥¢¥¢¥¢¥¤;0,642857143;0,714285714;1;5096397;7042654,011;1946257,011;22,52612282
1-700498223;16;§¥¤;¢¥¤;0,666666667;0,666666667;0,5;453222;1308574,452;855352,452;9,899912639
1-703540157;16;¥¤;¥¢¥¢¥¢¥¢¥¢¥¢¥¤;0,142857143;0,142857143;0,666666667;1332826;6645443,482;5312617,482;61,48862826
1-682262974;17;¥¢¢¥¥¥¥¢¢¥¤;¢¥¢¥¢¥¢¥¢¥¢¥¤;0,615384615;0,692307692;1;5094445;6468548,132;1374103,132;15,90397144
1-700498223;17;¥¤;¥¢¥¢¥¢¥¢¥¢¥¢¥¤;0,142857143;0,142857143;0,666666667;449365;6162579,104;5713214,104;66,12516325
1-703540157;17;¤;¤;1;1;1;841108;359482,5224;481625,4776;5,574368953
1-682262974;18;¢¢¥¥¥¥¢¢¥¤;¢¥¢¥¢¥¢¥¢¥¢¥¤;0,692307692;0,692307692;1;5094139;6438234,44;1344095,44;15,55666019
1-700498223;18;¤;¢¥¢¥¢¥¢¥¢¥¢¥¤;0,076923077;0,076923077;0,333333333;958;5678140,025;5677182,025;65,70812529
1-682262974;19;¢¥¥¥¥¢¢¥¤;¥¢¥¢¥¢¥¢¥¢¥¤;0,666666667;0,666666667;1;5094017;5977553,07;883536,0696;10,22611192
1-682262974;20;¥¥¥¥¢¢¥¤;¥¢¥¢¥¢¥¢¥¤;0,7;0,7;1;3266607;4776515,906;1509908,906;17,47579753
1-682262974;21;¥¥¥¢¢¥¤;¢¥¢¥¢¥¢¥¤;0,666666667;0,666666667;1;3266606;4153270,828;886664,8284;10,2623244
1-682262974;22;¥¥¢¢¥¤;¢¥¢¥¢¥¢¥¤;0,666666667;0,666666667;1;3266560;4116866,914;850306,9137;9,841515205
1-682262974;23;¥¢¢¥¤;¢¥¢¥¢¥¤;0,714285714;0,714285714;1;3266325;3160243,432;106081,5683;1,227795929
1-682262974;24;¢¢¥¤;¢¥¢¥¢¥¤;0,571428571;0,571428571;1;3266132;3178034,904;88097,09609;1,019642316
1-682262974;25;¢¥¤;¥¢¥¢¥¤;0,5;0,5;1;3265948;2769968,267;495979,7331;5,740506171
1-682262974;26;¥¤;¥¢¥¤;0,5;0,5;0,666666667;1810330;1756131,771;54198,2291;0,627294318
1-682262974;27;¤;¢¥¤;0,333333333;0,333333333;0,333333333;1646156;1129273,798;516882,2018;5,982432891
