CaseID,Prefix length,Groud truth,Predicted,Levenshtein,Damerau,Jaccard,Ground truth times,Predicted times,RMSE,MAE
1-659239126,2,¤,¥§¤,0.33333333333333337,0.33333333333333337,0.33333333333333326,6760508,26315668.40628803,,19555160.40628803
1-659716213,2,¤,¢¥§¢¥¢¥¢¥¤¥¢¥¢¥¤,0.0625,0.0625,0.25,184,21890256.986113828,,21890072.986113828
1-659718901,2,¥¥¤,¥¡¥¤,0.75,0.75,0.6666666666666666,7861837,46241407.26650545,,38379570.26650545
1-659922661,2,¥§¥¤,¥¡¥¤,0.75,0.75,0.5,3036348,53590798.253402315,,50554450.253402315
1-659934601,2,§¤,¤,0.5,0.5,0.5,4658693,4930004.092279523,,271311.0922795227
1-660268091,2,¥¡¥¤¥¢¥¤¥¤,¥¡¥¤,0.4,0.4,0.75,2339362,50390212.94094052,,48050850.94094052
1-660374694,2,¥¤,¥¡¥¤,0.5,0.5,0.6666666666666666,7927081,47718395.22111384,,39791314.22111384
1-660393401,2,¤,¤,1.0,1.0,1.0,590413,11661678.606693428,,11071265.606693428
1-660509893,2,¥¤,¥¡¥¤,0.5,0.5,0.6666666666666666,3069417,53290160.74163089,,50220743.74163089
1-660636558,2,¢¥¤,¥¡¥¤,0.5,0.5,0.5,2846121,47974731.86050453,,45128610.86050453
1-660648920,2,¢¥¥¢¥§¤,¤,0.1428571428571429,0.1428571428571429,0.25,6670278,9630950.191395432,,2960672.1913954318
1-660786538,2,¤,¤,1.0,1.0,1.0,5444952,9613343.936608318,,4168391.9366083182
1-660903884,2,¤,¤,1.0,1.0,1.0,11,3357694.965573859,,3357683.965573859
1-661134924,2,¥¥¤,¥¡¥¤,0.75,0.75,0.6666666666666666,1937935,52022431.13592985,,50084496.13592985
1-661184751,2,§¥¢¥¤,¥§¤,0.4,0.4,0.75,5382830,24714178.460684776,,19331348.460684776
1-661706786,2,¤,¤,1.0,1.0,1.0,6540736,10225535.510488272,,3684799.5104882717
1-662272981,2,¤,¤,1.0,1.0,1.0,777343,9753211.432616001,,8975868.432616001
1-663582660,2,¥¢¥¤,¥¢¥§¢¥¢¥¢¥¢¥¤,0.3076923076923077,0.3076923076923077,0.75,87253,9166143.335014837,,9078890.335014837
1-663749238,2,¤,¤,1.0,1.0,1.0,1551305,9585883.793667788,,8034578.793667788
1-663891165,2,¥§¤,¥§¤,1.0,1.0,1.0,3292134,24162500.964582518,,20870366.964582518
1-664730121,2,¤,¤,1.0,1.0,1.0,621307,9507932.16685319,,8886625.16685319
1-669119156,2,¥§¢¥¡¡¤,¤,0.1428571428571429,0.1428571428571429,0.19999999999999996,1968731,9578032.289400512,,7609301.289400512
1-670754761,2,¢¡¥¥¥¤¥¤¥¤,¤,0.09999999999999998,0.09999999999999998,0.25,3818724,9740506.11054629,,5921782.110546291
1-671933304,2,¤,¤,1.0,1.0,1.0,4588347,10438957.241246872,,5850610.241246872
1-672299434,2,¤,¥¡¥¤,0.25,0.25,0.33333333333333326,3755601,51121651.26034874,,47366050.26034874
1-672506739,2,¢¥¢¥¤,¤,0.19999999999999996,0.19999999999999996,0.33333333333333326,4922749,9702624.73735127,,4779875.73735127
1-672740630,2,¤,¥¡¥¤,0.25,0.25,0.33333333333333326,1814645,53836071.6911483,,52021426.6911483
1-672807011,2,¤,¤,1.0,1.0,1.0,51,1407241.776725004,,1407190.776725004
1-672860819,2,¤,¥¡¥¤,0.25,0.25,0.33333333333333326,211937,51151692.96935277,,50939755.96935277
1-672862385,2,¥¢¥¤,¥¡¥¤,0.75,0.75,0.5,7882852,53283879.36644395,,45401027.36644395
1-672975080,2,¤,¢¥¡¥¤,0.19999999999999996,0.19999999999999996,0.25,72811,54450945.8091517,,54378134.8091517
1-673197539,2,¤,¤,1.0,1.0,1.0,183882,13958030.115413139,,13774148.115413139
1-673224718,2,¥§¤,¥¡¥¤,0.5,0.5,0.5,7789517,53981287.61954426,,46191770.61954426
1-673359575,2,§¥¤,¤,0.33333333333333337,0.33333333333333337,0.33333333333333326,3890117,9652138.161280844,,5762021.161280844
1-673429845,2,¢¥¤,¥¡¥¤,0.5,0.5,0.5,67897,56455624.76831866,,56387727.76831866
1-673487817,2,¤,¤,1.0,1.0,1.0,34021,9951060.70241694,,9917039.70241694
1-675046360,2,¤,¤,1.0,1.0,1.0,1391771,10144133.697712995,,8752362.697712995
1-675150191,2,¥§¥§¤,¥§¥§¥§¥§¥§¥§¥§¥§¥§¥§¥§¥§¥§¥§¥¤,0.16666666666666663,0.16666666666666663,1.0,6215546,37978790.09129498,,31763244.09129498
1-675150672,2,¥¡¥¤,¥¡¥¤,1.0,1.0,1.0,6064827,53881169.13073398,,47816342.13073398
1-675685459,2,¤¥¢¥¤,¤,0.19999999999999996,0.19999999999999996,0.33333333333333326,2258444,9612759.90797486,,7354315.90797486
1-675758382,2,¤,¤,1.0,1.0,1.0,1391659,10143558.503126092,,8751899.503126092
1-675797761,2,¤¥¢¥¤,¤,0.19999999999999996,0.19999999999999996,0.33333333333333326,2157923,9698261.699913085,,7540338.6999130845
1-675826063,2,¥¡¢¥¡¡¢¥§¡¥¤,¥¡¥¤,0.33333333333333337,0.33333333333333337,0.6,7343569,54376316.581360444,,47032747.581360444
1-675828021,2,¤,¢¥§¤,0.25,0.25,0.25,3023432,18634090.95076956,,15610658.950769559
1-677811170,2,¥¡¢¥¡¥¡¥¤,¥¡¥¤,0.4444444444444444,0.4444444444444444,0.75,2444735,54179963.51684746,,51735228.51684746
1-678370811,2,¤,¥¡¥¤,0.25,0.25,0.33333333333333326,84509,50120388.61423197,,50035879.61423197
1-678626550,2,¤,¤,1.0,1.0,1.0,199,2102307.2590828044,,2102108.2590828044
1-678755621,2,¥§¢¥¡¥¤,¥¡¥¤,0.5714285714285714,0.5714285714285714,0.6,8910256,54198632.61786091,,45288376.61786091
1-681864502,2,¥¤,¥§¤,0.6666666666666667,0.6666666666666667,0.6666666666666666,8811858,24381763.840541333,,15569905.840541333
1-681929091,2,¥¡¥¤,¥¡¥¤,1.0,1.0,1.0,5895145,52007954.648873106,,46112809.648873106
1-682059903,2,¥¤,¥¡¥¤,0.5,0.5,0.6666666666666666,4029282,53642096.76423784,,49612814.76423784
1-682262974,2,¥¢¥¢¥¢¥¢¥¢¥¢¥¢¥¥¢¢¥¥¥¥¢¢¥¤,¥¡¥¤,0.11538461538461542,0.11538461538461542,0.5,6895307,53644341.65497147,,46749034.65497147
1-682342767,2,¥¤,¥¡¥¤,0.5,0.5,0.6666666666666666,3012998,53665737.22495096,,50652739.22495096
1-682357851,2,¤,¤,1.0,1.0,1.0,23,3437782.9593140385,,3437759.9593140385
1-682409211,2,¤,¤,1.0,1.0,1.0,2699231,9530738.730379898,,6831507.730379898
1-682409241,2,¤,¤,1.0,1.0,1.0,4982405,9535105.694060998,,4552700.694060998
1-683298971,2,§¤,¥§¤,0.6666666666666667,0.6666666666666667,0.6666666666666666,6654999,27062517.351828784,,20407518.351828784
1-683752875,2,¥§¤,¥¡¥¤,0.5,0.5,0.5,94976,53268295.065409996,,53173319.065409996
1-685134878,2,¢¢¡¢¡¢¥¤,¢¥¡¥¤,0.5,0.5,1.0,5640537,45292567.110279664,,39652030.110279664
1-685300128,2,¤,¤,1.0,1.0,1.0,3617912,13491104.62154762,,9873192.62154762
1-686405886,2,¤,¤,1.0,1.0,1.0,1139499,1622035.974772229,,482536.9747722291
1-686477306,2,¤,¤,1.0,1.0,1.0,91,3010901.7077087928,,3010810.7077087928
1-686531969,2,¢¥¤¥¤¥¤,¤,0.1428571428571429,0.1428571428571429,0.33333333333333326,3133,1438429.1511418335,,1435296.1511418335
1-686557724,2,¥¤,¥§¤,0.6666666666666667,0.6666666666666667,0.6666666666666666,7339296,25094569.315335505,,17755273.315335505
1-686642441,2,¥¡¡¥¤,¢¥¡¥¤,0.6,0.6,0.75,5266602,49450517.98602218,,44183915.98602218
1-686642543,2,¥¢¢¥£¥¤,¢¥¡¥¤,0.5714285714285714,0.5714285714285714,0.6,4214498,48975190.51636333,,44760692.51636333
1-686945977,2,§¤,¤,0.5,0.5,0.5,6027013,9612413.4170377,,3585400.4170376994
1-686966285,2,¤,¤,1.0,1.0,1.0,2343678,9566688.392061232,,7223010.392061232
1-687129760,2,¤,¥§¥§¥§¥§¥§¥§¥§¥§¥§¥§¥§¥§¥§¥¤,0.0357142857142857,0.0357142857142857,0.33333333333333326,100,23272820.761761915,,23272720.761761915
1-687589251,2,¢¥¢¥¢¥¢¥¢¥¤,¥¡¥¤,0.2727272727272727,0.2727272727272727,0.5,4481480,53596158.31115047,,49114678.31115047
1-687649700,2,¤,¥§¤,0.33333333333333337,0.33333333333333337,0.33333333333333326,2889,23501694.5282463,,23498805.5282463
1-687668119,2,¥¡§¤,¥¡¥¤,0.75,0.75,0.75,1619254,53084699.46838043,,51465445.46838043
1-688280019,2,¢¥§¥¤,¥¡¥¤,0.6,0.6,0.4,1312533,48691504.497025564,,47378971.497025564
1-688342754,2,§¤,¥§¤,0.6666666666666667,0.6666666666666667,0.6666666666666666,3706471,26972437.80604302,,23265966.80604302
1-688380091,2,¢¥§¥§¡¤,¤,0.1428571428571429,0.1428571428571429,0.19999999999999996,3128595,18835598.7427958,,15707003.742795799
1-688509388,2,¤,¥¡¥¤,0.25,0.25,0.33333333333333326,510200,49325479.94017445,,48815279.94017445
1-688515611,2,¡¥¤,¥§¤,0.33333333333333337,0.33333333333333337,0.5,6140586,25619331.802786823,,19478745.802786823
1-688564824,2,¢¥¡¥¤,¥¡¥¤,0.8,0.8,0.75,2770331,53316387.36947343,,50546056.36947343
1-688725917,2,¥¥¢¥¤,¥¡¥¤,0.6,0.6,0.5,3127967,53389802.52933862,,50261835.52933862
1-689160381,2,¤,¤,1.0,1.0,1.0,4223652,15882910.94799255,,11659258.94799255
1-689176751,2,¥¤,,0.0,0.0,0.0,1230322,0,,1230322.0
1-689252781,2,¤,¤,1.0,1.0,1.0,2672498,9708323.678940944,,7035825.678940944
1-689469104,2,¥¢¥¢¥¢¥¤,¥¡¥¤,0.375,0.375,0.5,1908071,53828170.86345442,,51920099.86345442
1-689525975,2,¤,¤,1.0,1.0,1.0,2649320,9668281.890582493,,7018961.890582493
1-690184941,2,¤,¤,1.0,1.0,1.0,454155,9646693.443919852,,9192538.443919852
1-690190570,2,¤,¤,1.0,1.0,1.0,4061211,11695991.025079621,,7634780.025079621
1-690327837,2,¥¤,,0.0,0.0,0.0,9,0,,9.0
1-690419865,2,¤,¤,1.0,1.0,1.0,1288236,11402786.075187042,,10114550.075187042
1-690447511,2,§¤,¢¥¡¥¤,0.19999999999999996,0.19999999999999996,0.19999999999999996,4338274,44088399.819198675,,39750125.819198675
1-690762471,2,¢¥¤,¢¥¡¥¤,0.6,0.6,0.75,9000,47382014.574173115,,47373014.574173115
1-690931471,2,¥¤,¥¡¥¤,0.5,0.5,0.6666666666666666,267337,51582486.1698939,,51315149.1698939
1-691093464,2,¥¢¥¢¥¤,,0.0,0.0,0.0,2732782,0,,2732782.0
1-691221687,2,¥¢¥¢¥¢¥¤,¤,0.125,0.125,0.33333333333333326,2608713,1598902.5515229285,,1009810.4484770715
1-691767241,2,¤,¥§¤,0.33333333333333337,0.33333333333333337,0.33333333333333326,5909762,24626683.36429715,,18716921.36429715
1-691786096,2,¥¡¡¤,¥¡¥¤,0.75,0.75,1.0,2357174,52391953.10728636,,50034779.10728636
1-691786330,2,¥¡¤,¥¡¥¤,0.75,0.75,1.0,2427140,52306526.71148158,,49879386.71148158
1-692042197,2,¤,¤,1.0,1.0,1.0,7,2442868.5878826207,,2442861.5878826207
1-692055495,2,¥¤,¥¡¥¤,0.5,0.5,0.6666666666666666,4122672,53643759.19070042,,49521087.19070042
1-692193396,2,¥¡¥¤,¥¡¥¤,1.0,1.0,1.0,5796543,53471773.58598889,,47675230.58598889
1-692813576,2,¤,¤,1.0,1.0,1.0,4744288,10396842.396629827,,5652554.396629827
1-692959195,2,¤,¤,1.0,1.0,1.0,1988283,9731117.482178183,,7742834.482178183
1-693456968,2,¢¥¤,¥¡¥¤,0.5,0.5,0.5,5632828,54100463.47798366,,48467635.47798366
1-693595201,2,¥¢¥¤,¥¡¥¤,0.75,0.75,0.5,7349245,53698265.779408194,,46349020.779408194
1-693732401,2,¥¡¥§¤,¥¡¥¤,0.8,0.8,0.75,5433653,53981135.10954607,,48547482.10954607
1-693741781,2,¤,¤,1.0,1.0,1.0,74,2426264.5065993057,,2426190.5065993057
1-693789171,2,¤¥¤,¤,0.33333333333333337,0.33333333333333337,0.5,164,5131613.230450982,,5131449.230450982
1-693812929,2,¤,¥¡¥¤,0.25,0.25,0.33333333333333326,1116617,48388668.84135022,,47272051.84135022
1-693895885,2,¥¤,¥§¤,0.6666666666666667,0.6666666666666667,0.6666666666666666,3587048,25280729.17842073,,21693681.17842073
1-694222066,2,¥¢¡¡¥¤,¥¡¥¤,0.6666666666666667,0.6666666666666667,0.75,5556474,54074480.58393952,,48518006.58393952
1-694338411,2,¤,¢¥¡¥¤,0.19999999999999996,0.19999999999999996,0.25,4135095,41439780.58169334,,37304685.58169334
1-694346343,2,¤,¤,1.0,1.0,1.0,103,2889999.437316832,,2889896.437316832
1-694354058,2,¢¥¤,¥¡¥¤,0.5,0.5,0.5,1120828,53889830.60664491,,52769002.60664491
1-694385837,2,¥¤¥¥¤¥¤,,0.0,0.0,0.0,1673127,0,,1673127.0
1-694597155,2,§¥¤,¥¡¥¤,0.5,0.5,0.5,4723762,44759336.759771116,,40035574.759771116
1-694794065,2,¥¤,¥§¤,0.6666666666666667,0.6666666666666667,0.6666666666666666,1224074,24562921.179373752,,23338847.179373752
1-694828073,2,¥¡¡§¡¢¥¡¥¡¢¥¥¤,¥¡¥¤,0.2857142857142857,0.2857142857142857,0.6,5462193,54374974.38908554,,48912781.38908554
1-694899814,2,¤,¤,1.0,1.0,1.0,199,3479086.0532086124,,3478887.0532086124
1-695258011,2,§¥¤,¤,0.33333333333333337,0.33333333333333337,0.33333333333333326,6223094,9703659.30235911,,3480565.3023591097
1-695316021,2,¤,¤,1.0,1.0,1.0,2255971,9528147.410056658,,7272176.410056658
1-695425289,2,¡¥¤,¤,0.33333333333333337,0.33333333333333337,0.33333333333333326,418882,9521086.062175825,,9102204.062175825
1-695486321,2,¥¢¥¤,¥¡¥¤,0.75,0.75,0.5,5171871,53659455.2976361,,48487584.2976361
1-695748265,2,¤,¤,1.0,1.0,1.0,172701,10236068.638665812,,10063367.638665812
1-696097603,2,¥¡¢¥¡¥¢¡§¤,¥¡¥¤,0.4,0.4,0.6,3862208,53630635.14095869,,49768427.14095869
1-696680265,2,¥¢¥¥§¤,¥¡¥¤,0.5,0.5,0.4,2605086,53797941.43096106,,51192855.43096106
1-696714411,2,¥¤,¥¢¥§¢¥¢¥¢¥¤¥¢¥¢¥¤¥¢¥§¥¤,0.08695652173913049,0.08695652173913049,0.5,3868657,22144731.8808665,,18276074.8808665
1-696835891,2,¢¥¤,¢¥¡¥¤,0.6,0.6,0.75,5444,47396113.89651993,,47390669.89651993
1-696839978,2,¤,¤,1.0,1.0,1.0,2376660,9650208.412888613,,7273548.412888613
1-697041731,2,¤¥¤,¤,0.33333333333333337,0.33333333333333337,0.5,1267659,9680621.090500474,,8412962.090500474
1-697260307,2,¤,¤,1.0,1.0,1.0,2576980,2813029.1258405526,,236049.12584055262
1-697458590,2,¥¡¢¡¥¥¡§¤,¥¡¥¤,0.4444444444444444,0.4444444444444444,0.6,4662526,54147554.95818929,,49485028.95818929
1-697459701,2,¢¥¤,¥¡¥¤,0.5,0.5,0.5,2775,51599172.97834237,,51596397.97834237
1-697811404,2,¥¤,¥¡¥¤,0.5,0.5,0.6666666666666666,1134242,54279075.44580445,,53144833.44580445
1-697987547,2,¢¥¢¥¥¤,¥§¥§¥§¥§¥§¥§¥§¥§¥§¥§¥§¥§¥§¥¤,0.1428571428571429,0.1428571428571429,0.5,4934904,27901360.131966077,,22966456.131966077
1-698044001,2,¥¡¥¤,¥¡¥¤,1.0,1.0,1.0,2244956,54187779.378190786,,51942823.378190786
1-698216063,2,¥§¥¤,¥¡¥¤,0.75,0.75,0.5,458995,52104332.501768395,,51645337.501768395
1-698267095,2,¤,¤,1.0,1.0,1.0,103,9501138.785051236,,9501035.785051236
1-698293715,2,¤,¤,1.0,1.0,1.0,2444930,9503181.412927246,,7058251.412927246
1-698346154,2,¤,¤,1.0,1.0,1.0,10987,9505046.378311398,,9494059.378311398
1-698751834,2,¥¤,¤,0.5,0.5,0.5,3439356,9516269.543681072,,6076913.543681072
1-698754281,2,¥¤,¥¡¥¤,0.5,0.5,0.6666666666666666,5144587,54354776.66060632,,49210189.66060632
1-698842669,2,¥¥¤¥¤,¥¡¥¤,0.6,0.6,0.6666666666666666,2689894,53464649.05013616,,50774755.05013616
1-698998499,2,¥¢¥¢¥§¤,¥¡¥¤,0.4285714285714286,0.4285714285714286,0.4,1908790,53150124.78526317,,51241334.78526317
1-699103215,2,¥¢¥¢¥¡¢¥¢¥¥¤,¥¡¥¤,0.33333333333333337,0.33333333333333337,0.75,1492233,53151651.90971409,,51659418.90971409
1-699140595,2,¤,¤,1.0,1.0,1.0,259414,9711354.738470552,,9451940.738470552
1-699397256,2,¤,¤,1.0,1.0,1.0,2637,3647623.956535068,,3644986.956535068
1-699661601,2,¢¥¥¢¥¤,¤,0.16666666666666663,0.16666666666666663,0.33333333333333326,1116170,9681539.831342349,,8565369.831342349
1-699690829,2,¥¤,¥¡¥¤,0.5,0.5,0.6666666666666666,1913459,53875653.71032677,,51962194.71032677
1-700498223,2,¥¡¢¥¢¡¢¥¡¢¥¥¢¥§¥¤,¥¡¥¤,0.23529411764705888,0.23529411764705888,0.6,3027212,53893586.85551025,,50866374.85551025
1-700566882,2,¥¤¥¤,¥§¤,0.5,0.5,0.6666666666666666,2594576,23412193.73520507,,20817617.73520507
1-700746442,2,¥¤,¥¡¥¤,0.5,0.5,0.6666666666666666,43648,52015916.087941974,,51972268.087941974
1-700842031,2,¥§¥§¤,¥¡¥¤,0.6,0.6,0.5,5536227,53978570.199341185,,48442343.199341185
1-701429911,2,¥§¤,¥§¤,1.0,1.0,1.0,1575850,25383859.310262457,,23808009.310262457
1-702103380,2,¤,¥¡¥¤,0.25,0.25,0.33333333333333326,8,52500324.405333005,,52500316.405333005
1-702482271,2,¥¢¥¤,¥¡¥¤,0.75,0.75,0.5,2382,53114736.48429724,,53112354.48429724
1-702501021,2,¥¤,¥¡¥¤,0.5,0.5,0.6666666666666666,13799,51322212.797158934,,51308413.797158934
1-702501138,2,¥¢¥¤,¥¡¥¤,0.75,0.75,0.5,722532,51616985.790315285,,50894453.790315285
1-702501532,2,¥¤,¥¡¥¤,0.5,0.5,0.6666666666666666,1995245,52005421.14861153,,50010176.14861153
1-702514881,2,¤,¥¡¥¤,0.25,0.25,0.33333333333333326,88,50607068.78460288,,50606980.78460288
1-702673026,2,¥¤,¥¡¥¤,0.5,0.5,0.6666666666666666,1995422,53454042.70366302,,51458620.70366302
1-703016242,2,¤,¤,1.0,1.0,1.0,1821739,9694475.820183259,,7872736.8201832585
1-703190797,2,¢¥¥¢¥¢¥¢¥¤,¢¥¡¥¤,0.4,0.4,0.75,1382956,48089031.29457095,,46706075.29457095
1-703242211,2,¤,¢¥§¤,0.25,0.25,0.25,80,17109505.368031137,,17109425.368031137
1-703383433,2,¤,¤,1.0,1.0,1.0,69,2738535.7828626437,,2738466.7828626437
1-703399394,2,¥¤,¥¡¥¤,0.5,0.5,0.6666666666666666,82603,53829097.67149853,,53746494.67149853
1-703445951,2,¤,¤,1.0,1.0,1.0,1545655,9821867.6793317,,8276212.679331699
1-703540157,2,¢¥¢¥§¢¥¢¥¢¥§¥¢¥¤,¥¡¥¤,0.1875,0.1875,0.4,5088128,54042173.923554465,,48954045.923554465
1-703856779,2,§¤,¤,0.5,0.5,0.5,784772,3204329.046427836,,2419557.046427836
1-703964203,2,¥¤,¥¡¥¤,0.5,0.5,0.6666666666666666,801278,53103354.61282727,,52302076.61282727
1-703964563,2,¥¤,¥¡¥¤,0.5,0.5,0.6666666666666666,4577005,53215454.185258485,,48638449.185258485
1-704229602,2,¤,¢¥§¤,0.25,0.25,0.25,47,16689610.2522159,,16689563.2522159
1-704650867,2,¥¢¥§¤,¥¡¥¤,0.6,0.6,0.4,3132809,54076096.048856,,50943287.048856
1-704661542,2,¢¥§¤,¤,0.25,0.25,0.25,1134647,9563706.410568045,,8429059.410568045
1-704703712,2,¥¥¡¥¤,¥¡¥¤,0.8,0.8,1.0,513522,54302135.80412701,,53788613.80412701
1-704973871,2,¥¡¥¤,¥¡¥¤,1.0,1.0,1.0,4895838,53659528.30121528,,48763690.30121528
1-704977245,2,¢¥¢¥¤,¥¡¥¤,0.6,0.6,0.5,2477403,53868693.003094375,,51391290.003094375
1-706226212,2,¤,¤,1.0,1.0,1.0,1161320,14545221.337538185,,13383901.337538185
1-706959641,2,¤,¤,1.0,1.0,1.0,55,2289715.176634318,,2289660.176634318
1-706963013,2,¤,¥¡¥¤,0.25,0.25,0.33333333333333326,14820,50560555.56636142,,50545735.56636142
1-707025161,2,¤,¥§¥§¥§¥§¥§¥§¥§¥§¥§¥§¥§¥§¥§¥¤,0.0357142857142857,0.0357142857142857,0.33333333333333326,75,24852920.229231954,,24852845.229231954
1-707300171,2,¢¢¥¢¡¢¥¥¥§¤,¥¡¥¤,0.36363636363636365,0.36363636363636365,0.6,4291992,50090061.70048875,,45798069.70048875
1-707623601,2,¤,¤,1.0,1.0,1.0,4556,9683134.867526162,,9678578.867526162
1-707660543,2,¥¡¢¥¤,¥¡¥¤,0.8,0.8,0.75,3216017,53871296.65427428,,50655279.65427428
1-708121948,2,¥¤,¥¡¥¤,0.5,0.5,0.6666666666666666,2299858,54311127.45252799,,52011269.45252799
1-708131711,2,¡¢¥¡¤,¥¡¥¤,0.4,0.4,0.75,3075857,54541839.712930635,,51465982.712930635
1-708613661,2,¡¥¤,¥§¤,0.33333333333333337,0.33333333333333337,0.5,3037443,25324181.399530355,,22286738.399530355
1-709552565,2,¥¡¢¥¤,¥¡¥¤,0.8,0.8,0.75,1199758,54372158.62876696,,53172400.62876696
1-709663551,2,¥¥¢¡¥¤,¤,0.16666666666666663,0.16666666666666663,0.25,3218,1602603.2808595577,,1599385.2808595577
1-709802751,2,¤,¢¥§¢¥¢¥¢¥¤¥¢¥¢¥¤,0.0625,0.0625,0.25,49,18462861.730620645,,18462812.730620645
1-709802861,2,¥¥¤,¥¡¥¤,0.75,0.75,0.6666666666666666,2403798,54776971.9412937,,52373173.9412937
1-710114300,2,¥¡¢¥¢¥¢¥¤,¥¡¥¤,0.4444444444444444,0.4444444444444444,0.75,3278535,51315133.68916366,,48036598.68916366
1-712856449,2,¥¤,¥¡¥¤,0.5,0.5,0.6666666666666666,616796,53183794.09732957,,52566998.09732957
1-713106267,2,¤,¤,1.0,1.0,1.0,812,2652604.067325336,,2651792.067325336
1-715638561,2,¥¤,¥¡¥¤,0.5,0.5,0.6666666666666666,3437,53336815.30461725,,53333378.30461725
1-715660478,2,¥¤,,0.0,0.0,0.0,1124384,0,,1124384.0
1-715860062,2,¥¤,¥¡¥¤,0.5,0.5,0.6666666666666666,749308,53954893.236838475,,53205585.236838475
1-716154984,2,¤,¢¥§¤,0.25,0.25,0.25,1124837,16698844.346116815,,15574007.346116815
1-716571976,2,¥¢¥¤,,0.0,0.0,0.0,312790,0,,312790.0
1-717122893,2,¥§¤,¥¡¥¤,0.5,0.5,0.5,3538930,54182200.49374772,,50643270.49374772
1-717222893,2,¥¤,¥¡¥¤,0.5,0.5,0.6666666666666666,88418,54161374.47438094,,54072956.47438094
1-717275094,2,¥¤,¥¡¥¤,0.5,0.5,0.6666666666666666,86268,53988987.073919944,,53902719.073919944
1-717713590,2,¤,¤,1.0,1.0,1.0,10,2710069.294785218,,2710059.294785218
1-718031374,2,¤,¤,1.0,1.0,1.0,14,2148759.865949274,,2148745.865949274
1-718056641,2,¤,¥¤,0.5,0.5,0.5,2422270,10802610.76774539,,8380340.767745391
1-718960811,2,¤,¤,1.0,1.0,1.0,1831357,9737701.791544965,,7906344.791544965
1-718973785,2,¥§¤,¥¡¥¤,0.5,0.5,0.5,2791080,53228415.050529115,,50437335.050529115
1-719199254,2,¤¥¤¥¤¥¤,¥§¥§¥§¥§¥§¥§¥§¥§¥§¥§¥§¥§¥§¥¤,0.1428571428571429,0.1428571428571429,0.6666666666666666,2323701,23481452.78290317,,21157751.78290317
1-720000146,2,¥¤,¥¡¥¤,0.5,0.5,0.6666666666666666,715554,53664163.23097527,,52948609.23097527
1-720069371,2,¥§¥§¤,¤,0.19999999999999996,0.19999999999999996,0.33333333333333326,2318300,9707496.223246818,,7389196.223246818
1-722674364,2,¥¢¢¥¢¡¢¡¥¤,¥¡¥¤,0.4,0.4,0.75,1685961,54352909.793448254,,52666948.793448254
1-722688743,2,¥¤,¥¡¥¤,0.5,0.5,0.6666666666666666,3015227,53990179.240772255,,50974952.240772255
1-722742993,2,¤,¤,1.0,1.0,1.0,334861,9657983.355419066,,9323122.355419066
1-726517211,2,¢¥¢¡¡¥¤,¥¡¥¤,0.5714285714285714,0.5714285714285714,0.75,1737256,50632349.15722936,,48895093.15722936
1-726760342,2,¤,¤,1.0,1.0,1.0,3017059,9566949.487215012,,6549890.487215012
1-728461114,2,¤,¤,1.0,1.0,1.0,970363,12864294.663738107,,11893931.663738107
1-728470722,2,¢¢¡¢¥¡¥¤,¥§¤,0.25,0.25,0.4,3440367,23534551.537462305,,20094184.537462305
1-728630851,2,¢¥¤,¥¤,0.6666666666666667,0.6666666666666667,0.6666666666666666,1577773,12047722.024189409,,10469949.024189409
1-728641711,2,¥¤,¥¡¥¤,0.5,0.5,0.6666666666666666,2060667,53579609.626700774,,51518942.626700774
1-730084841,2,¤,¢¥¡¥¤,0.19999999999999996,0.19999999999999996,0.25,39,48699934.93808003,,48699895.93808003
1-730084875,2,¥¤,¥¡¥¤,0.5,0.5,0.6666666666666666,749783,53199085.00372702,,52449302.00372702
1-730923421,2,¤,¤,1.0,1.0,1.0,1392387,9652347.233716015,,8259960.233716015
1-731908702,2,¤,¥¡¥¤,0.25,0.25,0.33333333333333326,435985,47974395.890671425,,47538410.890671425
1-732289301,2,¥¥¡¥¤,¥¡¥¤,0.8,0.8,1.0,2323366,54448969.313929774,,52125603.313929774
1-732357301,2,¥¤,¤,0.5,0.5,0.5,1625230,9626913.03211911,,8001683.03211911
1-733336456,2,¤,¤,1.0,1.0,1.0,1395413,1716580.3949217647,,321167.39492176473
1-733562890,2,¢¥§¥¤,¢¥¡¥¤,0.8,0.8,0.6,2260078,39283776.33746113,,37023698.33746113
1-733649220,2,¥¤,¥¡¥¤,0.5,0.5,0.6666666666666666,25129,52612465.93948536,,52587336.93948536
1-735185827,2,¥¤,¥§¤,0.6666666666666667,0.6666666666666667,0.6666666666666666,502141,23479635.42321434,,22977494.42321434
1-735881798,2,¥¥¤,¥§¤,0.6666666666666667,0.6666666666666667,0.6666666666666666,2083098,23154127.80052717,,21071029.80052717
1-736351127,2,¥¢¥¢¥¢¥¢¥¥¤,¥¡¥¤,0.2727272727272727,0.2727272727272727,0.5,641331,52834503.50358101,,52193172.50358101
1-736351222,2,¥¢¥¢¥¢¥¢¥¥¤,¥¡¥¤,0.2727272727272727,0.2727272727272727,0.5,639893,52856165.26056057,,52216272.26056057
1-736492457,2,¤,¤,1.0,1.0,1.0,92115,6197650.51070882,,6105535.51070882
1-737341073,2,¢¥¤,¢¥§¢¥¢¥¢¥¢¥¤¥¢¥¤¥¢¥§¥¤,0.13636363636363635,0.13636363636363635,0.75,72800,28394359.559633296,,28321559.559633296
1-738626601,2,¥¤,¢¥¡¥¤,0.4,0.4,0.5,1989883,50389419.7171768,,48399536.7171768
1-738820974,2,¤,¥§¥§¥§¥§¥§¥§¥§¥§¥§¥§¥§¥§¥§¥§¥¤,0.033333333333333326,0.033333333333333326,0.33333333333333326,1970202,33713381.965260476,,31743179.965260476
1-739695919,2,¢¥¥¢¢¥¤¥¤,¥¡¥¤,0.33333333333333337,0.33333333333333337,0.5,2227345,54554531.69190919,,52327186.69190919
1-741495923,2,¥¤,¥§¤,0.6666666666666667,0.6666666666666667,0.6666666666666666,370245,27982703.296487823,,27612458.296487823
1-741987554,2,§¥§¢¥¤,¤,0.16666666666666663,0.16666666666666663,0.25,752866,9682123.859975807,,8929257.859975807
1-741995108,2,¥§¥¤,¥¡¥¤,0.75,0.75,0.5,12688,49384360.39416219,,49371672.39416219
1-741995344,2,¥¤,¥¡¥¤,0.5,0.5,0.6666666666666666,1457040,52942234.0265146,,51485194.0265146
1-742216614,2,¤,¢¥§¢¥¢¥¢¥¤¥¢¥¢¥¤¥¢¥§¥¤,0.045454545454545414,0.045454545454545414,0.25,238,27288582.504983656,,27288344.504983656
1-742296921,2,¥¤,¥¡¥¤,0.5,0.5,0.6666666666666666,1222907,53896893.058781564,,52673986.058781564
1-742383139,2,¥¤,¥§¥§¥§¥§¥§¥§¥§¥§¥§¥§¥§¥§¥§¥¤,0.0714285714285714,0.0714285714285714,0.6666666666666666,761767,35153050.275474496,,34391283.275474496
1-742929685,2,¤,¥§¤,0.33333333333333337,0.33333333333333337,0.33333333333333326,1117362,24041072.454944987,,22923710.454944987
1-744436513,2,¥¤,¥¡¥¤,0.5,0.5,0.6666666666666666,198643,50898430.97692278,,50699787.97692278
1-745941359,2,¥¡¤,¥¡¥¤,0.75,0.75,1.0,1299747,53877154.117921606,,52577407.117921606
1-746205481,2,¥¡§¤,¥¡¥¤,0.75,0.75,0.75,514829,54153736.82765739,,53638907.82765739
1-747680998,2,¥¤,¥¡¥¤,0.5,0.5,0.6666666666666666,167235,53228317.44658417,,53061082.44658417
1-749012057,2,¥¤,¥¡¥¤,0.5,0.5,0.6666666666666666,447294,53879139.72325404,,53431845.72325404
1-750161066,2,¥¤,¥§¤,0.6666666666666667,0.6666666666666667,0.6666666666666666,434094,23460264.813017745,,23026170.813017745
1-751006831,2,¥¤¥¡¥¤,,0.0,0.0,0.0,23572,0,,23572.0
1-751622091,2,¤,¢¥¡¥¤,0.19999999999999996,0.19999999999999996,0.25,175,50863300.18227921,,50863125.18227921
1-752067921,2,¢¥¤,¥¡¥¤,0.5,0.5,0.5,12483,48917971.35390858,,48905488.35390858
1-659718901,3,¥¤,§¥§¥§¥§¥§¥§¥§¥§¥§¥§¥§¥§¥§¥¤,0.07407407407407407,0.07407407407407407,0.6666666666666666,7696121,20410574.095177796,,12714453.095177796
1-659922661,3,§¥¤,¡¥¤,0.6666666666666667,0.6666666666666667,0.5,3003232,53251827.881174535,,50248595.881174535
1-659934601,3,¤,¥§¥§¥§¥§¥§¥§¥§¥§¥§¥§¥§¥§¥¤,0.038461538461538436,0.038461538461538436,0.33333333333333326,4588429,23146821.338528167,,18558392.338528167
1-660268091,3,¡¥¤¥¢¥¤¥¤,§¤,0.11111111111111116,0.11111111111111116,0.19999999999999996,1477767,16933776.489460137,,15456009.489460137
1-660374694,3,¤,§¤,0.5,0.5,0.5,6220556,15225969.529719895,,9005413.529719895
1-660509893,3,¤,¡¥¤,0.33333333333333337,0.33333333333333337,0.33333333333333326,2950536,53267517.17853265,,50316981.17853265
1-660636558,3,¥¤,¥¡¥¤,0.5,0.5,0.6666666666666666,2846067,54617538.68854708,,51771471.68854708
1-660648920,3,¥¥¢¥§¤,¥¡¥¤,0.5,0.5,0.4,6667813,55156811.64959538,,48488998.64959538
1-661134924,3,¥¤,¡¥¤,0.6666666666666667,0.6666666666666667,0.6666666666666666,1936339,53310306.90749809,,51373967.90749809
1-661184751,3,¥¢¥¤,§¥§¥§¥§¥§¥§¥§¥§¥§¥§¥§¥§¥§¥¤,0.11111111111111116,0.11111111111111116,0.5,5036216,34640523.15722034,,29604307.15722034
1-663582660,3,¢¥¤,§¤,0.33333333333333337,0.33333333333333337,0.25,78987,14484929.521917948,,14405942.521917948
1-663891165,3,§¤,§¤,1.0,1.0,1.0,3278203,17866973.021575443,,14588770.021575443
1-669119156,3,§¢¥¡¡¤,§¥§¥§¥§¥§¥§¥§¥§¥§¥§¥§¥§¥§¥¤,0.11111111111111116,0.11111111111111116,0.6,1888606,18398719.620347776,,16510113.620347776
1-670754761,3,¡¥¥¥¤¥¤¥¤,¥§¥§¥§¥§¥§¥§¥§¥§¥§¥§¥§¥§¥¤,0.23076923076923073,0.23076923076923073,0.5,2496895,36935558.66906708,,34438663.66906708
1-672506739,3,¥¢¥¤,¥§¢¥§¥§¥§¥§¥§¥§¥§¥§¥§¥§¥¤,0.16000000000000003,0.16000000000000003,0.75,2938552,40957266.30842304,,38018714.30842304
1-672862385,3,¢¥¤,¤,0.33333333333333337,0.33333333333333337,0.33333333333333326,6652571,944765.6362942337,,5707805.363705766
1-673224718,3,§¤,¡¥¤,0.33333333333333337,0.33333333333333337,0.25,7777072,53523572.017972946,,45746500.017972946
1-673359575,3,¥¤,¥§¥§¥§¥§¥§¥§¥§¥§¥§¥§¥§¥§¥§¥¤,0.0714285714285714,0.0714285714285714,0.6666666666666666,3721232,20832646.68077411,,17111414.68077411
1-673429845,3,¥¤,¥¡¥¤,0.5,0.5,0.6666666666666666,65724,54347635.25417856,,54281911.25417856
1-675150191,3,§¥§¤,§¤,0.5,0.5,0.6666666666666666,6128486,18756608.379340265,,12628122.379340265
1-675150672,3,¡¥¤,¡¥¤,1.0,1.0,1.0,5624493,51454707.391775794,,45830214.391775794
1-675685459,3,¥¢¥¤,,0.0,0.0,0.0,1233366,0,,1233366.0
1-675797761,3,¥¢¥¤,,0.0,0.0,0.0,1128895,0,,1128895.0
1-675826063,3,¡¢¥¡¡¢¥§¡¥¤,¡¥¤,0.2727272727272727,0.2727272727272727,0.6,7276665,53582295.72898186,,46305630.72898186
1-677811170,3,¡¢¥¡¥¡¥¤,¡¥¤,0.375,0.375,0.75,2438243,53849846.85306453,,51411603.85306453
1-678755621,3,§¢¥¡¥¤,¤,0.16666666666666663,0.16666666666666663,0.19999999999999996,7956029,632505.83202191,,7323523.16797809
1-681864502,3,¤,¤,1.0,1.0,1.0,2324457,1656855.860055057,,667601.1399449429
1-681929091,3,¡¥¤,¤,0.33333333333333337,0.33333333333333337,0.33333333333333326,3049558,3364218.9089558376,,314660.9089558376
1-682059903,3,¤,¡¥¤,0.33333333333333337,0.33333333333333337,0.33333333333333326,3619296,48405335.31308733,,44786039.31308733
1-682262974,3,¢¥¢¥¢¥¢¥¢¥¢¥¢¥¥¢¢¥¥¥¥¢¢¥¤,¡¥¤,0.07999999999999996,0.07999999999999996,0.5,6573079,50927919.88319404,,44354840.88319404
1-682342767,3,¤,¤,1.0,1.0,1.0,399,3507581.251937347,,3507182.251937347
1-683298971,3,¤,¤,1.0,1.0,1.0,60,7065039.039952355,,7064979.039952355
1-683752875,3,§¤,¡¥¤,0.33333333333333337,0.33333333333333337,0.25,15762,53074420.44173649,,53058658.44173649
1-685134878,3,¢¡¢¡¢¥¤,¥¡¥¤,0.4285714285714286,0.4285714285714286,0.75,5640511,46783493.13521144,,41142982.13521144
1-686531969,3,¥¤¥¤¥¤,¥§¤,0.33333333333333337,0.33333333333333337,0.6666666666666666,3010,15150239.7269618,,15147229.7269618
1-686557724,3,¤,¤,1.0,1.0,1.0,2,1512089.7625367008,,1512087.7625367008
1-686642441,3,¡¡¥¤,¢¥§¢¥¡¥¤,0.375,0.375,0.6,5265278,40497809.78620464,,35232531.78620464
1-686642543,3,¢¢¥£¥¤,¢¥§¢¥¢¥§¥§¥§¥§¥§¥§¥§¥§¥§¥§¥¤,0.1785714285714286,0.1785714285714286,0.6,4214487,36847882.41337751,,32633395.41337751
1-686945977,3,¤,¤,1.0,1.0,1.0,4226069,9886663.447702205,,5660594.447702205
1-687589251,3,¥¢¥¢¥¢¥¢¥¤,¡¥¤,0.19999999999999996,0.19999999999999996,0.5,3286936,13971982.51038841,,10685046.51038841
1-687668119,3,¡§¤,¡¥¤,0.6666666666666667,0.6666666666666667,0.5,1288637,49078128.13960718,,47789491.13960718
1-688280019,3,¥§¥¤,¥¡¥¤,0.75,0.75,0.5,1312411,54118418.18682939,,52806007.18682939
1-688342754,3,¤,¥§¥§¥§¥§¥§¥§¥§¥§¥§¥§¥§¥§¥§¥¤,0.0357142857142857,0.0357142857142857,0.33333333333333326,3699168,34040954.02487609,,30341786.024876088
1-688380091,3,¥§¥§¡¤,¥§¢¥§¢¥§¥§¥§¥§¥§¥§¥§¥§¥¤,0.20833333333333337,0.20833333333333337,0.6,3066531,38488302.959247015,,35421771.959247015
1-688515611,3,¥¤,¥§¤,0.6666666666666667,0.6666666666666667,0.6666666666666666,14,17906326.9812534,,17906312.9812534
1-688564824,3,¥¡¥¤,¥¡¥¤,1.0,1.0,1.0,2674945,54120873.00886383,,51445928.00886383
1-688725917,3,¥¢¥¤,¡¥¤,0.5,0.5,0.5,2540292,48650407.377515115,,46110115.377515115
1-689176751,3,¤,¤,1.0,1.0,1.0,80,1505057.738782632,,1504977.738782632
1-689469104,3,¢¥¢¥¢¥¤,¡¥¤,0.2857142857142857,0.2857142857142857,0.5,1851388,53658619.805413514,,51807231.805413514
1-690327837,3,¤,¡¥¤,0.33333333333333337,0.33333333333333337,0.33333333333333326,6,48220722.17499382,,48220716.17499382
1-690447511,3,¤,¤,1.0,1.0,1.0,3815581,13144212.226048976,,9328631.226048976
1-690762471,3,¥¤,¥¡¥¤,0.5,0.5,0.6666666666666666,8880,47478960.628035106,,47470080.628035106
1-690931471,3,¤,¡¥¤,0.33333333333333337,0.33333333333333337,0.33333333333333326,261344,53886521.27464877,,53625177.27464877
1-691093464,3,¢¥¢¥¤,¤,0.19999999999999996,0.19999999999999996,0.33333333333333326,2053969,1381738.2524016479,,672230.7475983521
1-691221687,3,¢¥¢¥¢¥¤,¤,0.1428571428571429,0.1428571428571429,0.33333333333333326,1203611,2397813.9688837174,,1194202.9688837174
1-691786096,3,¡¡¤,¤,0.33333333333333337,0.33333333333333337,0.5,1395754,804129.0874557702,,591624.9125442298
1-691786330,3,¡¤,¤,0.5,0.5,0.5,92500,2949135.526526804,,2856635.526526804
1-692055495,3,¤,¤,1.0,1.0,1.0,147377,3591735.36099534,,3444358.36099534
1-692193396,3,¡¥¤,¡¥¤,1.0,1.0,1.0,5638594,51380641.82523288,,45742047.82523288
1-693456968,3,¥¤,¡¥¤,0.6666666666666667,0.6666666666666667,0.6666666666666666,2040126,14127484.857807558,,12087358.857807558
1-693595201,3,¢¥¤,¡¥¤,0.6666666666666667,0.6666666666666667,0.5,6814904,48005589.15445263,,41190685.15445263
1-693732401,3,¡¥§¤,¡¥¤,0.75,0.75,0.75,5147427,52748476.45395795,,47601049.45395795
1-693789171,3,¥¤,,0.0,0.0,0.0,77,0,,77.0
1-693895885,3,¤,¤,1.0,1.0,1.0,2,2551135.7177969576,,2551133.7177969576
1-694222066,3,¢¡¡¥¤,¤,0.19999999999999996,0.19999999999999996,0.25,1141187,3667185.971073719,,2525998.971073719
1-694354058,3,¥¤,¥§¤,0.6666666666666667,0.6666666666666667,0.6666666666666666,950709,14866132.0659436,,13915423.0659436
1-694385837,3,¤¥¥¤¥¤,¤,0.16666666666666663,0.16666666666666663,0.5,186845,1960492.5919799581,,1773647.5919799581
1-694597155,3,¥¤,¤,0.5,0.5,0.5,3086016,13060687.297417952,,9974671.297417952
1-694794065,3,¤,§¤,0.5,0.5,0.5,1216185,18491639.250753913,,17275454.250753913
1-694828073,3,¡¡§¡¢¥¡¥¡¢¥¥¤,¡¥¤,0.23076923076923073,0.23076923076923073,0.6,4777231,39818242.13551537,,35041011.13551537
1-695258011,3,¥¤,¥§¥§¥§¥§¥§¥§¥§¥§¥§¥§¥§¥§¥§¥¤,0.0714285714285714,0.0714285714285714,0.6666666666666666,6220413,19345492.364289153,,13125079.364289153
1-695425289,3,¥¤,§¤,0.5,0.5,0.33333333333333326,165996,23791169.05659021,,23625173.05659021
1-695486321,3,¢¥¤,¡¥¤,0.6666666666666667,0.6666666666666667,0.5,5171724,54263530.71393736,,49091806.71393736
1-696097603,3,¡¢¥¡¥¢¡§¤,§¤,0.2222222222222222,0.2222222222222222,0.4,2676245,14512762.473892672,,11836517.473892672
1-696680265,3,¢¥¥§¤,¡¥¤,0.4,0.4,0.4,2261942,51386296.71928486,,49124354.71928486
1-696714411,3,¤,¢¥§¢¥¢¥¢¥¤¥¢¥¢¥¤¥¢¥§¥¤,0.045454545454545414,0.045454545454545414,0.25,3621371,19437119.73932245,,15815748.73932245
1-696835891,3,¥¤,¥¡¥¤,0.5,0.5,0.6666666666666666,5293,44766565.09567089,,44761272.09567089
1-697041731,3,¥¤,,0.0,0.0,0.0,1267625,0,,1267625.0
1-697458590,3,¡¢¡¥¥¡§¤,¡¥¤,0.375,0.375,0.6,4661532,53255840.34806378,,48594308.34806378
1-697459701,3,¥¤,¥¡¥¤,0.5,0.5,0.6666666666666666,1641,54416302.54345246,,54414661.54345246
1-697811404,3,¤,¤,1.0,1.0,1.0,92,990879.2979716432,,990787.2979716432
1-697987547,3,¥¢¥¥¤,¥¡¥¤,0.6,0.6,0.5,4934875,48457379.62603389,,43522504.62603389
1-698044001,3,¡¥¤,¡¥¤,1.0,1.0,1.0,2243399,53168847.50403141,,50925448.50403141
1-698216063,3,§¥¤,¡¥¤,0.6666666666666667,0.6666666666666667,0.5,109057,48281824.48371184,,48172767.48371184
1-698751834,3,¤,¤,1.0,1.0,1.0,65331,2668857.7314285766,,2603526.7314285766
1-698754281,3,¤,¡¥¤,0.33333333333333337,0.33333333333333337,0.33333333333333326,5139587,53956853.47496084,,48817266.47496084
1-698842669,3,¥¤¥¤,¡¥¤,0.5,0.5,0.6666666666666666,2689893,52692033.95142962,,50002140.95142962
1-698998499,3,¢¥¢¥§¤,¡¥¤,0.33333333333333337,0.33333333333333337,0.4,1907920,53164721.32946653,,51256801.32946653
1-699103215,3,¢¥¢¥¡¢¥¢¥¥¤,¡¥¤,0.2727272727272727,0.2727272727272727,0.75,1490978,52562773.38469675,,51071795.38469675
1-699661601,3,¥¥¢¥¤,¥§¥§¥§¥§¥§¥§¥§¥§¥§¥§¥§¥§¥§¥¤,0.1428571428571429,0.1428571428571429,0.5,341387,37272285.1014482,,36930898.1014482
1-699690829,3,¤,¤,1.0,1.0,1.0,273,2007141.75638231,,2006868.75638231
1-700498223,3,¡¢¥¢¡¢¥¡¢¥¥¢¥§¥¤,¡¥¤,0.1875,0.1875,0.6,2261104,43986862.02424876,,41725758.02424876
1-700566882,3,¤¥¤,§¤,0.33333333333333337,0.33333333333333337,0.33333333333333326,1905718,19593879.435361035,,17688161.435361035
1-700746442,3,¤,¡¥¤,0.33333333333333337,0.33333333333333337,0.33333333333333326,72,53460316.257037915,,53460244.257037915
1-700842031,3,§¥§¤,¡¥¤,0.5,0.5,0.5,5422483,53679771.82563725,,48257288.82563725
1-701429911,3,§¤,§¤,1.0,1.0,1.0,1282289,20044698.499232586,,18762409.499232586
1-702482271,3,¢¥¤,¡¥¤,0.6666666666666667,0.6666666666666667,0.5,2318,51058047.56680922,,51055729.56680922
1-702501021,3,¤,¡¥¤,0.33333333333333337,0.33333333333333337,0.33333333333333326,486,49537848.85503042,,49537362.85503042
1-702501138,3,¢¥¤,¡¥¤,0.6666666666666667,0.6666666666666667,0.5,722503,51402666.02351143,,50680163.02351143
1-702501532,3,¤,¡¥¤,0.33333333333333337,0.33333333333333337,0.33333333333333326,1983240,50253491.040329956,,48270251.040329956
1-702673026,3,¤,¡¥¤,0.33333333333333337,0.33333333333333337,0.33333333333333326,1983743,51030286.238093905,,49046543.238093905
1-703190797,3,¥¥¢¥¢¥¢¥¤,¥¡¥¤,0.33333333333333337,0.33333333333333337,0.5,1381825,48373493.66709742,,46991668.66709742
1-703399394,3,¤,¡¥¤,0.33333333333333337,0.33333333333333337,0.33333333333333326,5,53870798.42018324,,53870793.42018324
1-703540157,3,¥¢¥§¢¥¢¥¢¥§¥¢¥¤,¥§¥¢¥¡¥¤,0.4666666666666667,0.4666666666666667,0.8,5087585,52212234.276375316,,47124649.276375316
1-703856779,3,¤,¤,1.0,1.0,1.0,784434,13388242.946565136,,12603808.946565136
1-703964203,3,¤,¤,1.0,1.0,1.0,133,803766.4621141348,,803633.4621141348
1-703964563,3,¤,¤,1.0,1.0,1.0,501,3534822.5068354225,,3534321.5068354225
1-704650867,3,¢¥§¤,¡¥¤,0.5,0.5,0.4,3129297,53788971.31554856,,50659674.31554856
1-704661542,3,¥§¤,¥¡¥¤,0.5,0.5,0.5,1127288,53593806.92107781,,52466518.92107781
1-704703712,3,¥¡¥¤,¡¥¤,0.75,0.75,1.0,63887,51157690.796184264,,51093803.796184264
1-704973871,3,¡¥¤,¤,0.33333333333333337,0.33333333333333337,0.33333333333333326,1859049,3498587.701762461,,1639538.701762461
1-704977245,3,¥¢¥¤,¥¡¥¤,0.75,0.75,0.5,2476446,47217285.003778145,,44740839.003778145
1-707300171,3,¢¥¢¡¢¥¥¥§¤,¥¡¥¤,0.4,0.4,0.6,4225851,53733857.355466254,,49508006.355466254
1-707660543,3,¡¢¥¤,¡¥¤,0.75,0.75,0.75,3214454,53125904.4675497,,49911450.4675497
1-708121948,3,¤,§¤,0.5,0.5,0.5,6023,18404343.16580399,,18398320.16580399
1-708131711,3,¢¥¡¤,¥¤,0.5,0.5,0.5,2339756,12594352.948501173,,10254596.948501173
1-708613661,3,¥¤,§¤,0.5,0.5,0.33333333333333326,3037381,19590620.16296205,,16553239.16296205
1-709552565,3,¡¢¥¤,¡¥¤,0.75,0.75,0.75,1199499,53191576.64695566,,51992077.64695566
1-709663551,3,¥¢¡¥¤,§¥¤,0.4,0.4,0.4,3183,14090058.008577378,,14086875.008577378
1-709802861,3,¥¤,¤,0.5,0.5,0.5,1774,2900811.81952163,,2899037.81952163
1-710114300,3,¡¢¥¢¥¢¥¤,¡¥¤,0.375,0.375,0.75,3277021,53073786.72159115,,49796765.72159115
1-712856449,3,¤,¡¥¤,0.33333333333333337,0.33333333333333337,0.33333333333333326,615406,52320299.23545336,,51704893.23545336
1-715638561,3,¤,¡¥¤,0.33333333333333337,0.33333333333333337,0.33333333333333326,1953,53277567.102767825,,53275614.102767825
1-715660478,3,¤,¡¥¤,0.33333333333333337,0.33333333333333337,0.33333333333333326,878735,47304376.34129486,,46425641.34129486
1-715860062,3,¤,¡¥¤,0.33333333333333337,0.33333333333333337,0.33333333333333326,689183,53701662.40896163,,53012479.40896163
1-716571976,3,¢¥¤,¤,0.33333333333333337,0.33333333333333337,0.33333333333333326,136393,1164079.9828437492,,1027686.9828437492
1-717122893,3,§¤,¡¥¤,0.33333333333333337,0.33333333333333337,0.25,3538761,53265497.678681314,,49726736.678681314
1-717222893,3,¤,¡¥¤,0.33333333333333337,0.33333333333333337,0.33333333333333326,172,53794371.73998169,,53794199.73998169
1-717275094,3,¤,¡¥¤,0.33333333333333337,0.33333333333333337,0.33333333333333326,244,53954153.078701645,,53953909.078701645
1-718973785,3,§¤,¡¥¤,0.33333333333333337,0.33333333333333337,0.25,2788111,52598292.447956,,49810181.447956
1-719199254,3,¥¤¥¤¥¤,,0.0,0.0,0.0,2323667,0,,2323667.0
1-720000146,3,¤,¡¥¤,0.33333333333333337,0.33333333333333337,0.33333333333333326,300,47569409.79278271,,47569109.79278271
1-720069371,3,§¥§¤,§¥§¥§¥§¥§¥§¥§¥§¥§¥§¥§¥§¥§¥§¥¤,0.13793103448275867,0.13793103448275867,1.0,2312061,17969316.463167053,,15657255.463167053
1-722674364,3,¢¢¥¢¡¢¡¥¤,¡¥¤,0.33333333333333337,0.33333333333333337,0.75,1681084,54230784.19165085,,52549700.19165085
1-722688743,3,¤,¤,1.0,1.0,1.0,26,3334958.0928588724,,3334932.0928588724
1-726517211,3,¥¢¡¡¥¤,¥¡¥¤,0.6666666666666667,0.6666666666666667,0.75,1737236,53940970.28868506,,52203734.28868506
1-728470722,3,¢¡¢¥¡¥¤,¥§¤,0.2857142857142857,0.2857142857142857,0.4,3438718,19531229.60413321,,16092511.604133211
1-728630851,3,¥¤,¥§¢¥§¥§¥§¥§¥§¥§¥§¥§¥§¥§¥¤,0.07999999999999996,0.07999999999999996,0.5,204427,49583408.73241432,,49378981.73241432
1-728641711,3,¤,¡¥¤,0.33333333333333337,0.33333333333333337,0.33333333333333326,1794246,51739229.39411652,,49944983.39411652
1-730084875,3,¤,¡¥¤,0.33333333333333337,0.33333333333333337,0.33333333333333326,716871,52801484.690213665,,52084613.690213665
1-732289301,3,¥¡¥¤,¡¥¤,0.75,0.75,1.0,2323120,53345345.86486601,,51022225.86486601
1-732357301,3,¤,¤,1.0,1.0,1.0,4909,3430206.292050743,,3425297.292050743
1-733562890,3,¥§¥¤,¥§¤,0.75,0.75,1.0,1985521,15585842.391029958,,13600321.391029958
1-733649220,3,¤,¡¥¤,0.33333333333333337,0.33333333333333337,0.33333333333333326,18616,53906876.51295114,,53888260.51295114
1-735185827,3,¤,§¤,0.5,0.5,0.5,120,18349719.311262935,,18349599.311262935
1-735881798,3,¥¤,§¤,0.5,0.5,0.33333333333333326,127,15302238.761445843,,15302111.761445843
1-736351127,3,¢¥¢¥¢¥¢¥¥¤,¡¥¤,0.19999999999999996,0.19999999999999996,0.5,638789,52222137.089196295,,51583348.089196295
1-736351222,3,¢¥¢¥¢¥¢¥¥¤,¡¥¤,0.19999999999999996,0.19999999999999996,0.5,638987,52279025.34299045,,51640038.34299045
1-737341073,3,¥¤,¥¡¥¤,0.5,0.5,0.6666666666666666,52074,49561191.96419034,,49509117.96419034
1-738626601,3,¤,¢¥§¢¥¡¥¤,0.125,0.125,0.19999999999999996,1989481,44660119.61977356,,42670638.61977356
1-739695919,3,¥¥¢¢¥¤¥¤,¥§¤,0.25,0.25,0.5,2166120,14828470.930437038,,12662350.930437038
1-741495923,3,¤,§¥§¥§¥§¥§¥§¥§¥§¥§¥§¥§¥§¥§¥§¥¤,0.03448275862068961,0.03448275862068961,0.33333333333333326,333273,30618999.100394383,,30285726.100394383
1-741987554,3,¥§¢¥¤,¥§¥§¥§¥§¥§¥§¥§¥§¥§¥§¥§¥§¥§¥¤,0.1428571428571429,0.1428571428571429,0.75,684292,20901061.3408555,,20216769.3408555
1-741995108,3,§¥¤,¡¥¤,0.6666666666666667,0.6666666666666667,0.5,11412,48563992.91814202,,48552580.91814202
1-741995344,3,¤,¡¥¤,0.33333333333333337,0.33333333333333337,0.33333333333333326,1456913,53495458.4316512,,52038545.4316512
1-742296921,3,¤,¤,1.0,1.0,1.0,2667,901294.0293602201,,898627.0293602201
1-742383139,3,¤,§¤,0.5,0.5,0.5,1,19611020.430362843,,19611019.430362843
1-744436513,3,¤,¡¥¤,0.33333333333333337,0.33333333333333337,0.33333333333333326,487,51159439.262579456,,51158952.262579456
1-745941359,3,¡¤,¡¥¤,0.6666666666666667,0.6666666666666667,0.6666666666666666,1296501,53619015.67044488,,52322514.67044488
1-746205481,3,¡§¤,¡¥¤,0.6666666666666667,0.6666666666666667,0.5,514784,53290510.97476833,,52775726.97476833
1-747680998,3,¤,¡¥¤,0.33333333333333337,0.33333333333333337,0.33333333333333326,167136,52525956.943544604,,52358820.943544604
1-749012057,3,¤,¡¥¤,0.33333333333333337,0.33333333333333337,0.33333333333333326,160,50288631.65058082,,50288471.65058082
1-750161066,3,¤,§¤,0.5,0.5,0.5,86,19299615.381442405,,19299529.381442405
1-751006831,3,¤¥¡¥¤,¡¥¤,0.6,0.6,1.0,254,46977095.866563156,,46976841.866563156
1-752067921,3,¥¤,¥¡¥¤,0.5,0.5,0.6666666666666666,1631,54433806.10244835,,54432175.10244835
1-659718901,4,¤,¤,1.0,1.0,1.0,315,440652.82469006313,,440337.82469006313
1-659922661,4,¥¤,¥¤,1.0,1.0,1.0,3002516,13906410.572871841,,10903894.572871841
1-660268091,4,¥¤¥¢¥¤¥¤,¥¤,0.25,0.25,0.6666666666666666,1477736,19665667.87303515,,18187931.87303515
1-660636558,4,¤,¡¥¤,0.33333333333333337,0.33333333333333337,0.33333333333333326,2844354,52322432.0442213,,49478078.0442213
1-660648920,4,¥¢¥§¤,¡¥¤,0.4,0.4,0.4,6650763,55958650.93991419,,49307887.93991419
1-661134924,4,¤,¥¤,0.5,0.5,0.5,1922456,11253724.299835494,,9331268.299835494
1-661184751,4,¢¥¤,¤,0.33333333333333337,0.33333333333333337,0.33333333333333326,3117240,722246.6166612549,,2394993.383338745
1-663582660,4,¥¤,¥¤,1.0,1.0,1.0,70086,2409894.6502448292,,2339808.6502448292
1-663891165,4,¤,¤,1.0,1.0,1.0,2679620,15625209.049649835,,12945589.049649835
1-669119156,4,¢¥¡¡¤,¥§¥§¥§¥§¥§¥§¥§¥§¥§¥§¥§¥§¥§¥¤,0.0714285714285714,0.0714285714285714,0.4,1888601,15360613.95704859,,13472012.95704859
1-670754761,4,¥¥¥¤¥¤¥¤,¥§¥§¥§¥§¥§¥§¥§¥§¥§¥§¥§¥¤,0.25,0.25,0.6666666666666666,2427271,38034973.36976968,,35607702.36976968
1-672506739,4,¢¥¤,§¥§¥§¥§¥§¥§¥§¥§¥§¥§¥§¥§¥¤,0.07999999999999996,0.07999999999999996,0.5,2484278,36841965.99473892,,34357687.99473892
1-672862385,4,¥¤,¥§¢¥¢¥¢¥¤,0.2222222222222222,0.2222222222222222,0.5,6652461,11032110.67795324,,4379649.6779532395
1-673224718,4,¤,¤,1.0,1.0,1.0,2167080,17503917.265560582,,15336837.265560582
1-673359575,4,¤,¤,1.0,1.0,1.0,49,567890.9775631761,,567841.9775631761
1-673429845,4,¤,§¥§¥§¥§¥§¥§¥§¥§¥§¥§¥§¥§¥§¥¤,0.03703703703703709,0.03703703703703709,0.33333333333333326,311,24717405.310905945,,24717094.310905945
1-675150191,4,¥§¤,¤,0.33333333333333337,0.33333333333333337,0.33333333333333326,2585582,16588935.801274242,,14003353.801274242
1-675150672,4,¥¤,¥¤,1.0,1.0,1.0,188,13206773.072662005,,13206585.072662005
1-675685459,4,¢¥¤,¤,0.33333333333333337,0.33333333333333337,0.33333333333333326,471644,628491.0032521606,,156847.00325216062
1-675797761,4,¢¥¤,¤,0.33333333333333337,0.33333333333333337,0.33333333333333326,530301,652231.0310316746,,121930.03103167459
1-675826063,4,¢¥¡¡¢¥§¡¥¤,¥¤,0.19999999999999996,0.19999999999999996,0.4,7276628,53779333.80018824,,46502705.80018824
1-677811170,4,¢¥¡¥¡¥¤,¥¤,0.2857142857142857,0.2857142857142857,0.5,2438232,53558864.5860941,,51120632.5860941
1-678755621,4,¢¥¡¥¤,¤,0.19999999999999996,0.19999999999999996,0.25,7935325,14803875.349787544,,6868550.349787544
1-681929091,4,¥¤,¥¤,1.0,1.0,1.0,4189,7356606.623854706,,7352417.623854706
1-682262974,4,¥¢¥¢¥¢¥¢¥¢¥¢¥¥¢¢¥¥¥¥¢¢¥¤,¥§¢¥¢¥¢¥¢¥¤¥¢¥¤,0.5416666666666667,0.5416666666666667,0.75,6572518,13689899.226351423,,7117381.226351423
1-683752875,4,¤,¥¤,0.5,0.5,0.5,15738,16400606.259546211,,16384868.259546211
1-685134878,4,¡¢¡¢¥¤,¥§¢¥¢¥¢¥¤¥¢¥¤¥¢¥¤,0.23529411764705888,0.23529411764705888,0.6,5638063,16028601.737064702,,10390538.737064702
1-686531969,4,¤¥¤¥¤,§¤,0.19999999999999996,0.19999999999999996,0.33333333333333326,551,13683473.715106249,,13682922.715106249
1-686642441,4,¡¥¤,¥¤,0.6666666666666667,0.6666666666666667,0.6666666666666666,4080295,17144974.15697682,,13064679.156976819
1-686642543,4,¢¥£¥¤,¥§¢¥¡¥¤,0.5714285714285714,0.5714285714285714,0.5,4214479,44215896.76669262,,40001417.76669262
1-687589251,4,¢¥¢¥¢¥¢¥¤,§¤,0.11111111111111116,0.11111111111111116,0.25,3286610,13446427.044563554,,10159817.044563554
1-687668119,4,§¤,¥¤,0.5,0.5,0.33333333333333326,1288570,49394543.810656436,,48105973.810656436
1-688280019,4,§¥¤,§¤,0.6666666666666667,0.6666666666666667,0.6666666666666666,791868,16262121.782604985,,15470253.782604985
1-688380091,4,§¥§¡¤,§¢¥§¢¥§¥§¥§¥§¥§¥§¥§¥§¥¤,0.17391304347826086,0.17391304347826086,0.6,2452426,39133561.28960113,,36681135.28960113
1-688515611,4,¤,§¤,0.5,0.5,0.5,11,14249061.092334727,,14249050.092334727
1-688564824,4,¡¥¤,¡¥¤,1.0,1.0,1.0,2613190,52908861.452525936,,50295671.452525936
1-688725917,4,¢¥¤,¤,0.33333333333333337,0.33333333333333337,0.33333333333333326,2540161,5340192.922135889,,2800031.9221358886
1-689469104,4,¥¢¥¢¥¤,¥§¢¥¡¥¤,0.7142857142857143,0.7142857142857143,0.6,1847477,43097628.55425472,,41250151.55425472
1-690762471,4,¤,¡¥¤,0.33333333333333337,0.33333333333333337,0.33333333333333326,262,44680750.124512725,,44680488.124512725
1-691093464,4,¥¢¥¤,¥¤,0.5,0.5,0.6666666666666666,2053421,716602.887862559,,1336818.112137441
1-691221687,4,¥¢¥¢¥¤,¥¤,0.33333333333333337,0.33333333333333337,0.6666666666666666,1203204,1271620.267038632,,68416.26703863195
1-691786096,4,¡¤,¥¤,0.5,0.5,0.33333333333333326,1395603,28786092.992651075,,27390489.992651075
1-691786330,4,¤,¥¤,0.5,0.5,0.5,92441,13324083.168199154,,13231642.168199154
1-692193396,4,¥¤,¥¤,1.0,1.0,1.0,5638581,51380451.770536825,,45741870.770536825
1-693456968,4,¤,§¤,0.5,0.5,0.5,266,16262420.851889452,,16262154.851889452
1-693595201,4,¥¤,¥§¢¥¢¥¢¥¢¥¤¥¢¥¤,0.1333333333333333,0.1333333333333333,0.5,6814506,14141370.475979518,,7326864.475979518
1-693732401,4,¥§¤,¥¤,0.6666666666666667,0.6666666666666667,0.6666666666666666,5147413,51844201.14860132,,46696788.14860132
1-693789171,4,¤,¢¥¢¥¢¥¢¥¢¥¢¥¢¥¢¥¢¥¢¥§¥¤,0.04347826086956519,0.04347826086956519,0.25,48,10506944.431631004,,10506896.431631004
1-694222066,4,¡¡¥¤,¥¤,0.5,0.5,0.6666666666666666,1141148,1959761.8200175895,,818613.8200175895
1-694354058,4,¤,§¤,0.5,0.5,0.5,3604,14962923.830728585,,14959319.830728585
1-694385837,4,¥¥¤¥¤,,0.0,0.0,0.0,186779,0,,186779.0
1-694597155,4,¤,¤,1.0,1.0,1.0,9,162044.20428442353,,162035.20428442353
1-694828073,4,¡§¡¢¥¡¥¡¢¥¥¤,¥¤,0.16666666666666663,0.16666666666666663,0.4,4777192,46384101.71875876,,41606909.71875876
1-695258011,4,¤,§¥§¥§¥§¥§¥§¥§¥§¥§¥§¥§¥§¥¤,0.040000000000000036,0.040000000000000036,0.33333333333333326,4075257,21420646.064790227,,17345389.064790227
1-695425289,4,¤,§¥§¥§¥§¥§¥§¥§¥§¥§¥§¥§¥§¥§¥¤,0.03703703703703709,0.03703703703703709,0.33333333333333326,165946,30326257.631208304,,30160311.631208304
1-695486321,4,¥¤,¥¡¥¢¥¡¥¤,0.25,0.25,0.5,5170136,64350066.673492126,,59179930.673492126
1-696097603,4,¢¥¡¥¢¡§¤,¥¤,0.25,0.25,0.4,2676233,34167074.02671058,,31490841.026710577
1-696680265,4,¥¥§¤,¥§¢¥¢¥¢¥¢¥¤¥¢¥¤,0.19999999999999996,0.19999999999999996,0.75,2261345,12028127.342082763,,9766782.342082763
1-696835891,4,¤,§¤,0.5,0.5,0.5,1294,14701136.369896123,,14699842.369896123
1-697041731,4,¤,¤,1.0,1.0,1.0,1018,649362.2357599952,,648344.2357599952
1-697458590,4,¢¡¥¥¡§¤,¥¤,0.2857142857142857,0.2857142857142857,0.4,4660602,53550295.99036711,,48889693.99036711
1-697459701,4,¤,¡¥¤,0.33333333333333337,0.33333333333333337,0.33333333333333326,1640,52896695.74346672,,52895055.74346672
1-697987547,4,¢¥¥¤,§¥§¥§¥§¥§¥§¥§¥§¥§¥§¥§¥§¥§¥¤,0.11111111111111116,0.11111111111111116,0.5,4934854,33363423.450109947,,28428569.450109947
1-698044001,4,¥¤,¥¤,1.0,1.0,1.0,2242882,53558494.10826664,,51315612.10826664
1-698216063,4,¥¤,¤,0.5,0.5,0.5,26567,13766903.5550417,,13740336.5550417
1-698842669,4,¤¥¤,¥¤,0.6666666666666667,0.6666666666666667,1.0,2689823,9707912.527690792,,7018089.527690792
1-698998499,4,¥¢¥§¤,¥§¢¥¡¥¤,0.5714285714285714,0.5714285714285714,0.8,1907232,30090987.708279286,,28183755.708279286
1-699103215,4,¥¢¥¡¢¥¢¥¥¤,¥§¢¥¢¥§¥§¥§¥§¥§¥§¥§¥§¥§¥§¥¤,0.2592592592592593,0.2592592592592593,0.6,1490870,34450966.78727678,,32960096.787276782
1-699661601,4,¥¢¥¤,§¥§¥§¥§¥§¥§¥§¥§¥§¥§¥§¥§¥¤,0.12,0.12,0.5,325456,33581526.02926636,,33256070.029266357
1-700498223,4,¢¥¢¡¢¥¡¢¥¥¢¥§¥¤,¥¤,0.1333333333333333,0.1333333333333333,0.4,2260420,45480395.810645975,,43219975.810645975
1-700566882,4,¥¤,,0.0,0.0,0.0,1905692,0,,1905692.0
1-700842031,4,¥§¤,¥¤,0.6666666666666667,0.6666666666666667,0.6666666666666666,5421299,13408729.161877215,,7987430.161877215
1-701429911,4,¤,¤,1.0,1.0,1.0,1113986,16584587.487246985,,15470601.487246985
1-702482271,4,¥¤,¥¡¥¤,0.5,0.5,0.6666666666666666,1290,48288756.08153387,,48287466.08153387
1-702501138,4,¥¤,¥§¢¥¢¥¢¥¢¥¤,0.18181818181818177,0.18181818181818177,0.5,722493,11240765.857792923,,10518272.857792923
1-703190797,4,¥¢¥¢¥¢¥¤,¡¥¤,0.25,0.25,0.5,1320259,46787618.3282156,,45467359.3282156
1-703540157,4,¢¥§¢¥¢¥¢¥§¥¢¥¤,§¢¥¢¥¢¥¢¥¢¥¤,0.7857142857142857,0.7857142857142857,1.0,4858009,18375849.347395025,,13517840.347395025
1-704650867,4,¥§¤,¥§¢¥¢¥§¥§¥§¥§¥§¥§¥§¥§¥§¥§¥¤,0.11111111111111116,0.11111111111111116,0.75,3129225,32377193.09981243,,29247968.09981243
1-704661542,4,§¤,¡¥¤,0.33333333333333337,0.33333333333333337,0.25,1111516,53085941.480113484,,51974425.480113484
1-704703712,4,¡¥¤,¤,0.33333333333333337,0.33333333333333337,0.33333333333333326,63869,4498717.105344402,,4434848.105344402
1-704973871,4,¥¤,¥¤,1.0,1.0,1.0,641570,9178387.7223012,,8536817.7223012
1-704977245,4,¢¥¤,§¤,0.33333333333333337,0.33333333333333337,0.25,141339,15901766.974977229,,15760427.974977229
1-707300171,4,¥¢¡¢¥¥¥§¤,¥§¢¥¡¥¤,0.5555555555555556,0.5555555555555556,1.0,4127329,34814320.99910065,,30686991.999100648
1-707660543,4,¢¥¤,¥¤,0.6666666666666667,0.6666666666666667,0.6666666666666666,3214420,53351730.94807868,,50137310.94807868
1-708131711,4,¥¡¤,¥§¢¥§¥§¥§¥§¥§¥§¥§¥§¥§¥§¥¤,0.07999999999999996,0.07999999999999996,0.4,2339495,36895296.24426114,,34555801.24426114
1-708613661,4,¤,¤,1.0,1.0,1.0,1,1436217.940210704,,1436216.940210704
1-709552565,4,¢¥¤,¥¤,0.6666666666666667,0.6666666666666667,0.6666666666666666,1199478,53660228.39940489,,52460750.39940489
1-709663551,4,¢¡¥¤,¢¥¤,0.75,0.75,0.75,554,2399900.951035146,,2399346.951035146
1-709802861,4,¤,¤,1.0,1.0,1.0,1484,1363101.4815446993,,1361617.4815446993
1-710114300,4,¢¥¢¥¢¥¤,¥¤,0.2857142857142857,0.2857142857142857,0.6666666666666666,3276971,53672902.98635429,,50395931.98635429
1-716571976,4,¥¤,¥¤,1.0,1.0,1.0,135761,1435597.4711352007,,1299836.4711352007
1-717122893,4,¤,¥¤,0.5,0.5,0.5,3014321,13628179.638630265,,10613858.638630265
1-718973785,4,¤,¤,1.0,1.0,1.0,1321948,15042712.632489208,,13720764.632489208
1-719199254,4,¤¥¤¥¤,¤,0.19999999999999996,0.19999999999999996,0.5,72208,764107.2983971627,,691899.2983971627
1-720069371,4,¥§¤,¥§¥§¥§¥§¥§¥§¥§¥§¥§¥§¥§¥§¥§¥¤,0.1071428571428571,0.1071428571428571,1.0,2305903,16110070.664054789,,13804167.664054789
1-722674364,4,¢¥¢¡¢¡¥¤,¥¡¥¢¥¡¥¤,0.5,0.5,1.0,1679665,75117428.88998029,,73437763.88998029
1-726517211,4,¢¡¡¥¤,¡¥¤,0.6,0.6,0.75,1737221,51745572.546281815,,50008351.546281815
1-728470722,4,¡¢¥¡¥¤,¥§¥§¥§¥§¥§¥§¥§¥§¥§¥§¥§¥§¥¤,0.11538461538461542,0.11538461538461542,0.4,3437018,34402945.30895466,,30965927.308954664
1-728630851,4,¤,§¤,0.5,0.5,0.5,116,18154638.04271637,,18154522.04271637
1-732289301,4,¡¥¤,¥¤,0.6666666666666667,0.6666666666666667,0.6666666666666666,2322960,12308218.425926164,,9985258.425926164
1-733562890,4,§¥¤,§¤,0.6666666666666667,0.6666666666666667,0.6666666666666666,1982785,14976952.848788224,,12994167.848788224
1-735881798,4,¤,¤,1.0,1.0,1.0,26,558638.7861363301,,558612.7861363301
1-736351127,4,¥¢¥¢¥¢¥¥¤,¥§¢¥¢¥¢¥¢¥¢¥¤¥¢¥¤,0.5294117647058824,0.5294117647058824,0.75,638692,15646714.431735829,,15008022.431735829
1-736351222,4,¥¢¥¢¥¢¥¥¤,¥§¢¥¢¥¢¥¢¥¤¥¢¥¤,0.6,0.6,0.75,638830,16330213.999987068,,15691383.999987068
1-737341073,4,¤,¡¥¤,0.33333333333333337,0.33333333333333337,0.33333333333333326,131,48485761.94527885,,48485630.94527885
1-739695919,4,¥¢¢¥¤¥¤,§¤,0.1428571428571429,0.1428571428571429,0.25,1964988,15342473.61053008,,13377485.61053008
1-741987554,4,§¢¥¤,§¥§¥§¥§¥§¥§¥§¥§¥§¥§¥§¥§¥§¥¤,0.11111111111111116,0.11111111111111116,0.75,684072,13599749.621668661,,12915677.621668661
1-741995108,4,¥¤,¥§¥§¥§¥§¥§¥§¥§¥§¥§¥§¥§¥§¥¤,0.07692307692307687,0.07692307692307687,0.6666666666666666,11177,20119698.266198855,,20108521.266198855
1-745941359,4,¤,¥¤,0.5,0.5,0.5,535,43458510.2146035,,43457975.2146035
1-746205481,4,§¤,¥¤,0.5,0.5,0.33333333333333326,514764,53569231.830508515,,53054467.830508515
1-751006831,4,¥¡¥¤,,0.0,0.0,0.0,61,0,,61.0
1-752067921,4,¤,¡¥¤,0.33333333333333337,0.33333333333333337,0.33333333333333326,148,52807405.98598212,,52807257.98598212
1-659922661,5,¤,¤,1.0,1.0,1.0,68,38408.2259160437,,38340.2259160437
1-660268091,5,¤¥¢¥¤¥¤,¤,0.1428571428571429,0.1428571428571429,0.33333333333333326,788685,320837.2340458712,,467847.7659541288
1-660648920,5,¢¥§¤,¤,0.25,0.25,0.25,4840483,1405022.4679178644,,3435460.532082136
1-661184751,5,¥¤,¥§¥§¥§¥§¥§¥§¥§¥§¥§¥§¥¤,0.09090909090909094,0.09090909090909094,0.6666666666666666,3117196,29946336.177302204,,26829140.177302204
1-663582660,5,¤,§¢¥¢¥§¥§¥§¥§¥§¥§¥§¥§¥¤,0.045454545454545414,0.045454545454545414,0.25,41,27062083.103227742,,27062042.103227742
1-669119156,5,¥¡¡¤,¥§¥§¥§¥§¥§¥§¥§¥§¥§¥§¥§¥§¥¤,0.07692307692307687,0.07692307692307687,0.5,1374310,16636268.990809264,,15261958.990809264
1-670754761,5,¥¥¤¥¤¥¤,§¥§¥§¥§¥§¥§¥§¥§¥§¥§¥§¥¤,0.21739130434782605,0.21739130434782605,0.6666666666666666,1990103,28381944.411453944,,26391841.411453944
1-672506739,5,¥¤,¥§¢¥§¥§¥§¥§¥§¥§¥§¥§¥§¥¤,0.08695652173913049,0.08695652173913049,0.5,1914400,31478326.224743616,,29563926.224743616
1-672862385,5,¤,¤,1.0,1.0,1.0,6652288,1414787.647520443,,5237500.352479557
1-675150191,5,§¤,¤,0.5,0.5,0.5,1370853,296078.4075777193,,1074774.5924222807
1-675150672,5,¤,¤,1.0,1.0,1.0,187,446399.1572586601,,446212.1572586601
1-675685459,5,¥¤,¥¢¥¤,0.5,0.5,0.6666666666666666,471511,1577354.1954812927,,1105843.1954812927
1-675797761,5,¥¤,¥¤,1.0,1.0,1.0,530187,912707.6788587698,,382520.6788587698
1-675826063,5,¥¡¡¢¥§¡¥¤,¡¥¢¥¡¥¤,0.6666666666666667,0.6666666666666667,0.8,7268292,46971667.06889023,,39703375.06889023
1-677811170,5,¥¡¥¡¥¤,¡¥¢¥¡¥¤,0.7142857142857143,0.7142857142857143,0.75,2437938,50174593.679753445,,47736655.679753445
1-678755621,5,¥¡¥¤,¥¤,0.5,0.5,0.6666666666666666,6379492,640844.4358007042,,5738647.564199296
1-681929091,5,¤,¤,1.0,1.0,1.0,113,541758.9476358519,,541645.9476358519
1-682262974,5,¢¥¢¥¢¥¢¥¢¥¢¥¥¢¢¥¥¥¥¢¢¥¤,§¢¥¢¥¢¥¢¥¤,0.3913043478260869,0.3913043478260869,0.75,6551113,10890331.653774345,,4339218.653774345
1-685134878,5,¢¡¢¥¤,¥¤,0.4,0.4,0.5,4855738,3376217.8753863014,,1479520.1246136986
1-686531969,5,¥¤¥¤,,0.0,0.0,0.0,548,0,,548.0
1-686642441,5,¥¤,¥¤,1.0,1.0,1.0,110,2500965.081586019,,2500855.081586019
1-686642543,5,¥£¥¤,¥§¢¥§¥§¥§¥§¥§¥§¥§¥§¥§¥§¥§¥¤,0.11111111111111116,0.11111111111111116,0.4,4214410,36171827.676514216,,31957417.676514216
1-687589251,5,¥¢¥¢¥¢¥¤,¥¤,0.25,0.25,0.6666666666666666,3283312,2573169.5476401555,,710142.4523598445
1-687668119,5,¤,¤,1.0,1.0,1.0,69,6878062.518341018,,6877993.518341018
1-688280019,5,¥¤,¤,0.5,0.5,0.5,791815,16603474.678784791,,15811659.678784791
1-688380091,5,¥§¡¤,¤,0.25,0.25,0.25,2452260,7875018.536087717,,5422758.536087717
1-688564824,5,¥¤,¥¤,1.0,1.0,1.0,2607253,52914324.39010795,,50307071.39010795
1-688725917,5,¥¤,¥¢¥¢¥¢¥¢¥¤,0.19999999999999996,0.19999999999999996,0.6666666666666666,2540063,3607333.741290988,,1067270.741290988
1-689469104,5,¢¥¢¥¤,§¢¥¢¥¡¥¤,0.625,0.625,0.6,1847458,26658788.44919064,,24811330.44919064
1-691093464,5,¢¥¤,¤,0.33333333333333337,0.33333333333333337,0.33333333333333326,417784,528159.0556572039,,110375.05565720389
1-691221687,5,¢¥¢¥¤,¤,0.19999999999999996,0.19999999999999996,0.33333333333333326,1203021,385796.58564653597,,817224.414353464
1-691786096,5,¤,¥¤,0.5,0.5,0.5,1387532,7067050.257885053,,5679518.257885053
1-692193396,5,¤,¤,1.0,1.0,1.0,1,44008.76604268562,,44007.76604268562
1-693595201,5,¤,§¢¥¢¥§¥§¥§¥§¥§¥§¥§¥§¥§¥¤,0.04166666666666663,0.04166666666666663,0.25,6814023,30808281.860284895,,23994258.860284895
1-693732401,5,§¤,¤,0.5,0.5,0.5,4923142,210861.8817262154,,4712280.118273784
1-694222066,5,¡¥¤,¥¤,0.6666666666666667,0.6666666666666667,0.6666666666666666,6488,3143352.162766653,,3136864.162766653
1-694385837,5,¥¤¥¤,¤,0.25,0.25,0.5,14172,547019.7450553416,,532847.7450553416
1-694828073,5,§¡¢¥¡¥¡¢¥¥¤,¥¤,0.18181818181818177,0.18181818181818177,0.4,4435499,5832151.404650537,,1396652.4046505373
1-695486321,5,¤,§¢¥¡¥¤,0.16666666666666663,0.16666666666666663,0.19999999999999996,4940648,34599050.74410011,,29658402.74410011
1-696097603,5,¥¡¥¢¡§¤,¡¥¢¥¡¥¤,0.5714285714285714,0.5714285714285714,0.8,2485806,42754424.403867185,,40268618.403867185
1-696680265,5,¥§¤,§¢¥¢¥¢¥¢¥¤,0.19999999999999996,0.19999999999999996,0.75,2261344,9216757.63667506,,6955413.63667506
1-697458590,5,¡¥¥¡§¤,¡¥¢¥¡¥¤,0.7142857142857143,0.7142857142857143,0.6,4585521,47745929.28784674,,43160408.28784674
1-697987547,5,¥¥¤,¥§¢¥§¥§¥§¥§¥§¥§¥§¥§¥§¥§¥¤,0.12,0.12,0.5,4934802,30941814.025939327,,26007012.025939327
1-698044001,5,¤,¤,1.0,1.0,1.0,37,119096.75077942912,,119059.75077942912
1-698216063,5,¤,¤,1.0,1.0,1.0,738,192423.6928741516,,191685.6928741516
1-698842669,5,¥¤,,0.0,0.0,0.0,2689800,0,,2689800.0
1-698998499,5,¢¥§¤,§¢¥¢¥¢¥¢¥¤¥¢¥¤,0.2142857142857143,0.2142857142857143,1.0,1907130,14297148.733984694,,12390018.733984694
1-699103215,5,¢¥¡¢¥¢¥¥¤,§¢¥¢¥¢¥¢¥¤¥¢¥¤,0.5714285714285714,0.5714285714285714,0.6,621408,11573619.941078778,,10952211.941078778
1-699661601,5,¢¥¤,¢¥§¢¥§¥§¥§¥§¥§¥§¥§¥§¥§¥¤,0.125,0.125,0.75,260333,30561342.25387604,,30301009.25387604
1-700498223,5,¥¢¡¢¥¡¢¥¥¢¥§¥¤,¡¥¢¥¡¥¤,0.4285714285714286,0.4285714285714286,0.8,2260058,44196848.62986911,,41936790.62986911
1-700566882,5,¤,¤,1.0,1.0,1.0,1833187,575059.7449962342,,1258127.2550037657
1-700842031,5,§¤,¤,0.5,0.5,0.5,5420713,236039.2211499817,,5184673.778850018
1-702482271,5,¤,¡¥¤,0.33333333333333337,0.33333333333333337,0.33333333333333326,216,48130290.402275376,,48130074.402275376
1-702501138,5,¤,§¢¥¢¥¢¥¢¥¤,0.09999999999999998,0.09999999999999998,0.25,678,9593963.480130667,,9593285.480130667
1-703190797,5,¢¥¢¥¢¥¤,¤,0.1428571428571429,0.1428571428571429,0.33333333333333326,1320093,3495198.3725669486,,2175105.3725669486
1-703540157,5,¥§¢¥¢¥¢¥§¥¢¥¤,¥¢¥¢¥¢¥¢¥¤,0.7692307692307692,0.7692307692307692,0.75,3913256,5846017.299586609,,1932761.299586609
1-704650867,5,§¤,§¢¥¢¥¢¥¢¥¤¥¢¥¤¥¢¥§¥¤,0.09999999999999998,0.09999999999999998,0.5,3114896,19886769.181564678,,16771873.181564678
1-704661542,5,¤,¥§¥§¥§¥§¥§¥§¥§¥§¥§¥§¥§¥¤,0.04166666666666663,0.04166666666666663,0.33333333333333326,1795,33362686.420697942,,33360891.420697942
1-704703712,5,¥¤,¥¤,1.0,1.0,1.0,63847,15078041.51835731,,15014194.51835731
1-704973871,5,¤,¤,1.0,1.0,1.0,11,481174.25883325015,,481163.25883325015
1-704977245,5,¥¤,¥¤,1.0,1.0,1.0,140525,2309144.005651621,,2168619.005651621
1-707300171,5,¢¡¢¥¥¥§¤,§¥§¥§¥§¥§¥§¥§¥§¥§¥§¥§¥§¥¤,0.19999999999999996,0.19999999999999996,0.6,4126782,32135806.213118494,,28009024.213118494
1-707660543,5,¥¤,¡¥¢¥¡¥¤,0.2857142857142857,0.2857142857142857,0.5,94721,25851697.900995664,,25756976.900995664
1-708131711,5,¡¤,§¢¥§¥§¥§¥§¥§¥§¥§¥§¥§¥§¥¤,0.04166666666666663,0.04166666666666663,0.19999999999999996,1723679,36636126.115111224,,34912447.115111224
1-709552565,5,¥¤,¡¥¢¥¡¥¤,0.2857142857142857,0.2857142857142857,0.5,149385,40750060.70973672,,40600675.70973672
1-709663551,5,¡¥¤,¥¤,0.6666666666666667,0.6666666666666667,0.6666666666666666,515,1256091.7002497986,,1255576.7002497986
1-710114300,5,¥¢¥¢¥¤,¡¥¢¥¡¥¤,0.7142857142857143,0.7142857142857143,0.75,3270797,50533091.31313533,,47262294.31313533
1-716571976,5,¤,¤,1.0,1.0,1.0,25,438979.1102791059,,438954.1102791059
1-719199254,5,¥¤¥¤,,0.0,0.0,0.0,72077,0,,72077.0
1-720069371,5,§¤,§¥§¥§¥§¥§¥§¥§¥§¥§¥§¥§¥§¥§¥¤,0.07407407407407407,0.07407407407407407,0.6666666666666666,2159004,7801973.91539753,,5642969.91539753
1-722674364,5,¥¢¡¢¡¥¤,¥§¢¥¡¥¤,0.5714285714285714,0.5714285714285714,0.8,1646899,41078260.29339557,,39431361.29339557
1-726517211,5,¡¡¥¤,¥§¢¥¢¥¡¥¤,0.33333333333333337,0.33333333333333337,0.6,1737091,27750182.878528196,,26013091.878528196
1-728470722,5,¢¥¡¥¤,¥§¥§¥§¥§¥§¥§¥§¥§¥§¥§¥§¥§¥¤,0.11538461538461542,0.11538461538461542,0.4,3227912,30722914.695535332,,27495002.695535332
1-732289301,5,¥¤,¥¤,1.0,1.0,1.0,2319552,33879508.940721326,,31559956.940721326
1-733562890,5,¥¤,¤,0.5,0.5,0.5,1209189,14912677.430298915,,13703488.430298915
1-736351127,5,¢¥¢¥¢¥¥¤,§¢¥¢¥§¥§¥§¥§¥§¥§¥§¥§¥§¥§¥¤,0.2692307692307693,0.2692307692307693,0.75,623169,34321564.20097601,,33698395.20097601
1-736351222,5,¢¥¢¥¢¥¥¤,§¢¥¢¥§¥§¥§¥§¥§¥§¥§¥§¥§¥§¥¤,0.2692307692307693,0.2692307692307693,0.75,623406,33174591.656026646,,32551185.656026646
1-739695919,5,¢¢¥¤¥¤,¤,0.16666666666666663,0.16666666666666663,0.33333333333333326,1812363,1997630.43292314,,185267.43292314
1-741987554,5,¢¥¤,¥§¥§¥§¥§¥§¥§¥§¥§¥§¥§¥§¥§¥¤,0.07692307692307687,0.07692307692307687,0.5,681254,11340473.87017605,,10659219.87017605
1-741995108,5,¤,§¥§¥§¥§¥§¥§¥§¥§¥§¥§¥§¥§¥§¥¤,0.03703703703703709,0.03703703703703709,0.33333333333333326,25,8455702.746753348,,8455677.746753348
1-746205481,5,¤,¤,1.0,1.0,1.0,504906,7281360.79188331,,6776454.79188331
1-751006831,5,¡¥¤,¤,0.33333333333333337,0.33333333333333337,0.33333333333333326,51,702235.7221319512,,702184.7221319512
1-660268091,6,¥¢¥¤¥¤,,0.0,0.0,0.0,788661,0,,788661.0
1-660648920,6,¥§¤,¥§¢¥§¥§¥§¥§¥§¥§¥§¥§¥¤,0.1428571428571429,0.1428571428571429,0.75,4840309,26801869.697718527,,21961560.697718527
1-661184751,6,¤,§¤,0.5,0.5,0.5,17,7731001.921533116,,7730984.921533116
1-669119156,6,¡¡¤,§¥§¥§¥§¥§¥§¥§¥§¥§¥§¥§¥¤,0.04347826086956519,0.04347826086956519,0.25,517996,20692022.585487403,,20174026.585487403
1-670754761,6,¥¤¥¤¥¤,¤,0.16666666666666663,0.16666666666666663,0.5,79263,197043.59248547597,,117780.59248547597
1-672506739,6,¤,¤,1.0,1.0,1.0,189,399969.8624594922,,399780.8624594922
1-675150191,6,¤,¤,1.0,1.0,1.0,1362409,4899026.52646841,,3536617.52646841
1-675685459,6,¤,¢¥¢¥¤,0.19999999999999996,0.19999999999999996,0.33333333333333326,15,2212414.0791925336,,2212399.0791925336
1-675797761,6,¤,¤,1.0,1.0,1.0,9,325834.75847371336,,325825.75847371336
1-675826063,6,¡¡¢¥§¡¥¤,¡¥¢¥¡¥¤,0.75,0.75,0.8,7268287,53138501.26581137,,45870214.26581137
1-677811170,6,¡¥¡¥¤,¡¥¢¥¡¥¤,0.7142857142857143,0.7142857142857143,0.75,1994487,53838340.568772234,,51843853.568772234
1-678755621,6,¡¥¤,¤,0.33333333333333337,0.33333333333333337,0.33333333333333326,5347991,363639.0791515471,,4984351.9208484525
1-682262974,6,¥¢¥¢¥¢¥¢¥¢¥¥¢¢¥¥¥¥¢¢¥¤,¥¢¥¢¥¢¥¤,0.36363636363636365,0.36363636363636365,1.0,6551059,2695160.828986614,,3855898.171013386
1-685134878,6,¡¢¥¤,¥¢¥¢¥¢¥¢¥¤,0.30000000000000004,0.30000000000000004,0.75,4854458,5076293.234637012,,221835.23463701177
1-686531969,6,¤¥¤,¤,0.33333333333333337,0.33333333333333337,0.5,477,498351.9396672827,,497874.9396672827
1-686642441,6,¤,¤,1.0,1.0,1.0,105,524037.6048533212,,523932.6048533212
1-686642543,6,£¥¤,¢¥¢¥¢¥¢¥¢¥¤,0.18181818181818177,0.18181818181818177,0.5,4208572,4100016.5849494976,,108555.4150505024
1-687589251,6,¢¥¢¥¢¥¤,¤,0.1428571428571429,0.1428571428571429,0.33333333333333326,3283307,980072.0689606703,,2303234.9310393296
1-688280019,6,¤,¤,1.0,1.0,1.0,139,141454.37296794105,,141315.37296794105
1-688380091,6,§¡¤,¤,0.33333333333333337,0.33333333333333337,0.33333333333333326,2451285,387290.1529900406,,2063994.8470099594
1-688564824,6,¤,¤,1.0,1.0,1.0,689589,81239.48716980187,,608349.5128301982
1-688725917,6,¤,¢¥¢¥¢¥¢¥¤,0.11111111111111116,0.11111111111111116,0.33333333333333326,2534819,2384274.6269325092,,150544.37306749076
1-689469104,6,¥¢¥¤,¥¢¥¢¥¢¥¢¥¤,0.4,0.4,1.0,1847149,3563051.242500142,,1715902.2425001422
1-691093464,6,¥¤,¥¤,1.0,1.0,1.0,417678,970636.4790464584,,552958.4790464584
1-691221687,6,¥¢¥¤,¥¢¥¢¥¢¥¢¥¤,0.4,0.4,1.0,1120875,4443172.853577741,,3322297.8535777414
1-693732401,6,¤,¢¥¡¥¤,0.19999999999999996,0.19999999999999996,0.25,4923134,53171001.6617452,,48247867.6617452
1-694222066,6,¥¤,¥¤,1.0,1.0,1.0,5010,2874360.352924724,,2869350.352924724
1-694385837,6,¤¥¤,¤,0.33333333333333337,0.33333333333333337,0.5,14042,496784.295162549,,482742.295162549
1-694828073,6,¡¢¥¡¥¡¢¥¥¤,¤,0.09999999999999998,0.09999999999999998,0.25,4252912,3375127.484112028,,877784.515887972
1-696097603,6,¡¥¢¡§¤,¢¥¢¥¢¥¢¥¢¥¤,0.2727272727272727,0.2727272727272727,0.6,2485765,4906642.0574018,,2420877.0574017996
1-696680265,6,§¤,¢¥¢¥¢¥¢¥¤,0.11111111111111116,0.11111111111111116,0.25,2109645,2526891.4438669495,,417246.4438669495
1-697458590,6,¥¥¡§¤,¥¢¥¡¥¤,0.6666666666666667,0.6666666666666667,0.6,4574857,56841534.5401867,,52266677.5401867
1-697987547,6,¥¤,§¢¥¡¥¤,0.33333333333333337,0.33333333333333337,0.4,4934788,27138635.66859273,,22203847.66859273
1-698842669,6,¤,¤,1.0,1.0,1.0,2689770,558936.7511649755,,2130833.2488350244
1-698998499,6,¥§¤,¥¢¥¢¥¢¥¢¥¤,0.19999999999999996,0.19999999999999996,0.5,1906857,3587171.0115864947,,1680314.0115864947
1-699103215,6,¥¡¢¥¢¥¥¤,¥¢¥¢¥¢¥¢¥¤,0.7,0.7,0.75,621368,3338283.3138693045,,2716915.3138693045
1-699661601,6,¥¤,¥§¥§¥§¥§¥§¥§¥§¥§¥§¥§¥¤,0.09090909090909094,0.09090909090909094,0.6666666666666666,260203,24647826.519800555,,24387623.519800555
1-700498223,6,¢¡¢¥¡¢¥¥¢¥§¥¤,¢¥¢¥¢¥¢¥¤,0.6153846153846154,0.6153846153846154,0.6,2259833,2569441.7026884016,,309608.70268840156
1-700842031,6,¤,¥§¥§¥§¥§¥§¥§¥§¥§¥§¥§¥§¥¤,0.04166666666666663,0.04166666666666663,0.33333333333333326,4839089,16858142.603589483,,12019053.603589483
1-703190797,6,¥¢¥¢¥¤,¥¢¥¢¥¢¥¤¥¢¥¤,0.5,0.5,1.0,1320063,5508116.613836485,,4188053.613836485
1-703540157,6,§¢¥¢¥¢¥§¥¢¥¤,¢¥¢¥¢¥¢¥¢¥¤,0.8333333333333334,0.8333333333333334,0.75,3912626,4723053.576687518,,810427.5766875176
1-704650867,6,¤,¤,1.0,1.0,1.0,1206332,5551988.206767362,,4345656.206767362
1-704703712,6,¤,¤,1.0,1.0,1.0,31,314152.65211591875,,314121.65211591875
1-704977245,6,¤,¤,1.0,1.0,1.0,30,715727.0289550088,,715697.0289550088
1-707300171,6,¡¢¥¥¥§¤,¥¢¥¢¥¢¥¢¥¢¥¤,0.41666666666666663,0.41666666666666663,0.6,3620970,5526433.27320085,,1905463.27320085
1-707660543,6,¤,¡¥¤,0.33333333333333337,0.33333333333333337,0.33333333333333326,17,3187750.2710070526,,3187733.2710070526
1-708131711,6,¤,¥¤,0.5,0.5,0.5,1723662,4312459.546292918,,2588797.546292918
1-709552565,6,¤,¡¥¢¥¡¥¤,0.1428571428571429,0.1428571428571429,0.25,147754,49932049.77835079,,49784295.77835079
1-709663551,6,¥¤,¥¢¥¢¥¢¥§¥§¥§¥§¥§¥§¥¤,0.09999999999999998,0.09999999999999998,0.5,488,19332212.951888364,,19331724.951888364
1-710114300,6,¢¥¢¥¤,¡¥¢¥¡¥¤,0.5714285714285714,0.5714285714285714,0.75,2914402,55665419.67192458,,52751017.67192458
1-719199254,6,¤¥¤,¤,0.33333333333333337,0.33333333333333337,0.5,72073,470722.10941581224,,398649.10941581224
1-720069371,6,¤,¥§¥§¥§¥§¥§¥§¥§¥§¥§¥§¥§¥§¥¤,0.038461538461538436,0.038461538461538436,0.33333333333333326,2145907,7710288.352217296,,5564381.352217296
1-722674364,6,¢¡¢¡¥¤,§¢¥¢¥§¥§¥§¥§¥§¥§¥§¥§¥§¥¤,0.16666666666666663,0.16666666666666663,0.6,1095907,26634048.70180915,,25538141.70180915
1-726517211,6,¡¥¤,¥¢¥¢¥¡¥¤,0.375,0.375,0.75,1633193,29216562.492868222,,27583369.492868222
1-728470722,6,¥¡¥¤,¥§¥§¥§¥§¥§¥§¥§¥§¥§¥§¥§¥¤,0.125,0.125,0.5,3205224,28993798.512485944,,25788574.512485944
1-732289301,6,¤,¤,1.0,1.0,1.0,34,133727.09748036615,,133693.09748036615
1-733562890,6,¤,¤,1.0,1.0,1.0,43,233644.2129724404,,233601.2129724404
1-736351127,6,¥¢¥¢¥¥¤,¥¢¥¢¥¢¥¢¥¤,0.7,0.7,1.0,623159,3743410.603134066,,3120251.603134066
1-736351222,6,¥¢¥¢¥¥¤,¥¢¥¢¥¢¥¢¥¤,0.7,0.7,1.0,623352,3741705.9695601612,,3118353.9695601612
1-739695919,6,¢¥¤¥¤,¥¢¥¢¥¢¥¢¥¤,0.4,0.4,1.0,1810373,3075843.483237663,,1265470.4832376628
1-741987554,6,¥¤,¥§¥§¥§¥§¥§¥§¥§¥§¥§¥§¥§¥§¥¤,0.07692307692307687,0.07692307692307687,0.6666666666666666,674700,13842315.485492622,,13167615.485492622
1-751006831,6,¥¤,¥¤,1.0,1.0,1.0,3,5726228.395124723,,5726225.395124723
1-660268091,7,¢¥¤¥¤,¢¥¢¥¢¥¢¥¢¥¤,0.36363636363636365,0.36363636363636365,1.0,602589,4921245.165792521,,4318656.165792521
1-660648920,7,§¤,§¢¥§¥§¥§¥§¥§¥§¥§¥§¥¤,0.09999999999999998,0.09999999999999998,0.5,4839873,28451091.193143714,,23611218.193143714
1-669119156,7,¡¤,¥§¥§¥§¥§¥§¥§¥§¥§¥§¥§¥¤,0.045454545454545414,0.045454545454545414,0.25,517961,23121180.15031264,,22603219.15031264
1-670754761,7,¤¥¤¥¤,¤,0.19999999999999996,0.19999999999999996,0.5,3180,165782.90775173652,,162602.90775173652
1-675826063,7,¡¢¥§¡¥¤,¥¢¥¡¥¤,0.7142857142857143,0.7142857142857143,0.8,7268227,61731005.757005796,,54462778.757005796
1-677811170,7,¥¡¥¤,¥¢¥¡¥¤,0.6666666666666667,0.6666666666666667,0.75,1994446,54160923.7846377,,52166477.7846377
1-678755621,7,¥¤,¥¤,1.0,1.0,1.0,5347952,3165808.615851016,,2182143.384148984
1-682262974,7,¢¥¢¥¢¥¢¥¢¥¥¢¢¥¥¥¥¢¢¥¤,¢¥¢¥¢¥¢¥¤,0.4285714285714286,0.4285714285714286,1.0,6399866,2044085.892450477,,4355780.107549523
1-685134878,7,¢¥¤,¥¢¥¢¥¢¥¢¥¤,0.30000000000000004,0.30000000000000004,1.0,4853689,5881668.474785158,,1027979.4747851584
1-686531969,7,¥¤,,0.0,0.0,0.0,452,0,,452.0
1-686642543,7,¥¤,¥¢¥¢¥¢¥¢¥¤,0.19999999999999996,0.19999999999999996,0.6666666666666666,4208391,5964076.816739968,,1755685.816739968
1-687589251,7,¥¢¥¢¥¤,¥¢¥¢¥¢¥¢¥¤,0.6,0.6,1.0,3283282,3351217.1862198915,,67935.18621989153
1-688380091,7,¡¤,¥§¥§¥§¥§¥§¥§¥§¥§¥§¥¤,0.050000000000000044,0.050000000000000044,0.25,2450895,26160567.302490436,,23709672.302490436
1-689469104,7,¢¥¤,¢¥¢¥¢¥¢¥¤,0.33333333333333337,0.33333333333333337,1.0,1763292,2466206.6051962683,,702914.6051962683
1-691093464,7,¤,¤,1.0,1.0,1.0,216,384861.2502935933,,384645.2502935933
1-691221687,7,¢¥¤,¢¥¢¥¢¥¢¥¤,0.33333333333333337,0.33333333333333337,1.0,1120404,3587341.895174572,,2466937.895174572
1-694222066,7,¤,¤,1.0,1.0,1.0,30,547243.5409014397,,547213.5409014397
1-694385837,7,¥¤,,0.0,0.0,0.0,14041,0,,14041.0
1-694828073,7,¢¥¡¥¡¢¥¥¤,¥¤,0.2222222222222222,0.2222222222222222,0.5,3728789,2606830.516440352,,1121958.483559648
1-696097603,7,¥¢¡§¤,¥¤,0.4,0.4,0.4,2485755,6550521.531257216,,4064766.531257216
1-696680265,7,¤,¢¥§¥§¥§¥§¥§¥§¥§¥§¥§¥§¥¤,0.04347826086956519,0.04347826086956519,0.25,2109549,25421241.283763085,,23311692.283763085
1-697458590,7,¥¡§¤,¢¥¡¥¤,0.6,0.6,0.6,4500385,54519517.641644746,,50019132.641644746
1-697987547,7,¤,¢¥¢¥¢¥¢¥¢¥¤,0.09090909090909094,0.09090909090909094,0.33333333333333326,4934758,2964612.346660981,,1970145.653339019
1-698998499,7,§¤,¢¥¢¥¢¥¢¥¤¥¢¥¤,0.07692307692307687,0.07692307692307687,0.25,1906153,4518910.38612657,,2612757.3861265704
1-699103215,7,¡¢¥¢¥¥¤,¢¥¢¥¢¥¢¥¤,0.6666666666666667,0.6666666666666667,0.75,547623,2441686.4206802333,,1894063.4206802333
1-699661601,7,¤,§¢¥§¥§¥§¥§¥§¥§¥§¥§¥§¥¤,0.045454545454545414,0.045454545454545414,0.25,59,27622420.081445698,,27622361.081445698
1-700498223,7,¡¢¥¡¢¥¥¢¥§¥¤,¥¢¥¢¥¢¥¤,0.5833333333333333,0.5833333333333333,0.6,1921669,2814842.191201184,,893173.191201184
1-703190797,7,¢¥¢¥¤,¢¥¢¥¢¥¤¥¢¥¤,0.4545454545454546,0.4545454545454546,1.0,1313850,4114165.077354059,,2800315.077354059
1-703540157,7,¢¥¢¥¢¥§¥¢¥¤,¢¥¢¥§¢¥§¥§¥§¥§¥§¥§¥¤,0.5,0.5,1.0,1496587,26496851.35772071,,25000264.35772071
1-707300171,7,¢¥¥¥§¤,¥¢¥¢¥¢¥¢¥¢¥¤,0.41666666666666663,0.41666666666666663,0.75,3105717,6312569.340268704,,3206852.340268704
1-709663551,7,¤,¢¥¢¥¢¥§¥§¥§¥§¥§¥§¥¤,0.052631578947368474,0.052631578947368474,0.25,46,18262101.550458018,,18262055.550458018
1-710114300,7,¥¢¥¤,¥¡¥¤,0.75,0.75,0.5,2913718,28139042.700491972,,25225324.700491972
1-719199254,7,¥¤,,0.0,0.0,0.0,72066,0,,72066.0
1-722674364,7,¡¢¡¥¤,¥¢¥¢¥¢¥¤,0.375,0.375,0.75,1095660,2620136.400307041,,1524476.4003070411
1-726517211,7,¥¤,¥¢¥¢¥¢¥¢¥¢¥¢¥¤,0.1428571428571429,0.1428571428571429,0.6666666666666666,90489,7605877.559688829,,7515388.559688829
1-728470722,7,¡¥¤,§¥§¥§¥§¥§¥§¥§¥§¥§¥§¥¤,0.09523809523809523,0.09523809523809523,0.5,1801785,27014189.166452788,,25212404.166452788
1-736351127,7,¢¥¢¥¥¤,¢¥¢¥¢¥¢¥¤¥¢¥¤,0.46153846153846156,0.46153846153846156,1.0,623019,4694747.972548247,,4071728.9725482473
1-736351222,7,¢¥¢¥¥¤,¢¥¢¥¢¥¢¥¤¥¢¥¤,0.46153846153846156,0.46153846153846156,1.0,623081,4858102.2843412645,,4235021.2843412645
1-739695919,7,¥¤¥¤,¥¢¥¢¥¢¥¤,0.375,0.375,0.6666666666666666,1637561,2415775.1805692757,,778214.1805692757
1-741987554,7,¤,§¥§¥§¥§¥§¥§¥§¥§¥§¥§¥§¥§¥¤,0.040000000000000036,0.040000000000000036,0.33333333333333326,672701,16717246.708002288,,16044545.708002288
1-751006831,7,¤,¤,1.0,1.0,1.0,2,447111.8623688698,,447109.8623688698
1-660268091,8,¥¤¥¤,¥¢¥¢¥¢¥¢¥¤,0.30000000000000004,0.30000000000000004,0.6666666666666666,602010,4598390.4256905345,,3996380.4256905345
1-660648920,8,¤,¤,1.0,1.0,1.0,1808638,5669427.530909172,,3860789.5309091723
1-669119156,8,¤,§¥§¥§¥§¥§¥§¥§¥§¥§¥§¥¤,0.04761904761904767,0.04761904761904767,0.33333333333333326,516098,19120918.938051417,,18604820.938051417
1-670754761,8,¥¤¥¤,,0.0,0.0,0.0,2859,0,,2859.0
1-675826063,8,¢¥§¡¥¤,¥¢¥¡¥¤,0.6666666666666667,0.6666666666666667,0.8,7268208,63671868.269345336,,56403660.269345336
1-677811170,8,¡¥¤,¤,0.33333333333333337,0.33333333333333337,0.33333333333333326,200636,409516.6754737522,,208880.6754737522
1-678755621,8,¤,¤,1.0,1.0,1.0,1718776,408592.87345936935,,1310183.1265406306
1-682262974,8,¥¢¥¢¥¢¥¢¥¥¢¢¥¥¥¥¢¢¥¤,¥¢¥¢¥¤,0.30000000000000004,0.30000000000000004,1.0,6399820,1230496.890778692,,5169323.109221308
1-685134878,8,¥¤,¥¢¥¢¥¢¥¢¥¤,0.19999999999999996,0.19999999999999996,0.6666666666666666,4850419,4104656.0851016194,,745762.9148983806
1-686531969,8,¤,¢¥¢¥¤,0.19999999999999996,0.19999999999999996,0.33333333333333326,396,1819213.4889496001,,1818817.4889496001
1-686642543,8,¤,¤,1.0,1.0,1.0,667094,373000.46920943883,,294093.53079056117
1-687589251,8,¢¥¢¥¤,¢¥¢¥¢¥¤,0.7142857142857143,0.7142857142857143,1.0,2937163,2426274.015468863,,510888.98453113716
1-688380091,8,¤,¥¤,0.5,0.5,0.5,2105438,2396231.508946738,,290793.5089467382
1-689469104,8,¥¤,¥¢¥¢¥¢¥¤,0.25,0.25,0.6666666666666666,1763084,1744555.5811808035,,18528.418819196522
1-691221687,8,¥¤,¥¢¥¢¥¢¥¤,0.25,0.25,0.6666666666666666,1120382,3257210.354611848,,2136828.354611848
1-694385837,8,¤,¤,1.0,1.0,1.0,13325,393736.9518335138,,380411.9518335138
1-694828073,8,¥¡¥¡¢¥¥¤,¥¡¥¤,0.5,0.5,0.75,3728641,49828276.54018925,,46099635.54018925
1-696097603,8,¢¡§¤,¤,0.25,0.25,0.25,2485716,415279.93996491586,,2070436.0600350841
1-697458590,8,¡§¤,¢¥¡¥¤,0.4,0.4,0.4,4498945,54827916.99824565,,50328971.99824565
1-698998499,8,¤,¢¥§¥§¥§¥§¥§¥§¥§¥§¥§¥¤,0.04761904761904767,0.04761904761904767,0.25,1206736,27112819.36380848,,25906083.36380848
1-699103215,8,¢¥¢¥¥¤,¥¤,0.33333333333333337,0.33333333333333337,0.6666666666666666,547333,5008214.667083808,,4460881.667083808
1-700498223,8,¢¥¡¢¥¥¢¥§¥¤,¥¢¥¡¥¤,0.4545454545454546,0.4545454545454546,0.8,1146889,38325978.5193746,,37179089.5193746
1-703190797,8,¥¢¥¤,¥¢¥¢¥¤¥¢¥¤,0.4,0.4,1.0,1313710,2710910.9831099072,,1397200.9831099072
1-703540157,8,¥¢¥¢¥§¥¢¥¤,¥¢¥¢¥¢¥¤,0.8,0.8,0.75,1423610,3185624.7319232575,,1762014.7319232575
1-707300171,8,¥¥¥§¤,¥¢¥¢¥¢¥¢¥¢¥¤,0.33333333333333337,0.33333333333333337,0.5,2980517,3932114.8863439737,,951597.8863439737
1-710114300,8,¢¥¤,¢¥¡¥¤,0.6,0.6,0.75,2416179,14331190.97778037,,11915011.97778037
1-719199254,8,¤,¤,1.0,1.0,1.0,23,416933.4710333933,,416910.4710333933
1-722674364,8,¢¡¥¤,¥¢¥¢¥¢¥¢¥¤,0.30000000000000004,0.30000000000000004,0.75,72369,4466617.922358341,,4394248.922358341
1-726517211,8,¤,¤,1.0,1.0,1.0,5,553246.6436218579,,553241.6436218579
1-728470722,8,¥¤,¥§¥§¥§¥§¥§¥§¥§¥§¥§¥¤,0.09999999999999998,0.09999999999999998,0.6666666666666666,1801760,25805576.4175062,,24003816.4175062
1-736351127,8,¥¢¥¥¤,¥¢¥¢¥¤,0.8333333333333334,0.8333333333333334,1.0,11226,1558532.0323417485,,1547306.0323417485
1-736351222,8,¥¢¥¥¤,¥¢¥¢¥¤,0.8333333333333334,0.8333333333333334,1.0,11111,1556339.2256742786,,1545228.2256742786
1-739695919,8,¤¥¤,¢¥¢¥¢¥¤,0.2857142857142857,0.2857142857142857,0.6666666666666666,1564587,1835981.1227893012,,271394.1227893012
1-660268091,9,¤¥¤,¢¥¢¥¢¥¤,0.2857142857142857,0.2857142857142857,0.6666666666666666,5198,3000430.172466967,,2995232.172466967
1-670754761,9,¤¥¤,¢¥¢¥¢¥¤,0.2857142857142857,0.2857142857142857,0.6666666666666666,2853,2442587.9842093606,,2439734.9842093606
1-675826063,9,¥§¡¥¤,¥¡¥¤,0.8,0.8,0.75,94852,7172743.214115125,,7077891.214115125
1-677811170,9,¥¤,¥¤,1.0,1.0,1.0,200610,2274196.3334314516,,2073586.3334314516
1-682262974,9,¢¥¢¥¢¥¢¥¥¢¢¥¥¥¥¢¢¥¤,¢¥¢¥¢¥¤,0.368421052631579,0.368421052631579,1.0,6398482,1422443.5451387924,,4976038.454861208
1-685134878,9,¤,¤,1.0,1.0,1.0,67,431361.30948653154,,431294.30948653154
1-687589251,9,¥¢¥¤,¥¢¥¢¥¤,0.6666666666666667,0.6666666666666667,1.0,1709043,2665544.749253478,,956501.7492534779
1-689469104,9,¤,¢¥¢¥¢¥¤,0.1428571428571429,0.1428571428571429,0.33333333333333326,1759762,1601825.82341504,,157936.17658495996
1-691221687,9,¤,¢¥¢¥¢¥¤,0.1428571428571429,0.1428571428571429,0.33333333333333326,1120363,2640694.238878529,,1520331.238878529
1-694828073,9,¡¥¡¢¥¥¤,¡¥¤,0.4285714285714286,0.4285714285714286,0.75,3728638,44566355.35636054,,40837717.35636054
1-696097603,9,¡§¤,¥¡¥¤,0.5,0.5,0.5,2485698,44306179.311506554,,41820481.311506554
1-697458590,9,§¤,¥¡¥¡¥¡¥¡¥¤,0.09999999999999998,0.09999999999999998,0.25,4498828,38210729.51732466,,33711901.51732466
1-699103215,9,¥¢¥¥¤,¥¢¥¢¥¢¥¤,0.625,0.625,1.0,283946,2293946.439544702,,2010000.439544702
1-700498223,9,¥¡¢¥¥¢¥§¥¤,¥¢¥¡¥¤,0.5,0.5,0.8,1146594,29142166.66181393,,27995572.66181393
1-703190797,9,¢¥¤,¢¥¢¥¤¥¢¥¤,0.33333333333333337,0.33333333333333337,1.0,1309139,2712527.1841969285,,1403388.1841969285
1-703540157,9,¢¥¢¥§¥¢¥¤,¢¥¢¥¢¥¤,0.7777777777777778,0.7777777777777778,0.75,1422391,2726954.0717631113,,1304563.0717631113
1-707300171,9,¥¥§¤,¢¥¢¥¢¥§¢¥§¥¢¥¢¥¤,0.25,0.25,0.75,2948400,18391916.852371357,,15443516.852371357
1-710114300,9,¥¤,¥¡¥¤,0.5,0.5,0.6666666666666666,2416123,19554685.56210315,,17138562.56210315
1-722674364,9,¡¥¤,¥¢¥¢¥¢¥¤,0.25,0.25,0.5,70449,2144847.426233017,,2074398.426233017
1-728470722,9,¤,¤,1.0,1.0,1.0,70002,402981.72020735056,,332979.72020735056
1-736351127,9,¢¥¥¤,¢¥¢¥¢¥¤,0.5714285714285714,0.5714285714285714,1.0,8913,1527676.3947773792,,1518763.3947773792
1-736351222,9,¢¥¥¤,¢¥¢¥¢¥¤,0.5714285714285714,0.5714285714285714,1.0,8683,1525209.8553617485,,1516526.8553617485
1-739695919,9,¥¤,,0.0,0.0,0.0,1115720,0,,1115720.0
1-660268091,10,¥¤,,0.0,0.0,0.0,5144,0,,5144.0
1-670754761,10,¥¤,,0.0,0.0,0.0,2812,0,,2812.0
1-675826063,10,§¡¥¤,¡¥¤,0.75,0.75,0.75,91200,6895056.340581093,,6803856.340581093
1-677811170,10,¤,¤,1.0,1.0,1.0,109,538234.0403647155,,538125.0403647155
1-682262974,10,¥¢¥¢¥¢¥¥¢¢¥¥¥¥¢¢¥¤,¥¢¥¤,0.2222222222222222,0.2222222222222222,1.0,6038191,847096.0188064708,,5191094.981193529
1-687589251,10,¢¥¤,¢¥¢¥¤,0.6,0.6,1.0,1708562,2009764.3946275453,,301202.39462754526
1-694828073,10,¥¡¢¥¥¤,¥¤,0.33333333333333337,0.33333333333333337,0.5,3728590,45022672.87804297,,41294082.87804297
1-696097603,10,§¤,¥¢¥¡¥¤,0.16666666666666663,0.16666666666666663,0.19999999999999996,2485670,41351687.162694134,,38866017.162694134
1-697458590,10,¤,¢¥¡¥¤,0.19999999999999996,0.19999999999999996,0.25,4498748,60393373.78257045,,55894625.78257045
1-699103215,10,¢¥¥¤,¢¥¢¥¢¥¤,0.5714285714285714,0.5714285714285714,1.0,95564,1645313.5340797554,,1549749.5340797554
1-700498223,10,¡¢¥¥¢¥§¥¤,¢¥¡¥¤,0.4444444444444444,0.4444444444444444,0.8,1060331,21519673.364808135,,20459342.364808135
1-703190797,10,¥¤,¥¢¥¤¥¢¥¤,0.25,0.25,0.6666666666666666,1309116,2392123.2478651446,,1083007.2478651446
1-703540157,10,¥¢¥§¥¢¥¤,¥¢¥¢¥¤,0.75,0.75,0.75,1421107,2410308.592808301,,989201.5928083011
1-707300171,10,¥§¤,¢¥§¥§¥§¥§¥§¥§¥§¥¤,0.17647058823529416,0.17647058823529416,0.75,2941951,18854224.010987964,,15912273.010987964
1-710114300,10,¤,¤,1.0,1.0,1.0,37,233179.87340031413,,233142.87340031413
1-722674364,10,¥¤,¥¢¥¡¥¤,0.33333333333333337,0.33333333333333337,0.5,64412,32438637.81985584,,32374225.81985584
1-736351127,10,¥¥¤,¥¢¥¤,0.75,0.75,0.6666666666666666,8723,896891.4227551675,,888168.4227551675
1-736351222,10,¥¥¤,¥¢¥¤,0.75,0.75,0.6666666666666666,8638,896319.7249783615,,887681.7249783615
1-739695919,10,¤,¤,1.0,1.0,1.0,462,376246.7052549994,,375784.7052549994
1-660268091,11,¤,¢¥¢¥¤,0.19999999999999996,0.19999999999999996,0.33333333333333326,242,2117024.4739082134,,2116782.4739082134
1-670754761,11,¤,¢¥¤,0.33333333333333337,0.33333333333333337,0.33333333333333326,460,1001058.5735065578,,1000598.5735065578
1-675826063,11,¡¥¤,¢¥¡¥¤,0.6,0.6,0.75,87278,26264226.771628775,,26176948.771628775
1-682262974,11,¢¥¢¥¢¥¥¢¢¥¥¥¥¢¢¥¤,¢¥¤,0.17647058823529416,0.17647058823529416,1.0,5866295,708184.164189301,,5158110.835810699
1-687589251,11,¥¤,¥¢¥¤,0.5,0.5,0.6666666666666666,1707644,1756531.4502603747,,48887.450260374695
1-694828073,11,¡¢¥¥¤,¤,0.19999999999999996,0.19999999999999996,0.25,3728586,460337.0742131856,,3268248.9257868147
1-696097603,11,¤,¢¥¡¥¤,0.19999999999999996,0.19999999999999996,0.25,2324024,52805131.64842664,,50481107.64842664
1-699103215,11,¥¥¤,¥¢¥¢¥¤,0.5,0.5,0.6666666666666666,95512,1605094.78872622,,1509582.78872622
1-700498223,11,¢¥¥¢¥§¥¤,¥¤,0.25,0.25,0.5,1060279,14799650.651064534,,13739371.651064534
1-703190797,11,¤,¤,1.0,1.0,1.0,1117,298739.78679795744,,297622.78679795744
1-703540157,11,¢¥§¥¢¥¤,¢¥¢¥¤,0.7142857142857143,0.7142857142857143,0.75,1397985,1945082.702017955,,547097.702017955
1-707300171,11,§¤,¤,0.5,0.5,0.5,413251,200568.86784188563,,212682.13215811437
1-722674364,11,¤,¢¥¡¥¤,0.19999999999999996,0.19999999999999996,0.25,226,32956027.712654077,,32955801.712654077
1-736351127,11,¥¤,¢¥¢¥¤,0.4,0.4,0.6666666666666666,8237,955639.2126756988,,947402.2126756988
1-736351222,11,¥¤,¢¥¢¥¤,0.4,0.4,0.6666666666666666,8461,955603.723120609,,947142.723120609
1-675826063,12,¥¤,¥¡¥¤,0.5,0.5,0.6666666666666666,86191,4853048.902973216,,4766857.902973216
1-682262974,12,¥¢¥¢¥¥¢¢¥¥¥¥¢¢¥¤,¥¤,0.125,0.125,0.6666666666666666,5435853,551483.5151632889,,4884369.484836711
1-687589251,12,¤,¤,1.0,1.0,1.0,214,258481.07351850808,,258267.07351850808
1-694828073,12,¢¥¥¤,¥¡¥¤,0.5,0.5,0.5,3728422,7695706.408729783,,3967284.4087297833
1-699103215,12,¥¤,¢¥¢¥¤,0.4,0.4,0.6666666666666666,108,1381796.9620027214,,1381688.9620027214
1-700498223,12,¥¥¢¥§¥¤,¥¡¥¤,0.4285714285714286,0.4285714285714286,0.4,771837,20301150.74807283,,19529313.74807283
1-703540157,12,¥§¥¢¥¤,¥¢¥¤,0.6666666666666667,0.6666666666666667,0.75,1393040,1813752.6371841326,,420712.6371841326
1-707300171,12,¤,¢¥§¥¤,0.19999999999999996,0.19999999999999996,0.25,412283,11336381.927541569,,10924098.927541569
1-736351127,12,¤,¢¥¢¥¤,0.19999999999999996,0.19999999999999996,0.33333333333333326,5900,1663236.3115280382,,1657336.3115280382
1-736351222,12,¤,¢¥¢¥¤,0.19999999999999996,0.19999999999999996,0.33333333333333326,5958,1664819.8143732916,,1658861.8143732916
1-675826063,13,¤,¡¥¡¥¤,0.19999999999999996,0.19999999999999996,0.33333333333333326,31,6549912.01271859,,6549881.01271859
1-682262974,13,¢¥¢¥¥¢¢¥¥¥¥¢¢¥¤,¤,0.06666666666666665,0.06666666666666665,0.33333333333333326,5354563,252378.28103660155,,5102184.718963399
1-694828073,13,¥¥¤,¥¡¥¤,0.75,0.75,0.6666666666666666,94895,7998735.094457151,,7903840.094457151
1-699103215,13,¤,¢¥¢¥¤,0.19999999999999996,0.19999999999999996,0.33333333333333326,97,2206365.5486146496,,2206268.5486146496
1-700498223,13,¥¢¥§¥¤,¡¥¤,0.33333333333333337,0.33333333333333337,0.4,770877,22744578.39613788,,21973701.39613788
1-703540157,13,§¥¢¥¤,¢¥¤,0.6,0.6,0.75,1346624,1163218.540609399,,183405.4593906009
1-682262974,14,¥¢¥¥¢¢¥¥¥¥¢¢¥¤,¥¤,0.1428571428571429,0.1428571428571429,0.6666666666666666,5100820,496061.2836646901,,4604758.71633531
1-694828073,14,¥¤,¡¥¤,0.6666666666666667,0.6666666666666667,0.6666666666666666,79293,10548610.610973805,,10469317.610973805
1-700498223,14,¢¥§¥¤,¢¥¡¥¤,0.8,0.8,0.6,456790,21469912.56087512,,21013122.56087512
1-703540157,14,¥¢¥¤,¢¥§¢¥¤¥¢¥¢¥¤,0.33333333333333337,0.33333333333333337,0.75,1346606,18271701.15303521,,16925095.15303521
1-682262974,15,¢¥¥¢¢¥¥¥¥¢¢¥¤,¤,0.07692307692307687,0.07692307692307687,0.33333333333333326,5100814,273783.29853810376,,4827030.701461896
1-694828073,15,¤,¤,1.0,1.0,1.0,32,447279.4638632613,,447247.4638632613
1-700498223,15,¥§¥¤,¥¡¥¤,0.75,0.75,0.5,456662,13725435.0374906,,13268773.0374906
1-703540157,15,¢¥¤,¤,0.33333333333333337,0.33333333333333337,0.33333333333333326,1334431,419123.51706131455,,915307.4829386855
1-682262974,16,¥¥¢¢¥¥¥¥¢¢¥¤,¥¤,0.16666666666666663,0.16666666666666663,0.6666666666666666,5099997,525105.7269685664,,4574891.273031434
1-700498223,16,§¥¤,¡¥¤,0.6666666666666667,0.6666666666666667,0.5,453222,9722062.676479083,,9268840.676479083
1-703540157,16,¥¤,¥¢¥¤,0.5,0.5,0.6666666666666666,1332826,1564297.1986068236,,231471.19860682357
1-682262974,17,¥¢¢¥¥¥¥¢¢¥¤,¤,0.09090909090909094,0.09090909090909094,0.33333333333333326,5098045,304724.91468753497,,4793320.085312465
1-700498223,17,¥¤,¢¥¤¥¢¥¤,0.2857142857142857,0.2857142857142857,0.6666666666666666,449365,11297578.255347032,,10848213.255347032
1-703540157,17,¤,¤,1.0,1.0,1.0,841108,217885.43951900094,,623222.5604809991
1-682262974,18,¢¢¥¥¥¥¢¢¥¤,¤,0.09999999999999998,0.09999999999999998,0.33333333333333326,5097739,741965.8649591029,,4355773.135040897
1-700498223,18,¤,¤,1.0,1.0,1.0,958,415237.4261158627,,414279.4261158627
1-682262974,19,¢¥¥¥¥¢¢¥¤,¥¤,0.2222222222222222,0.2222222222222222,0.6666666666666666,5097617,797462.3269877946,,4300154.673012205
1-682262974,20,¥¥¥¥¢¢¥¤,¢¥¤,0.375,0.375,1.0,3266607,1429218.1545918118,,1837388.8454081882
1-682262974,21,¥¥¥¢¢¥¤,¤,0.1428571428571429,0.1428571428571429,0.33333333333333326,3266606,406948.5445227216,,2859657.455477278
1-682262974,22,¥¥¢¢¥¤,¤,0.16666666666666663,0.16666666666666663,0.33333333333333326,3266560,576085.1078722441,,2690474.892127756
1-682262974,23,¥¢¢¥¤,¤,0.19999999999999996,0.19999999999999996,0.33333333333333326,3266325,287373.2522143757,,2978951.747785624
1-682262974,24,¢¢¥¤,¤,0.25,0.25,0.33333333333333326,3266132,372795.0162794545,,2893336.9837205457
1-682262974,25,¢¥¤,¥¤,0.6666666666666667,0.6666666666666667,0.6666666666666666,3265948,768788.7295966549,,2497159.270403345
1-682262974,26,¥¤,¢¥¤,0.6666666666666667,0.6666666666666667,0.6666666666666666,1810330,1459828.9234281927,,350501.07657180727
1-682262974,27,¤,¤,1.0,1.0,1.0,1646156,428337.64233615843,,1217818.3576638415
