CaseID,Prefix length,RT ground truth,Predicted RT,Std Deviation,MAE,MAE Days
1-660268091,2,2339362.0,17321056.344,20067049.11886628,14981694.344,173.3992
1-660374694,2,7927081.0,15078327.720685111,19992428.986098822,7151246.720685111,82.7691
1-660393401,2,590413.0,17027831.748618785,18393346.720598202,16437418.748618785,190.2479
1-660509893,2,3069417.0,17321056.344,20067049.11886628,14251639.344,164.9495
1-660636558,2,2846121.0,15078327.720685111,19992428.986098822,12232206.720685111,141.5765
1-660648920,2,6670278.0,17027831.748618785,18393346.720598202,10357553.748618785,119.8791
1-660786538,2,5444952.0,17027831.748618785,18393346.720598202,11582879.748618785,134.0611
1-660903884,2,11.0,15078327.720685111,19992428.986098822,15078316.720685111,174.5176
1-661134924,2,1937935.0,17321056.344,20067049.11886628,15383121.344,178.0454
1-661184751,2,5382830.0,16443850.197183099,17380194.35521962,11061020.197183099,128.0211
1-662272981,2,777343.0,17027831.748618785,18393346.720598202,16250488.748618785,188.0844
1-663582660,2,87253.0,17321056.344,20067049.11886628,17233803.344,199.4653
1-663749238,2,1551305.0,17027831.748618785,18393346.720598202,15476526.748618785,179.1265
1-663891165,2,3292134.0,16443850.197183099,17380194.35521962,13151716.197183099,152.2189
1-664730121,2,621307.0,17027831.748618785,18393346.720598202,16406524.748618785,189.8903
1-670754761,2,3818724.0,17027831.748618785,18393346.720598202,13209107.748618785,152.8832
1-671933304,2,4588347.0,17027831.748618785,18393346.720598202,12439484.748618785,143.9755
1-672299434,2,3755601.0,15078327.720685111,19992428.986098822,11322726.720685111,131.0501
1-672740630,2,1814645.0,15078327.720685111,19992428.986098822,13263682.720685111,153.5148
1-672807011,2,51.0,15078327.720685111,19992428.986098822,15078276.720685111,174.5171
1-672860819,2,211937.0,15078327.720685111,19992428.986098822,14866390.720685111,172.0647
1-672862385,2,7882852.0,17321056.344,20067049.11886628,9438204.344,109.2385
1-672975080,2,72811.0,15078327.720685111,19992428.986098822,15005516.720685111,173.675
1-673197539,2,183882.0,17027831.748618785,18393346.720598202,16843949.748618785,194.9531
1-673224718,2,7789517.0,17321056.344,20067049.11886628,9531539.344,110.3187
1-673359575,2,3890117.0,17027831.748618785,18393346.720598202,13137714.748618785,152.0569
1-673429845,2,67897.0,17321056.344,20067049.11886628,17253159.344,199.6893
1-673487817,2,34021.0,17027831.748618785,18393346.720598202,16993810.748618785,196.6876
1-675046360,2,1391771.0,17027831.748618785,18393346.720598202,15636060.748618785,180.9729
1-675150191,2,6215546.0,16443850.197183099,17380194.35521962,10228304.197183099,118.3832
1-675150672,2,6064827.0,17321056.344,20067049.11886628,11256229.344,130.2804
1-675758382,2,1391659.0,17027831.748618785,18393346.720598202,15636172.748618785,180.9742
1-675826063,2,7343569.0,17321056.344,20067049.11886628,9977487.344,115.4802
1-678370811,2,84509.0,15078327.720685111,19992428.986098822,14993818.720685111,173.5396
1-678626550,2,199.0,15078327.720685111,19992428.986098822,15078128.720685111,174.5154
1-681864502,2,8811858.0,16443850.197183099,17380194.35521962,7631992.197183099,88.3332
1-681929091,2,5895145.0,17321056.344,20067049.11886628,11425911.344,132.2443
1-682059903,2,4029282.0,17321056.344,20067049.11886628,13291774.344,153.84
1-682262974,2,6895307.0,17321056.344,20067049.11886628,10425749.344,120.6684
1-682357851,2,23.0,15078327.720685111,19992428.986098822,15078304.720685111,174.5174
1-682409211,2,2699231.0,17027831.748618785,18393346.720598202,14328600.748618785,165.8403
1-682409241,2,4982405.0,17027831.748618785,18393346.720598202,12045426.748618785,139.4147
1-683298971,2,6654999.0,16443850.197183099,17380194.35521962,9788851.197183099,113.2969
1-683752875,2,94976.0,17321056.344,20067049.11886628,17226080.344,199.3759
1-685134878,2,5640537.0,15078327.720685111,19992428.986098822,9437790.720685111,109.2337
1-685300128,2,3617912.0,17027831.748618785,18393346.720598202,13409919.748618785,155.2074
1-686477306,2,91.0,15078327.720685111,19992428.986098822,15078236.720685111,174.5166
1-686531969,2,3133.0,15078327.720685111,19992428.986098822,15075194.720685111,174.4814
1-686557724,2,7339296.0,16443850.197183099,17380194.35521962,9104554.197183099,105.3768
1-686642441,2,5266602.0,15078327.720685111,19992428.986098822,9811725.720685111,113.5616
1-686642543,2,4214498.0,15078327.720685111,19992428.986098822,10863829.720685111,125.7388
1-686945977,2,6027013.0,17027831.748618785,18393346.720598202,11000818.748618785,127.3243
1-686966285,2,2343678.0,17027831.748618785,18393346.720598202,14684153.748618785,169.9555
1-687129760,2,100.0,15078327.720685111,19992428.986098822,15078227.720685111,174.5165
1-687649700,2,2889.0,16443850.197183099,17380194.35521962,16440961.197183099,190.2889
1-688280019,2,1312533.0,15078327.720685111,19992428.986098822,13765794.720685111,159.3263
1-688342754,2,3706471.0,16443850.197183099,17380194.35521962,12737379.197183099,147.4234
1-688380091,2,3128595.0,17027831.748618785,18393346.720598202,13899236.748618785,160.8708
1-688509388,2,510200.0,15078327.720685111,19992428.986098822,14568127.720685111,168.6126
1-688515611,2,6140586.0,16443850.197183099,17380194.35521962,10303264.197183099,119.2507
1-688564824,2,2770331.0,15078327.720685111,19992428.986098822,12307996.720685111,142.4537
1-688725917,2,3127967.0,17321056.344,20067049.11886628,14193089.344,164.2719
1-689160381,2,4223652.0,17027831.748618785,18393346.720598202,12804179.748618785,148.1965
1-689176751,2,1230322.0,423259.94437420985,3213656.568512136,807062.0556257901,9.341
1-689252781,2,2672498.0,17027831.748618785,18393346.720598202,14355333.748618785,166.1497
1-689469104,2,1908071.0,17321056.344,20067049.11886628,15412985.344,178.391
1-689525975,2,2649320.0,17027831.748618785,18393346.720598202,14378511.748618785,166.418
1-690184941,2,454155.0,17027831.748618785,18393346.720598202,16573676.748618785,191.825
1-690190570,2,4061211.0,17027831.748618785,18393346.720598202,12966620.748618785,150.0766
1-690327837,2,9.0,423259.94437420985,3213656.568512136,423250.94437420985,4.8987
1-690419865,2,1288236.0,17027831.748618785,18393346.720598202,15739595.748618785,182.1712
1-690447511,2,4338274.0,15078327.720685111,19992428.986098822,10740053.720685111,124.3062
1-690762471,2,9000.0,15078327.720685111,19992428.986098822,15069327.720685111,174.4135
1-690931471,2,267337.0,17321056.344,20067049.11886628,17053719.344,197.381
1-691093464,2,2732782.0,423259.94437420985,3213656.568512136,2309522.0556257903,26.7306
1-691221687,2,2608713.0,15078327.720685111,19992428.986098822,12469614.720685111,144.3242
1-691767241,2,5909762.0,16443850.197183099,17380194.35521962,10534088.197183099,121.9223
1-691786330,2,2427140.0,17321056.344,20067049.11886628,14893916.344,172.3833
1-692042197,2,7.0,15078327.720685111,19992428.986098822,15078320.720685111,174.5176
1-692055495,2,4122672.0,17321056.344,20067049.11886628,13198384.344,152.7591
1-692193396,2,5796543.0,17321056.344,20067049.11886628,11524513.344,133.3856
1-692813576,2,4744288.0,17027831.748618785,18393346.720598202,12283543.748618785,142.1706
1-692959195,2,1988283.0,17027831.748618785,18393346.720598202,15039548.748618785,174.0689
1-693456968,2,5632828.0,17321056.344,20067049.11886628,11688228.344,135.2804
1-693595201,2,7349245.0,17321056.344,20067049.11886628,9971811.344,115.4145
1-693789171,2,164.0,15078327.720685111,19992428.986098822,15078163.720685111,174.5158
1-693812929,2,1116617.0,15078327.720685111,19992428.986098822,13961710.720685111,161.5939
1-693895885,2,3587048.0,16443850.197183099,17380194.35521962,12856802.197183099,148.8056
1-694222066,2,5556474.0,17321056.344,20067049.11886628,11764582.344,136.1641
1-694338411,2,4135095.0,15078327.720685111,19992428.986098822,10943232.720685111,126.6578
1-694346343,2,103.0,15078327.720685111,19992428.986098822,15078224.720685111,174.5165
1-694354058,2,1120828.0,17321056.344,20067049.11886628,16200228.344,187.5026
1-694597155,2,4723762.0,15078327.720685111,19992428.986098822,10354565.720685111,119.8445
1-694794065,2,1224074.0,16443850.197183099,17380194.35521962,15219776.197183099,176.1548
1-694828073,2,5462193.0,17321056.344,20067049.11886628,11858863.344,137.2554
1-694899814,2,199.0,15078327.720685111,19992428.986098822,15078128.720685111,174.5154
1-695258011,2,6223094.0,17027831.748618785,18393346.720598202,10804737.748618785,125.0548
1-695316021,2,2255971.0,17027831.748618785,18393346.720598202,14771860.748618785,170.9706
1-695425289,2,418882.0,17027831.748618785,18393346.720598202,16608949.748618785,192.2332
1-695486321,2,5171871.0,17321056.344,20067049.11886628,12149185.344,140.6156
1-695748265,2,172701.0,17027831.748618785,18393346.720598202,16855130.748618785,195.0825
1-696097603,2,3862208.0,17321056.344,20067049.11886628,13458848.344,155.7737
1-696714411,2,3868657.0,17321056.344,20067049.11886628,13452399.344,155.6991
1-696835891,2,5444.0,15078327.720685111,19992428.986098822,15072883.720685111,174.4547
1-696839978,2,2376660.0,17027831.748618785,18393346.720598202,14651171.748618785,169.5737
1-697260307,2,2576980.0,15078327.720685111,19992428.986098822,12501347.720685111,144.6915
1-697458590,2,4662526.0,17321056.344,20067049.11886628,12658530.344,146.5108
1-697459701,2,2775.0,15078327.720685111,19992428.986098822,15075552.720685111,174.4856
1-697811404,2,1134242.0,17321056.344,20067049.11886628,16186814.344,187.3474
1-697987547,2,4934904.0,15078327.720685111,19992428.986098822,10143423.720685111,117.4007
1-698044001,2,2244956.0,17321056.344,20067049.11886628,15076100.344,174.4919
1-698216063,2,458995.0,17321056.344,20067049.11886628,16862061.344,195.1627
1-698267095,2,103.0,17027831.748618785,18393346.720598202,17027728.748618785,197.0802
1-698346154,2,10987.0,17027831.748618785,18393346.720598202,17016844.748618785,196.9542
1-698751834,2,3439356.0,17027831.748618785,18393346.720598202,13588475.748618785,157.274
1-698754281,2,5144587.0,17321056.344,20067049.11886628,12176469.344,140.9314
1-698842669,2,2689894.0,17321056.344,20067049.11886628,14631162.344,169.3422
1-698998499,2,1908790.0,17321056.344,20067049.11886628,15412266.344,178.3827
1-699103215,2,1492233.0,17321056.344,20067049.11886628,15828823.344,183.204
1-699140595,2,259414.0,17027831.748618785,18393346.720598202,16768417.748618785,194.0789
1-699397256,2,2637.0,15078327.720685111,19992428.986098822,15075690.720685111,174.4872
1-699661601,2,1116170.0,17027831.748618785,18393346.720598202,15911661.748618785,184.1628
1-699690829,2,1913459.0,17321056.344,20067049.11886628,15407597.344,178.3287
1-700498223,2,3027212.0,17321056.344,20067049.11886628,14293844.344,165.438
1-700746442,2,43648.0,17321056.344,20067049.11886628,17277408.344,199.97
1-701429911,2,1575850.0,16443850.197183099,17380194.35521962,14868000.197183099,172.0833
1-702103380,2,8.0,15078327.720685111,19992428.986098822,15078319.720685111,174.5176
1-702482271,2,2382.0,15078327.720685111,19992428.986098822,15075945.720685111,174.4901
1-702501532,2,1995245.0,17321056.344,20067049.11886628,15325811.344,177.3821
1-702514881,2,88.0,15078327.720685111,19992428.986098822,15078239.720685111,174.5167
1-702673026,2,1995422.0,17321056.344,20067049.11886628,15325634.344,177.38
1-703016242,2,1821739.0,17027831.748618785,18393346.720598202,15206092.748618785,175.9964
1-703190797,2,1382956.0,15078327.720685111,19992428.986098822,13695371.720685111,158.5112
1-703242211,2,80.0,15078327.720685111,19992428.986098822,15078247.720685111,174.5168
1-703383433,2,69.0,15078327.720685111,19992428.986098822,15078258.720685111,174.5169
1-703399394,2,82603.0,17321056.344,20067049.11886628,17238453.344,199.5191
1-703445951,2,1545655.0,17027831.748618785,18393346.720598202,15482176.748618785,179.1919
1-703540157,2,5088128.0,17321056.344,20067049.11886628,12232928.344,141.5848
1-703856779,2,784772.0,15078327.720685111,19992428.986098822,14293555.720685111,165.4347
1-703964563,2,4577005.0,17321056.344,20067049.11886628,12744051.344,147.5006
1-704229602,2,47.0,15078327.720685111,19992428.986098822,15078280.720685111,174.5171
1-704650867,2,3132809.0,17321056.344,20067049.11886628,14188247.344,164.2158
1-704661542,2,1134647.0,17027831.748618785,18393346.720598202,15893184.748618785,183.9489
1-704703712,2,513522.0,17321056.344,20067049.11886628,16807534.344,194.5316
1-704977245,2,2477403.0,17321056.344,20067049.11886628,14843653.344,171.8015
1-706226212,2,1161320.0,17027831.748618785,18393346.720598202,15866511.748618785,183.6402
1-706959641,2,55.0,15078327.720685111,19992428.986098822,15078272.720685111,174.517
1-706963013,2,14820.0,15078327.720685111,19992428.986098822,15063507.720685111,174.3462
1-707025161,2,75.0,15078327.720685111,19992428.986098822,15078252.720685111,174.5168
1-707300171,2,4291992.0,15078327.720685111,19992428.986098822,10786335.720685111,124.8418
1-707623601,2,4556.0,17027831.748618785,18393346.720598202,17023275.748618785,197.0287
1-707660543,2,3216017.0,17321056.344,20067049.11886628,14105039.344,163.2528
1-708121948,2,2299858.0,17321056.344,20067049.11886628,15021198.344,173.8565
1-708131711,2,3075857.0,17321056.344,20067049.11886628,14245199.344,164.875
1-708613661,2,3037443.0,16443850.197183099,17380194.35521962,13406407.197183099,155.1667
1-709552565,2,1199758.0,17321056.344,20067049.11886628,16121298.344,186.5891
1-709663551,2,3218.0,15078327.720685111,19992428.986098822,15075109.720685111,174.4804
1-709802751,2,49.0,15078327.720685111,19992428.986098822,15078278.720685111,174.5171
1-709802861,2,2403798.0,17321056.344,20067049.11886628,14917258.344,172.6535
1-710114300,2,3278535.0,17321056.344,20067049.11886628,14042521.344,162.5292
1-712856449,2,616796.0,17321056.344,20067049.11886628,16704260.344,193.3363
1-713106267,2,812.0,15078327.720685111,19992428.986098822,15077515.720685111,174.5083
1-715638561,2,3437.0,17321056.344,20067049.11886628,17317619.344,200.4354
1-715660478,2,1124384.0,423259.94437420985,3213656.568512136,701124.0556257901,8.1149
1-715860062,2,749308.0,17321056.344,20067049.11886628,16571748.344,191.8026
1-716154984,2,1124837.0,15078327.720685111,19992428.986098822,13953490.720685111,161.4987
1-716571976,2,312790.0,423259.94437420985,3213656.568512136,110469.94437420985,1.2786
1-717122893,2,3538930.0,17321056.344,20067049.11886628,13782126.344,159.5154
1-717222893,2,88418.0,17321056.344,20067049.11886628,17232638.344,199.4518
1-717275094,2,86268.0,17321056.344,20067049.11886628,17234788.344,199.4767
1-717713590,2,10.0,15078327.720685111,19992428.986098822,15078317.720685111,174.5176
1-718031374,2,14.0,15078327.720685111,19992428.986098822,15078313.720685111,174.5175
1-718973785,2,2791080.0,17321056.344,20067049.11886628,14529976.344,168.171
1-719199254,2,2323701.0,15078327.720685111,19992428.986098822,12754626.720685111,147.623
1-720000146,2,715554.0,17321056.344,20067049.11886628,16605502.344,192.1933
1-720069371,2,2318300.0,17027831.748618785,18393346.720598202,14709531.748618785,170.2492
1-722674364,2,1685961.0,17321056.344,20067049.11886628,15635095.344,180.9618
1-722688743,2,3015227.0,17321056.344,20067049.11886628,14305829.344,165.5767
1-726517211,2,1737256.0,15078327.720685111,19992428.986098822,13341071.720685111,154.4106
1-726760342,2,3017059.0,17027831.748618785,18393346.720598202,14010772.748618785,162.1617
1-728461114,2,970363.0,17027831.748618785,18393346.720598202,16057468.748618785,185.8503
1-728470722,2,3440367.0,16443850.197183099,17380194.35521962,13003483.197183099,150.5033
1-730084841,2,39.0,15078327.720685111,19992428.986098822,15078288.720685111,174.5172
1-730084875,2,749783.0,17321056.344,20067049.11886628,16571273.344,191.7971
1-730923421,2,1392387.0,17027831.748618785,18393346.720598202,15635444.748618785,180.9658
1-731908702,2,435985.0,15078327.720685111,19992428.986098822,14642342.720685111,169.4716
1-732289301,2,2323366.0,17321056.344,20067049.11886628,14997690.344,173.5844
1-732357301,2,1625230.0,17027831.748618785,18393346.720598202,15402601.748618785,178.2709
1-733562890,2,2260078.0,15078327.720685111,19992428.986098822,12818249.720685111,148.3594
1-733649220,2,25129.0,17321056.344,20067049.11886628,17295927.344,200.1843
1-735185827,2,502141.0,16443850.197183099,17380194.35521962,15941709.197183099,184.5105
1-735881798,2,2083098.0,16443850.197183099,17380194.35521962,14360752.197183099,166.2124
1-736351127,2,641331.0,17321056.344,20067049.11886628,16679725.344,193.0524
1-736351222,2,639893.0,17321056.344,20067049.11886628,16681163.344,193.069
1-736492457,2,92115.0,15078327.720685111,19992428.986098822,14986212.720685111,173.4515
1-737341073,2,72800.0,15078327.720685111,19992428.986098822,15005527.720685111,173.6751
1-738626601,2,1989883.0,15078327.720685111,19992428.986098822,13088444.720685111,151.4866
1-738820974,2,1970202.0,16443850.197183099,17380194.35521962,14473648.197183099,167.5191
1-739695919,2,2227345.0,17321056.344,20067049.11886628,15093711.344,174.6957
1-741495923,2,370245.0,16443850.197183099,17380194.35521962,16073605.197183099,186.0371
1-741987554,2,752866.0,17027831.748618785,18393346.720598202,16274965.748618785,188.3677
1-741995108,2,12688.0,15078327.720685111,19992428.986098822,15065639.720685111,174.3708
1-742216614,2,238.0,15078327.720685111,19992428.986098822,15078089.720685111,174.5149
1-742383139,2,761767.0,16443850.197183099,17380194.35521962,15682083.197183099,181.5056
1-742929685,2,1117362.0,16443850.197183099,17380194.35521962,15326488.197183099,177.3899
1-744436513,2,198643.0,17321056.344,20067049.11886628,17122413.344,198.1761
1-745941359,2,1299747.0,17321056.344,20067049.11886628,16021309.344,185.4318
1-746205481,2,514829.0,17321056.344,20067049.11886628,16806227.344,194.5165
1-747680998,2,167235.0,17321056.344,20067049.11886628,17153821.344,198.5396
1-749012057,2,447294.0,17321056.344,20067049.11886628,16873762.344,195.2982
1-750161066,2,434094.0,16443850.197183099,17380194.35521962,16009756.197183099,185.2981
1-751006831,2,23572.0,423259.94437420985,3213656.568512136,399687.94437420985,4.626
1-751622091,2,175.0,15078327.720685111,19992428.986098822,15078152.720685111,174.5157
1-752067921,2,12483.0,15078327.720685111,19992428.986098822,15065844.720685111,174.3732
1-660268091,3,1477767.0,15078327.720685111,19992428.986098822,13600560.720685111,157.4139
1-660374694,3,6220556.0,15078327.720685111,19992428.986098822,8857771.720685111,102.5205
1-660509893,3,2950536.0,15078327.720685111,19992428.986098822,12127791.720685111,140.368
1-660636558,3,2846067.0,17321056.344,20067049.11886628,14474989.344,167.5346
1-660648920,3,6667813.0,17321056.344,20067049.11886628,10653243.344,123.3014
1-661134924,3,1936339.0,15078327.720685111,19992428.986098822,13141988.720685111,152.1064
1-661184751,3,5036216.0,17027831.748618785,18393346.720598202,11991615.748618785,138.7918
1-663582660,3,78987.0,15078327.720685111,19992428.986098822,14999340.720685111,173.6035
1-663891165,3,3278203.0,15078327.720685111,19992428.986098822,11800124.720685111,136.5755
1-670754761,3,2496895.0,17321056.344,20067049.11886628,14824161.344,171.5759
1-672862385,3,6652571.0,15078327.720685111,19992428.986098822,8425756.720685111,97.5203
1-673224718,3,7777072.0,15078327.720685111,19992428.986098822,7301255.720685111,84.5053
1-673359575,3,3721232.0,17027831.748618785,18393346.720598202,13306599.748618785,154.0116
1-673429845,3,65724.0,17321056.344,20067049.11886628,17255332.344,199.7145
1-675150191,3,6128486.0,15078327.720685111,19992428.986098822,8949841.720685111,103.5861
1-675150672,3,5624493.0,15078327.720685111,19992428.986098822,9453834.720685111,109.4194
1-675826063,3,7276665.0,15078327.720685111,19992428.986098822,7801662.720685111,90.297
1-681864502,3,2324457.0,15078327.720685111,19992428.986098822,12753870.720685111,147.6142
1-681929091,3,3049558.0,15078327.720685111,19992428.986098822,12028769.720685111,139.2219
1-682059903,3,3619296.0,15078327.720685111,19992428.986098822,11459031.720685111,132.6277
1-682262974,3,6573079.0,15078327.720685111,19992428.986098822,8505248.720685111,98.4404
1-683298971,3,60.0,17027831.748618785,18393346.720598202,17027771.748618785,197.0807
1-683752875,3,15762.0,15078327.720685111,19992428.986098822,15062565.720685111,174.3353
1-685134878,3,5640511.0,17321056.344,20067049.11886628,11680545.344,135.1915
1-686531969,3,3010.0,17321056.344,20067049.11886628,17318046.344,200.4404
1-686557724,3,2.0,15078327.720685111,19992428.986098822,15078325.720685111,174.5177
1-686642441,3,5265278.0,15078327.720685111,19992428.986098822,9813049.720685111,113.577
1-686642543,3,4214487.0,15078327.720685111,19992428.986098822,10863840.720685111,125.7389
1-686945977,3,4226069.0,17027831.748618785,18393346.720598202,12801762.748618785,148.1686
1-688280019,3,1312411.0,17321056.344,20067049.11886628,16008645.344,185.2852
1-688342754,3,3699168.0,17027831.748618785,18393346.720598202,13328663.748618785,154.2669
1-688380091,3,3066531.0,17321056.344,20067049.11886628,14254525.344,164.9829
1-688515611,3,14.0,16443850.197183099,17380194.35521962,16443836.197183099,190.3222
1-688564824,3,2674945.0,17321056.344,20067049.11886628,14646111.344,169.5152
1-688725917,3,2540292.0,15078327.720685111,19992428.986098822,12538035.720685111,145.1162
1-689176751,3,80.0,15078327.720685111,19992428.986098822,15078247.720685111,174.5168
1-689469104,3,1851388.0,15078327.720685111,19992428.986098822,13226939.720685111,153.0896
1-690327837,3,6.0,15078327.720685111,19992428.986098822,15078321.720685111,174.5176
1-690447511,3,3815581.0,17027831.748618785,18393346.720598202,13212250.748618785,152.9196
1-690762471,3,8880.0,17321056.344,20067049.11886628,17312176.344,200.3724
1-690931471,3,261344.0,15078327.720685111,19992428.986098822,14816983.720685111,171.4929
1-691093464,3,2053969.0,15078327.720685111,19992428.986098822,13024358.720685111,150.7449
1-691221687,3,1203611.0,15078327.720685111,19992428.986098822,13874716.720685111,160.587
1-691786330,3,92500.0,15078327.720685111,19992428.986098822,14985827.720685111,173.4471
1-692055495,3,147377.0,15078327.720685111,19992428.986098822,14930950.720685111,172.8119
1-692193396,3,5638594.0,15078327.720685111,19992428.986098822,9439733.720685111,109.2562
1-693456968,3,2040126.0,17321056.344,20067049.11886628,15280930.344,176.8626
1-693595201,3,6814904.0,15078327.720685111,19992428.986098822,8263423.720685111,95.6415
1-693789171,3,77.0,423259.94437420985,3213656.568512136,423182.94437420985,4.898
1-693895885,3,2.0,15078327.720685111,19992428.986098822,15078325.720685111,174.5177
1-694222066,3,1141187.0,15078327.720685111,19992428.986098822,13937140.720685111,161.3095
1-694354058,3,950709.0,17321056.344,20067049.11886628,16370347.344,189.4716
1-694597155,3,3086016.0,17027831.748618785,18393346.720598202,13941815.748618785,161.3636
1-694794065,3,1216185.0,15078327.720685111,19992428.986098822,13862142.720685111,160.4415
1-694828073,3,4777231.0,15078327.720685111,19992428.986098822,10301096.720685111,119.2257
1-695258011,3,6220413.0,17027831.748618785,18393346.720598202,10807418.748618785,125.0859
1-695425289,3,165996.0,16443850.197183099,17380194.35521962,16277854.197183099,188.4011
1-695486321,3,5171724.0,15078327.720685111,19992428.986098822,9906603.720685111,114.6598
1-696097603,3,2676245.0,15078327.720685111,19992428.986098822,12402082.720685111,143.5426
1-696714411,3,3621371.0,15078327.720685111,19992428.986098822,11456956.720685111,132.6037
1-696835891,3,5293.0,17321056.344,20067049.11886628,17315763.344,200.4139
1-697458590,3,4661532.0,15078327.720685111,19992428.986098822,10416795.720685111,120.5648
1-697459701,3,1641.0,17321056.344,20067049.11886628,17319415.344,200.4562
1-697811404,3,92.0,15078327.720685111,19992428.986098822,15078235.720685111,174.5166
1-697987547,3,4934875.0,17321056.344,20067049.11886628,12386181.344,143.3586
1-698044001,3,2243399.0,15078327.720685111,19992428.986098822,12834928.720685111,148.5524
1-698216063,3,109057.0,15078327.720685111,19992428.986098822,14969270.720685111,173.2554
1-698751834,3,65331.0,15078327.720685111,19992428.986098822,15012996.720685111,173.7615
1-698754281,3,5139587.0,15078327.720685111,19992428.986098822,9938740.720685111,115.0317
1-698842669,3,2689893.0,15078327.720685111,19992428.986098822,12388434.720685111,143.3847
1-698998499,3,1907920.0,15078327.720685111,19992428.986098822,13170407.720685111,152.4353
1-699103215,3,1490978.0,15078327.720685111,19992428.986098822,13587349.720685111,157.261
1-699661601,3,341387.0,17321056.344,20067049.11886628,16979669.344,196.524
1-699690829,3,273.0,15078327.720685111,19992428.986098822,15078054.720685111,174.5145
1-700498223,3,2261104.0,15078327.720685111,19992428.986098822,12817223.720685111,148.3475
1-700746442,3,72.0,15078327.720685111,19992428.986098822,15078255.720685111,174.5168
1-701429911,3,1282289.0,15078327.720685111,19992428.986098822,13796038.720685111,159.6764
1-702482271,3,2318.0,15078327.720685111,19992428.986098822,15076009.720685111,174.4909
1-702501532,3,1983240.0,15078327.720685111,19992428.986098822,13095087.720685111,151.5635
1-702673026,3,1983743.0,15078327.720685111,19992428.986098822,13094584.720685111,151.5577
1-703190797,3,1381825.0,17321056.344,20067049.11886628,15939231.344,184.4818
1-703399394,3,5.0,15078327.720685111,19992428.986098822,15078322.720685111,174.5176
1-703540157,3,5087585.0,17321056.344,20067049.11886628,12233471.344,141.5911
1-703856779,3,784434.0,17027831.748618785,18393346.720598202,16243397.748618785,188.0023
1-703964563,3,501.0,15078327.720685111,19992428.986098822,15077826.720685111,174.5119
1-704650867,3,3129297.0,15078327.720685111,19992428.986098822,11949030.720685111,138.299
1-704661542,3,1127288.0,17321056.344,20067049.11886628,16193768.344,187.4279
1-704703712,3,63887.0,15078327.720685111,19992428.986098822,15014440.720685111,173.7782
1-704977245,3,2476446.0,17321056.344,20067049.11886628,14844610.344,171.8126
1-707300171,3,4225851.0,17321056.344,20067049.11886628,13095205.344,151.5649
1-707660543,3,3214454.0,15078327.720685111,19992428.986098822,11863873.720685111,137.3134
1-708121948,3,6023.0,15078327.720685111,19992428.986098822,15072304.720685111,174.448
1-708131711,3,2339756.0,16443850.197183099,17380194.35521962,14104094.197183099,163.2418
1-708613661,3,3037381.0,16443850.197183099,17380194.35521962,13406469.197183099,155.1675
1-709552565,3,1199499.0,15078327.720685111,19992428.986098822,13878828.720685111,160.6346
1-709663551,3,3183.0,15078327.720685111,19992428.986098822,15075144.720685111,174.4808
1-709802861,3,1774.0,15078327.720685111,19992428.986098822,15076553.720685111,174.4971
1-710114300,3,3277021.0,15078327.720685111,19992428.986098822,11801306.720685111,136.5892
1-712856449,3,615406.0,15078327.720685111,19992428.986098822,14462921.720685111,167.3949
1-715638561,3,1953.0,15078327.720685111,19992428.986098822,15076374.720685111,174.4951
1-715660478,3,878735.0,15078327.720685111,19992428.986098822,14199592.720685111,164.3471
1-715860062,3,689183.0,15078327.720685111,19992428.986098822,14389144.720685111,166.541
1-716571976,3,136393.0,15078327.720685111,19992428.986098822,14941934.720685111,172.9391
1-717122893,3,3538761.0,15078327.720685111,19992428.986098822,11539566.720685111,133.5598
1-717222893,3,172.0,15078327.720685111,19992428.986098822,15078155.720685111,174.5157
1-717275094,3,244.0,15078327.720685111,19992428.986098822,15078083.720685111,174.5149
1-718973785,3,2788111.0,15078327.720685111,19992428.986098822,12290216.720685111,142.2479
1-719199254,3,2323667.0,423259.94437420985,3213656.568512136,1900407.0556257903,21.9955
1-720000146,3,300.0,15078327.720685111,19992428.986098822,15078027.720685111,174.5142
1-720069371,3,2312061.0,15078327.720685111,19992428.986098822,12766266.720685111,147.7577
1-722674364,3,1681084.0,15078327.720685111,19992428.986098822,13397243.720685111,155.0607
1-722688743,3,26.0,15078327.720685111,19992428.986098822,15078301.720685111,174.5174
1-726517211,3,1737236.0,17321056.344,20067049.11886628,15583820.344,180.3683
1-728470722,3,3438718.0,17321056.344,20067049.11886628,13882338.344,160.6752
1-730084875,3,716871.0,15078327.720685111,19992428.986098822,14361456.720685111,166.2206
1-732289301,3,2323120.0,15078327.720685111,19992428.986098822,12755207.720685111,147.6297
1-732357301,3,4909.0,15078327.720685111,19992428.986098822,15073418.720685111,174.4609
1-733562890,3,1985521.0,17321056.344,20067049.11886628,15335535.344,177.4946
1-733649220,3,18616.0,15078327.720685111,19992428.986098822,15059711.720685111,174.3022
1-735185827,3,120.0,15078327.720685111,19992428.986098822,15078207.720685111,174.5163
1-735881798,3,127.0,15078327.720685111,19992428.986098822,15078200.720685111,174.5162
1-736351127,3,638789.0,15078327.720685111,19992428.986098822,14439538.720685111,167.1243
1-736351222,3,638987.0,15078327.720685111,19992428.986098822,14439340.720685111,167.122
1-737341073,3,52074.0,17321056.344,20067049.11886628,17268982.344,199.8725
1-738626601,3,1989481.0,15078327.720685111,19992428.986098822,13088846.720685111,151.4913
1-739695919,3,2166120.0,17321056.344,20067049.11886628,15154936.344,175.4044
1-741495923,3,333273.0,15078327.720685111,19992428.986098822,14745054.720685111,170.6604
1-741987554,3,684292.0,17027831.748618785,18393346.720598202,16343539.748618785,189.1613
1-741995108,3,11412.0,15078327.720685111,19992428.986098822,15066915.720685111,174.3856
1-742383139,3,1.0,15078327.720685111,19992428.986098822,15078326.720685111,174.5177
1-744436513,3,487.0,15078327.720685111,19992428.986098822,15077840.720685111,174.512
1-745941359,3,1296501.0,15078327.720685111,19992428.986098822,13781826.720685111,159.5119
1-746205481,3,514784.0,15078327.720685111,19992428.986098822,14563543.720685111,168.5595
1-747680998,3,167136.0,15078327.720685111,19992428.986098822,14911191.720685111,172.5832
1-749012057,3,160.0,15078327.720685111,19992428.986098822,15078167.720685111,174.5158
1-750161066,3,86.0,15078327.720685111,19992428.986098822,15078241.720685111,174.5167
1-751006831,3,254.0,15078327.720685111,19992428.986098822,15078073.720685111,174.5147
1-752067921,3,1631.0,17321056.344,20067049.11886628,17319425.344,200.4563
1-660268091,4,1477736.0,16443850.197183099,17380194.35521962,14966114.197183099,173.2189
1-660636558,4,2844354.0,15078327.720685111,19992428.986098822,12233973.720685111,141.5969
1-660648920,4,6650763.0,15078327.720685111,19992428.986098822,8427564.720685111,97.5413
1-661134924,4,1922456.0,15078327.720685111,19992428.986098822,13155871.720685111,152.267
1-661184751,4,3117240.0,15078327.720685111,19992428.986098822,11961087.720685111,138.4385
1-663582660,4,70086.0,17321056.344,20067049.11886628,17250970.344,199.664
1-663891165,4,2679620.0,17027831.748618785,18393346.720598202,14348211.748618785,166.0673
1-670754761,4,2427271.0,16443850.197183099,17380194.35521962,14016579.197183099,162.2289
1-672862385,4,6652461.0,17321056.344,20067049.11886628,10668595.344,123.4791
1-673224718,4,2167080.0,17027831.748618785,18393346.720598202,14860751.748618785,171.9994
1-673359575,4,49.0,15078327.720685111,19992428.986098822,15078278.720685111,174.5171
1-673429845,4,311.0,15078327.720685111,19992428.986098822,15078016.720685111,174.5141
1-675150191,4,2585582.0,17027831.748618785,18393346.720598202,14442249.748618785,167.1557
1-675150672,4,188.0,16443850.197183099,17380194.35521962,16443662.197183099,190.3202
1-675826063,4,7276628.0,16443850.197183099,17380194.35521962,9167222.197183099,106.1021
1-681929091,4,4189.0,16443850.197183099,17380194.35521962,16439661.197183099,190.2739
1-682262974,4,6572518.0,17321056.344,20067049.11886628,10748538.344,124.4044
1-683752875,4,15738.0,17027831.748618785,18393346.720598202,17012093.748618785,196.8992
1-685134878,4,5638063.0,17321056.344,20067049.11886628,11682993.344,135.2198
1-686531969,4,551.0,15078327.720685111,19992428.986098822,15077776.720685111,174.5113
1-686642441,4,4080295.0,16443850.197183099,17380194.35521962,12363555.197183099,143.0967
1-686642543,4,4214479.0,17321056.344,20067049.11886628,13106577.344,151.6965
1-688280019,4,791868.0,15078327.720685111,19992428.986098822,14286459.720685111,165.3525
1-688380091,4,2452426.0,15078327.720685111,19992428.986098822,12625901.720685111,146.1331
1-688515611,4,11.0,15078327.720685111,19992428.986098822,15078316.720685111,174.5176
1-688564824,4,2613190.0,15078327.720685111,19992428.986098822,12465137.720685111,144.2724
1-688725917,4,2540161.0,15078327.720685111,19992428.986098822,12538166.720685111,145.1177
1-689469104,4,1847477.0,17321056.344,20067049.11886628,15473579.344,179.0924
1-690762471,4,262.0,15078327.720685111,19992428.986098822,15078065.720685111,174.5146
1-691093464,4,2053421.0,17321056.344,20067049.11886628,15267635.344,176.7087
1-691221687,4,1203204.0,17321056.344,20067049.11886628,16117852.344,186.5492
1-691786330,4,92441.0,16443850.197183099,17380194.35521962,16351409.197183099,189.2524
1-692193396,4,5638581.0,16443850.197183099,17380194.35521962,10805269.197183099,125.061
1-693456968,4,266.0,15078327.720685111,19992428.986098822,15078061.720685111,174.5146
1-693595201,4,6814506.0,17321056.344,20067049.11886628,10506550.344,121.6036
1-693789171,4,48.0,15078327.720685111,19992428.986098822,15078279.720685111,174.5171
1-694222066,4,1141148.0,17321056.344,20067049.11886628,16179908.344,187.2675
1-694354058,4,3604.0,15078327.720685111,19992428.986098822,15074723.720685111,174.476
1-694597155,4,9.0,15078327.720685111,19992428.986098822,15078318.720685111,174.5176
1-694828073,4,4777192.0,16443850.197183099,17380194.35521962,11666658.197183099,135.0308
1-695258011,4,4075257.0,15078327.720685111,19992428.986098822,11003070.720685111,127.3504
1-695425289,4,165946.0,15078327.720685111,19992428.986098822,14912381.720685111,172.597
1-695486321,4,5170136.0,17321056.344,20067049.11886628,12150920.344,140.6357
1-696097603,4,2676233.0,16443850.197183099,17380194.35521962,13767617.197183099,159.3474
1-696835891,4,1294.0,15078327.720685111,19992428.986098822,15077033.720685111,174.5027
1-697458590,4,4660602.0,16443850.197183099,17380194.35521962,11783248.197183099,136.3802
1-697459701,4,1640.0,15078327.720685111,19992428.986098822,15076687.720685111,174.4987
1-697987547,4,4934854.0,15078327.720685111,19992428.986098822,10143473.720685111,117.4013
1-698044001,4,2242882.0,16443850.197183099,17380194.35521962,14200968.197183099,164.3631
1-698216063,4,26567.0,17027831.748618785,18393346.720598202,17001264.748618785,196.7739
1-698842669,4,2689823.0,15078327.720685111,19992428.986098822,12388504.720685111,143.3855
1-698998499,4,1907232.0,17321056.344,20067049.11886628,15413824.344,178.4007
1-699103215,4,1490870.0,17321056.344,20067049.11886628,15830186.344,183.2197
1-699661601,4,325456.0,15078327.720685111,19992428.986098822,14752871.720685111,170.7508
1-700498223,4,2260420.0,16443850.197183099,17380194.35521962,14183430.197183099,164.1601
1-701429911,4,1113986.0,17027831.748618785,18393346.720598202,15913845.748618785,184.188
1-702482271,4,1290.0,17321056.344,20067049.11886628,17319766.344,200.4603
1-703190797,4,1320259.0,15078327.720685111,19992428.986098822,13758068.720685111,159.2369
1-703540157,4,4858009.0,15078327.720685111,19992428.986098822,10220318.720685111,118.2907
1-704650867,4,3129225.0,17321056.344,20067049.11886628,14191831.344,164.2573
1-704661542,4,1111516.0,15078327.720685111,19992428.986098822,13966811.720685111,161.6529
1-704703712,4,63869.0,15078327.720685111,19992428.986098822,15014458.720685111,173.7785
1-704977245,4,141339.0,15078327.720685111,19992428.986098822,14936988.720685111,172.8818
1-707300171,4,4127329.0,17321056.344,20067049.11886628,13193727.344,152.7052
1-707660543,4,3214420.0,16443850.197183099,17380194.35521962,13229430.197183099,153.1184
1-708131711,4,2339495.0,17321056.344,20067049.11886628,14981561.344,173.3977
1-708613661,4,1.0,15078327.720685111,19992428.986098822,15078326.720685111,174.5177
1-709552565,4,1199478.0,16443850.197183099,17380194.35521962,15244372.197183099,176.4395
1-709663551,4,554.0,15078327.720685111,19992428.986098822,15077773.720685111,174.5113
1-709802861,4,1484.0,15078327.720685111,19992428.986098822,15076843.720685111,174.5005
1-710114300,4,3276971.0,16443850.197183099,17380194.35521962,13166879.197183099,152.3944
1-716571976,4,135761.0,17321056.344,20067049.11886628,17185295.344,198.9039
1-717122893,4,3014321.0,17027831.748618785,18393346.720598202,14013510.748618785,162.1934
1-718973785,4,1321948.0,17027831.748618785,18393346.720598202,15705883.748618785,181.7811
1-719199254,4,72208.0,15078327.720685111,19992428.986098822,15006119.720685111,173.6819
1-720069371,4,2305903.0,17027831.748618785,18393346.720598202,14721928.748618785,170.3927
1-722674364,4,1679665.0,17321056.344,20067049.11886628,15641391.344,181.0346
1-726517211,4,1737221.0,15078327.720685111,19992428.986098822,13341106.720685111,154.411
1-728470722,4,3437018.0,17321056.344,20067049.11886628,13884038.344,160.6949
1-732289301,4,2322960.0,15078327.720685111,19992428.986098822,12755367.720685111,147.6316
1-733562890,4,1982785.0,15078327.720685111,19992428.986098822,13095542.720685111,151.5688
1-735881798,4,26.0,15078327.720685111,19992428.986098822,15078301.720685111,174.5174
1-736351127,4,638692.0,17321056.344,20067049.11886628,16682364.344,193.0829
1-736351222,4,638830.0,17321056.344,20067049.11886628,16682226.344,193.0813
1-737341073,4,131.0,15078327.720685111,19992428.986098822,15078196.720685111,174.5162
1-739695919,4,1964988.0,15078327.720685111,19992428.986098822,13113339.720685111,151.7748
1-741987554,4,684072.0,15078327.720685111,19992428.986098822,14394255.720685111,166.6002
1-741995108,4,11177.0,17027831.748618785,18393346.720598202,17016654.748618785,196.952
1-745941359,4,535.0,16443850.197183099,17380194.35521962,16443315.197183099,190.3161
1-746205481,4,514764.0,16443850.197183099,17380194.35521962,15929086.197183099,184.3644
1-751006831,4,61.0,423259.94437420985,3213656.568512136,423198.94437420985,4.8981
1-752067921,4,148.0,15078327.720685111,19992428.986098822,15078179.720685111,174.516
1-660268091,5,788685.0,15078327.720685111,19992428.986098822,14289642.720685111,165.3894
1-660648920,5,4840483.0,15078327.720685111,19992428.986098822,10237844.720685111,118.4936
1-661184751,5,3117196.0,17321056.344,20067049.11886628,14203860.344,164.3965
1-663582660,5,41.0,15078327.720685111,19992428.986098822,15078286.720685111,174.5172
1-670754761,5,1990103.0,15078327.720685111,19992428.986098822,13088224.720685111,151.4841
1-672862385,5,6652288.0,15078327.720685111,19992428.986098822,8426039.720685111,97.5236
1-675150191,5,1370853.0,15078327.720685111,19992428.986098822,13707474.720685111,158.6513
1-675150672,5,187.0,15078327.720685111,19992428.986098822,15078140.720685111,174.5155
1-675826063,5,7268292.0,17321056.344,20067049.11886628,10052764.344,116.3514
1-681929091,5,113.0,15078327.720685111,19992428.986098822,15078214.720685111,174.5164
1-682262974,5,6551113.0,15078327.720685111,19992428.986098822,8527214.720685111,98.6946
1-685134878,5,4855738.0,16443850.197183099,17380194.35521962,11588112.197183099,134.1217
1-686531969,5,548.0,423259.94437420985,3213656.568512136,422711.94437420985,4.8925
1-686642441,5,110.0,16443850.197183099,17380194.35521962,16443740.197183099,190.3211
1-686642543,5,4214410.0,17321056.344,20067049.11886628,13106646.344,151.6973
1-688280019,5,791815.0,17027831.748618785,18393346.720598202,16236016.748618785,187.9169
1-688380091,5,2452260.0,17027831.748618785,18393346.720598202,14575571.748618785,168.6987
1-688564824,5,2607253.0,16443850.197183099,17380194.35521962,13836597.197183099,160.1458
1-688725917,5,2540063.0,17321056.344,20067049.11886628,14780993.344,171.0763
1-689469104,5,1847458.0,15078327.720685111,19992428.986098822,13230869.720685111,153.1351
1-691093464,5,417784.0,15078327.720685111,19992428.986098822,14660543.720685111,169.6822
1-691221687,5,1203021.0,15078327.720685111,19992428.986098822,13875306.720685111,160.5938
1-692193396,5,1.0,15078327.720685111,19992428.986098822,15078326.720685111,174.5177
1-693595201,5,6814023.0,15078327.720685111,19992428.986098822,8264304.720685111,95.6517
1-694222066,5,6488.0,16443850.197183099,17380194.35521962,16437362.197183099,190.2472
1-694828073,5,4435499.0,16443850.197183099,17380194.35521962,12008351.197183099,138.9855
1-695486321,5,4940648.0,15078327.720685111,19992428.986098822,10137679.720685111,117.3343
1-696097603,5,2485806.0,17321056.344,20067049.11886628,14835250.344,171.7043
1-697458590,5,4585521.0,17321056.344,20067049.11886628,12735535.344,147.402
1-697987547,5,4934802.0,17321056.344,20067049.11886628,12386254.344,143.3594
1-698044001,5,37.0,15078327.720685111,19992428.986098822,15078290.720685111,174.5173
1-698216063,5,738.0,15078327.720685111,19992428.986098822,15077589.720685111,174.5091
1-698842669,5,2689800.0,423259.94437420985,3213656.568512136,2266540.0556257903,26.2331
1-698998499,5,1907130.0,15078327.720685111,19992428.986098822,13171197.720685111,152.4444
1-699103215,5,621408.0,15078327.720685111,19992428.986098822,14456919.720685111,167.3255
1-699661601,5,260333.0,15078327.720685111,19992428.986098822,14817994.720685111,171.5046
1-700498223,5,2260058.0,17321056.344,20067049.11886628,15060998.344,174.3171
1-702482271,5,216.0,15078327.720685111,19992428.986098822,15078111.720685111,174.5152
1-703190797,5,1320093.0,15078327.720685111,19992428.986098822,13758234.720685111,159.2388
1-703540157,5,3913256.0,17321056.344,20067049.11886628,13407800.344,155.1829
1-704650867,5,3114896.0,15078327.720685111,19992428.986098822,11963431.720685111,138.4656
1-704661542,5,1795.0,17027831.748618785,18393346.720598202,17026036.748618785,197.0606
1-704703712,5,63847.0,16443850.197183099,17380194.35521962,16380003.197183099,189.5834
1-704977245,5,140525.0,17321056.344,20067049.11886628,17180531.344,198.8487
1-707300171,5,4126782.0,15078327.720685111,19992428.986098822,10951545.720685111,126.754
1-707660543,5,94721.0,17321056.344,20067049.11886628,17226335.344,199.3789
1-708131711,5,1723679.0,15078327.720685111,19992428.986098822,13354648.720685111,154.5677
1-709552565,5,149385.0,17321056.344,20067049.11886628,17171671.344,198.7462
1-709663551,5,515.0,17321056.344,20067049.11886628,17320541.344,200.4692
1-710114300,5,3270797.0,17321056.344,20067049.11886628,14050259.344,162.6187
1-716571976,5,25.0,15078327.720685111,19992428.986098822,15078302.720685111,174.5174
1-719199254,5,72077.0,423259.94437420985,3213656.568512136,351182.94437420985,4.0646
1-720069371,5,2159004.0,15078327.720685111,19992428.986098822,12919323.720685111,149.5292
1-722674364,5,1646899.0,17321056.344,20067049.11886628,15674157.344,181.4139
1-726517211,5,1737091.0,17321056.344,20067049.11886628,15583965.344,180.37
1-728470722,5,3227912.0,16443850.197183099,17380194.35521962,13215938.197183099,152.9622
1-732289301,5,2319552.0,16443850.197183099,17380194.35521962,14124298.197183099,163.4757
1-733562890,5,1209189.0,17027831.748618785,18393346.720598202,15818642.748618785,183.0861
1-736351127,5,623169.0,15078327.720685111,19992428.986098822,14455158.720685111,167.3051
1-736351222,5,623406.0,15078327.720685111,19992428.986098822,14454921.720685111,167.3023
1-739695919,5,1812363.0,15078327.720685111,19992428.986098822,13265964.720685111,153.5413
1-741987554,5,681254.0,17027831.748618785,18393346.720598202,16346577.748618785,189.1965
1-741995108,5,25.0,15078327.720685111,19992428.986098822,15078302.720685111,174.5174
1-746205481,5,504906.0,17027831.748618785,18393346.720598202,16522925.748618785,191.2376
1-751006831,5,51.0,15078327.720685111,19992428.986098822,15078276.720685111,174.5171
1-660268091,6,788661.0,423259.94437420985,3213656.568512136,365401.05562579015,4.2292
1-660648920,6,4840309.0,17321056.344,20067049.11886628,12480747.344,144.4531
1-661184751,6,17.0,15078327.720685111,19992428.986098822,15078310.720685111,174.5175
1-670754761,6,79263.0,15078327.720685111,19992428.986098822,14999064.720685111,173.6003
1-675150191,6,1362409.0,17027831.748618785,18393346.720598202,15665422.748618785,181.3128
1-675826063,6,7268287.0,15078327.720685111,19992428.986098822,7810040.720685111,90.394
1-682262974,6,6551059.0,17321056.344,20067049.11886628,10769997.344,124.6527
1-685134878,6,4854458.0,17321056.344,20067049.11886628,12466598.344,144.2893
1-686531969,6,477.0,15078327.720685111,19992428.986098822,15077850.720685111,174.5122
1-686642441,6,105.0,15078327.720685111,19992428.986098822,15078222.720685111,174.5165
1-686642543,6,4208572.0,15078327.720685111,19992428.986098822,10869755.720685111,125.8074
1-688280019,6,139.0,15078327.720685111,19992428.986098822,15078188.720685111,174.5161
1-688380091,6,2451285.0,15078327.720685111,19992428.986098822,12627042.720685111,146.1463
1-688564824,6,689589.0,15078327.720685111,19992428.986098822,14388738.720685111,166.5363
1-688725917,6,2534819.0,15078327.720685111,19992428.986098822,12543508.720685111,145.1795
1-689469104,6,1847149.0,17321056.344,20067049.11886628,15473907.344,179.0961
1-691093464,6,417678.0,17321056.344,20067049.11886628,16903378.344,195.641
1-691221687,6,1120875.0,17321056.344,20067049.11886628,16200181.344,187.5021
1-694222066,6,5010.0,16443850.197183099,17380194.35521962,16438840.197183099,190.2644
1-694828073,6,4252912.0,17027831.748618785,18393346.720598202,12774919.748618785,147.8579
1-696097603,6,2485765.0,15078327.720685111,19992428.986098822,12592562.720685111,145.7473
1-697458590,6,4574857.0,16443850.197183099,17380194.35521962,11868993.197183099,137.3726
1-697987547,6,4934788.0,15078327.720685111,19992428.986098822,10143539.720685111,117.4021
1-698842669,6,2689770.0,15078327.720685111,19992428.986098822,12388557.720685111,143.3861
1-698998499,6,1906857.0,17321056.344,20067049.11886628,15414199.344,178.4051
1-699103215,6,621368.0,17321056.344,20067049.11886628,16699688.344,193.2834
1-699661601,6,260203.0,17321056.344,20067049.11886628,17060853.344,197.4636
1-700498223,6,2259833.0,15078327.720685111,19992428.986098822,12818494.720685111,148.3622
1-703190797,6,1320063.0,17321056.344,20067049.11886628,16000993.344,185.1967
1-703540157,6,3912626.0,15078327.720685111,19992428.986098822,11165701.720685111,129.2327
1-704650867,6,1206332.0,17027831.748618785,18393346.720598202,15821499.748618785,183.1192
1-704703712,6,31.0,15078327.720685111,19992428.986098822,15078296.720685111,174.5173
1-704977245,6,30.0,15078327.720685111,19992428.986098822,15078297.720685111,174.5173
1-707300171,6,3620970.0,17321056.344,20067049.11886628,13700086.344,158.5658
1-707660543,6,17.0,15078327.720685111,19992428.986098822,15078310.720685111,174.5175
1-708131711,6,1723662.0,16443850.197183099,17380194.35521962,14720188.197183099,170.3725
1-709552565,6,147754.0,15078327.720685111,19992428.986098822,14930573.720685111,172.8076
1-709663551,6,488.0,16443850.197183099,17380194.35521962,16443362.197183099,190.3167
1-710114300,6,2914402.0,15078327.720685111,19992428.986098822,12163925.720685111,140.7862
1-719199254,6,72073.0,15078327.720685111,19992428.986098822,15006254.720685111,173.6835
1-720069371,6,2145907.0,17027831.748618785,18393346.720598202,14881924.748618785,172.2445
1-722674364,6,1095907.0,15078327.720685111,19992428.986098822,13982420.720685111,161.8336
1-726517211,6,1633193.0,16443850.197183099,17380194.35521962,14810657.197183099,171.4196
1-728470722,6,3205224.0,17321056.344,20067049.11886628,14115832.344,163.3777
1-732289301,6,34.0,15078327.720685111,19992428.986098822,15078293.720685111,174.5173
1-733562890,6,43.0,15078327.720685111,19992428.986098822,15078284.720685111,174.5172
1-736351127,6,623159.0,17321056.344,20067049.11886628,16697897.344,193.2627
1-736351222,6,623352.0,17321056.344,20067049.11886628,16697704.344,193.2605
1-739695919,6,1810373.0,17321056.344,20067049.11886628,15510683.344,179.5218
1-741987554,6,674700.0,17321056.344,20067049.11886628,16646356.344,192.6662
1-751006831,6,3.0,16443850.197183099,17380194.35521962,16443847.197183099,190.3223
1-660268091,7,602589.0,15078327.720685111,19992428.986098822,14475738.720685111,167.5433
1-660648920,7,4839873.0,15078327.720685111,19992428.986098822,10238454.720685111,118.5006
1-670754761,7,3180.0,15078327.720685111,19992428.986098822,15075147.720685111,174.4809
1-675826063,7,7268227.0,16443850.197183099,17380194.35521962,9175623.197183099,106.1993
1-682262974,7,6399866.0,15078327.720685111,19992428.986098822,8678461.720685111,100.4452
1-685134878,7,4853689.0,16443850.197183099,17380194.35521962,11590161.197183099,134.1454
1-686531969,7,452.0,423259.94437420985,3213656.568512136,422807.94437420985,4.8936
1-686642543,7,4208391.0,1479438.0,0.0,2728953.0,31.5851
1-688380091,7,2450895.0,17027831.748618785,18393346.720598202,14576936.748618785,168.7145
1-689469104,7,1763292.0,15078327.720685111,19992428.986098822,13315035.720685111,154.1092
1-691093464,7,216.0,15078327.720685111,19992428.986098822,15078111.720685111,174.5152
1-691221687,7,1120404.0,15078327.720685111,19992428.986098822,13957923.720685111,161.55
1-694222066,7,30.0,15078327.720685111,19992428.986098822,15078297.720685111,174.5173
1-694828073,7,3728789.0,16443850.197183099,17380194.35521962,12715061.197183099,147.1651
1-696097603,7,2485755.0,16443850.197183099,17380194.35521962,13958095.197183099,161.552
1-697458590,7,4500385.0,15078327.720685111,19992428.986098822,10577942.720685111,122.4299
1-697987547,7,4934758.0,15078327.720685111,19992428.986098822,10143569.720685111,117.4024
1-698998499,7,1906153.0,15078327.720685111,19992428.986098822,13172174.720685111,152.4557
1-699103215,7,547623.0,15078327.720685111,19992428.986098822,14530704.720685111,168.1795
1-699661601,7,59.0,15078327.720685111,19992428.986098822,15078268.720685111,174.517
1-700498223,7,1921669.0,17321056.344,20067049.11886628,15399387.344,178.2336
1-703190797,7,1313850.0,15078327.720685111,19992428.986098822,13764477.720685111,159.3111
1-703540157,7,1496587.0,17027831.748618785,18393346.720598202,15531244.748618785,179.7598
1-707300171,7,3105717.0,16443850.197183099,17380194.35521962,13338133.197183099,154.3765
1-709663551,7,46.0,15078327.720685111,19992428.986098822,15078281.720685111,174.5171
1-710114300,7,2913718.0,17321056.344,20067049.11886628,14407338.344,166.7516
1-719199254,7,72066.0,423259.94437420985,3213656.568512136,351193.94437420985,4.0647
1-722674364,7,1095660.0,17321056.344,20067049.11886628,16225396.344,187.7939
1-726517211,7,90489.0,16443850.197183099,17380194.35521962,16353361.197183099,189.275
1-728470722,7,1801785.0,15078327.720685111,19992428.986098822,13276542.720685111,153.6637
1-736351127,7,623019.0,15078327.720685111,19992428.986098822,14455308.720685111,167.3068
1-736351222,7,623081.0,15078327.720685111,19992428.986098822,14455246.720685111,167.3061
1-739695919,7,1637561.0,17321056.344,20067049.11886628,15683495.344,181.5219
1-741987554,7,672701.0,15078327.720685111,19992428.986098822,14405626.720685111,166.7318
1-751006831,7,2.0,15078327.720685111,19992428.986098822,15078325.720685111,174.5177
1-660268091,8,602010.0,17321056.344,20067049.11886628,16719046.344,193.5075
1-660648920,8,1808638.0,17027831.748618785,18393346.720598202,15219193.748618785,176.1481
1-670754761,8,2859.0,423259.94437420985,3213656.568512136,420400.94437420985,4.8658
1-675826063,8,7268208.0,16443850.197183099,17380194.35521962,9175642.197183099,106.1996
1-682262974,8,6399820.0,17321056.344,20067049.11886628,10921236.344,126.4032
1-685134878,8,4850419.0,17321056.344,20067049.11886628,12470637.344,144.3361
1-686531969,8,396.0,15078327.720685111,19992428.986098822,15077931.720685111,174.5131
1-686642543,8,667094.0,15078327.720685111,19992428.986098822,14411233.720685111,166.7967
1-688380091,8,2105438.0,16443850.197183099,17380194.35521962,14338412.197183099,165.9538
1-689469104,8,1763084.0,17321056.344,20067049.11886628,15557972.344,180.0691
1-691221687,8,1120382.0,17321056.344,20067049.11886628,16200674.344,187.5078
1-694828073,8,3728641.0,17321056.344,20067049.11886628,13592415.344,157.3196
1-696097603,8,2485716.0,15078327.720685111,19992428.986098822,12592611.720685111,145.7478
1-697458590,8,4498945.0,15078327.720685111,19992428.986098822,10579382.720685111,122.4466
1-698998499,8,1206736.0,17027831.748618785,18393346.720598202,15821095.748618785,183.1145
1-699103215,8,547333.0,16443850.197183099,17380194.35521962,15896517.197183099,183.9875
1-700498223,8,1146889.0,16443850.197183099,17380194.35521962,15296961.197183099,177.0482
1-703190797,8,1313710.0,17321056.344,20067049.11886628,16007346.344,185.2702
1-703540157,8,1423610.0,17321056.344,20067049.11886628,15897446.344,183.9982
1-707300171,8,2980517.0,17321056.344,20067049.11886628,14340539.344,165.9785
1-710114300,8,2416179.0,15078327.720685111,19992428.986098822,12662148.720685111,146.5526
1-719199254,8,23.0,15078327.720685111,19992428.986098822,15078304.720685111,174.5174
1-722674364,8,72369.0,16443850.197183099,17380194.35521962,16371481.197183099,189.4847
1-726517211,8,5.0,15078327.720685111,19992428.986098822,15078322.720685111,174.5176
1-728470722,8,1801760.0,16443850.197183099,17380194.35521962,14642090.197183099,169.4686
1-736351127,8,11226.0,17321056.344,20067049.11886628,17309830.344,200.3453
1-736351222,8,11111.0,17321056.344,20067049.11886628,17309945.344,200.3466
1-739695919,8,1564587.0,15078327.720685111,19992428.986098822,13513740.720685111,156.409
1-660268091,9,5198.0,15078327.720685111,19992428.986098822,15073129.720685111,174.4575
1-670754761,9,2853.0,15078327.720685111,19992428.986098822,15075474.720685111,174.4847
1-675826063,9,94852.0,17321056.344,20067049.11886628,17226204.344,199.3774
1-682262974,9,6398482.0,15078327.720685111,19992428.986098822,8679845.720685111,100.4612
1-685134878,9,67.0,15078327.720685111,19992428.986098822,15078260.720685111,174.5169
1-689469104,9,1759762.0,15078327.720685111,19992428.986098822,13318565.720685111,154.1501
1-691221687,9,1120363.0,15078327.720685111,19992428.986098822,13957964.720685111,161.5505
1-694828073,9,3728638.0,15078327.720685111,19992428.986098822,11349689.720685111,131.3621
1-696097603,9,2485698.0,17321056.344,20067049.11886628,14835358.344,171.7055
1-697458590,9,4498828.0,16443850.197183099,17380194.35521962,11945022.197183099,138.2526
1-699103215,9,283946.0,17321056.344,20067049.11886628,17037110.344,197.1888
1-700498223,9,1146594.0,17321056.344,20067049.11886628,16174462.344,187.2044
1-703190797,9,1309139.0,15078327.720685111,19992428.986098822,13769188.720685111,159.3656
1-703540157,9,1422391.0,15078327.720685111,19992428.986098822,13655936.720685111,158.0548
1-707300171,9,2948400.0,15078327.720685111,19992428.986098822,12129927.720685111,140.3927
1-710114300,9,2416123.0,17321056.344,20067049.11886628,14904933.344,172.5108
1-722674364,9,70449.0,17321056.344,20067049.11886628,17250607.344,199.6598
1-728470722,9,70002.0,15078327.720685111,19992428.986098822,15008325.720685111,173.7075
1-736351127,9,8913.0,15078327.720685111,19992428.986098822,15069414.720685111,174.4145
1-736351222,9,8683.0,15078327.720685111,19992428.986098822,15069644.720685111,174.4172
1-739695919,9,1115720.0,423259.94437420985,3213656.568512136,692460.0556257901,8.0146
1-660268091,10,5144.0,423259.94437420985,3213656.568512136,418115.94437420985,4.8393
1-670754761,10,2812.0,423259.94437420985,3213656.568512136,420447.94437420985,4.8663
1-675826063,10,91200.0,15078327.720685111,19992428.986098822,14987127.720685111,173.4621
1-682262974,10,6038191.0,17321056.344,20067049.11886628,11282865.344,130.5887
1-694828073,10,3728590.0,16443850.197183099,17380194.35521962,12715260.197183099,147.1674
1-696097603,10,2485670.0,16443850.197183099,17380194.35521962,13958180.197183099,161.553
1-697458590,10,4498748.0,17027831.748618785,18393346.720598202,12529083.748618785,145.0125
1-699103215,10,95564.0,15078327.720685111,19992428.986098822,14982763.720685111,173.4116
1-700498223,10,1060331.0,15078327.720685111,19992428.986098822,14017996.720685111,162.2453
1-703190797,10,1309116.0,17321056.344,20067049.11886628,16011940.344,185.3234
1-703540157,10,1421107.0,17321056.344,20067049.11886628,15899949.344,184.0272
1-707300171,10,2941951.0,15078327.720685111,19992428.986098822,12136376.720685111,140.4673
1-710114300,10,37.0,15078327.720685111,19992428.986098822,15078290.720685111,174.5173
1-722674364,10,64412.0,16443850.197183099,17380194.35521962,16379438.197183099,189.5768
1-736351127,10,8723.0,17321056.344,20067049.11886628,17312333.344,200.3742
1-736351222,10,8638.0,17321056.344,20067049.11886628,17312418.344,200.3752
1-739695919,10,462.0,15078327.720685111,19992428.986098822,15077865.720685111,174.5123
1-660268091,11,242.0,15078327.720685111,19992428.986098822,15078085.720685111,174.5149
1-670754761,11,460.0,15078327.720685111,19992428.986098822,15077867.720685111,174.5124
1-675826063,11,87278.0,17027831.748618785,18393346.720598202,16940553.748618785,196.0712
1-682262974,11,5866295.0,15078327.720685111,19992428.986098822,9212032.720685111,106.6207
1-694828073,11,3728586.0,15078327.720685111,19992428.986098822,11349741.720685111,131.3628
1-696097603,11,2324024.0,17027831.748618785,18393346.720598202,14703807.748618785,170.183
1-699103215,11,95512.0,17321056.344,20067049.11886628,17225544.344,199.3697
1-700498223,11,1060279.0,16443850.197183099,17380194.35521962,15383571.197183099,178.0506
1-703190797,11,1117.0,15078327.720685111,19992428.986098822,15077210.720685111,174.5048
1-703540157,11,1397985.0,15078327.720685111,19992428.986098822,13680342.720685111,158.3373
1-707300171,11,413251.0,15078327.720685111,19992428.986098822,14665076.720685111,169.7347
1-722674364,11,226.0,15078327.720685111,19992428.986098822,15078101.720685111,174.5151
1-736351127,11,8237.0,15078327.720685111,19992428.986098822,15070090.720685111,174.4223
1-736351222,11,8461.0,15078327.720685111,19992428.986098822,15069866.720685111,174.4198
1-675826063,12,86191.0,16443850.197183099,17380194.35521962,16357659.197183099,189.3248
1-682262974,12,5435853.0,17321056.344,20067049.11886628,11885203.344,137.5602
1-694828073,12,3728422.0,16443850.197183099,17380194.35521962,12715428.197183099,147.1693
1-699103215,12,108.0,15078327.720685111,19992428.986098822,15078219.720685111,174.5164
1-700498223,12,771837.0,17321056.344,20067049.11886628,16549219.344,191.5419
1-703540157,12,1393040.0,17321056.344,20067049.11886628,15928016.344,184.352
1-707300171,12,412283.0,17027831.748618785,18393346.720598202,16615548.748618785,192.3096
1-736351127,12,5900.0,15078327.720685111,19992428.986098822,15072427.720685111,174.4494
1-736351222,12,5958.0,15078327.720685111,19992428.986098822,15072369.720685111,174.4487
1-675826063,13,31.0,15078327.720685111,19992428.986098822,15078296.720685111,174.5173
1-682262974,13,5354563.0,15078327.720685111,19992428.986098822,9723764.720685111,112.5436
1-694828073,13,94895.0,17321056.344,20067049.11886628,17226161.344,199.3769
1-699103215,13,97.0,15078327.720685111,19992428.986098822,15078230.720685111,174.5166
1-700498223,13,770877.0,15078327.720685111,19992428.986098822,14307450.720685111,165.5955
1-703540157,13,1346624.0,15078327.720685111,19992428.986098822,13731703.720685111,158.9318
1-682262974,14,5100820.0,17321056.344,20067049.11886628,12220236.344,141.4379
1-694828073,14,79293.0,15078327.720685111,19992428.986098822,14999034.720685111,173.5999
1-700498223,14,456790.0,15078327.720685111,19992428.986098822,14621537.720685111,169.2308
1-703540157,14,1346606.0,17027831.748618785,18393346.720598202,15681225.748618785,181.4957
1-682262974,15,5100814.0,15078327.720685111,19992428.986098822,9977513.720685111,115.4805
1-694828073,15,32.0,15078327.720685111,19992428.986098822,15078295.720685111,174.5173
1-700498223,15,456662.0,17321056.344,20067049.11886628,16864394.344,195.1897
1-703540157,15,1334431.0,15078327.720685111,19992428.986098822,13743896.720685111,159.0729
1-682262974,16,5099997.0,17321056.344,20067049.11886628,12221059.344,141.4474
1-700498223,16,453222.0,15078327.720685111,19992428.986098822,14625105.720685111,169.2721
1-703540157,16,1332826.0,17321056.344,20067049.11886628,15988230.344,185.049
1-682262974,17,5098045.0,15078327.720685111,19992428.986098822,9980282.720685111,115.5125
1-700498223,17,449365.0,17027831.748618785,18393346.720598202,16578466.748618785,191.8804
1-703540157,17,841108.0,15078327.720685111,19992428.986098822,14237219.720685111,164.7826
1-682262974,18,5097739.0,15078327.720685111,19992428.986098822,9980588.720685111,115.5161
1-700498223,18,958.0,15078327.720685111,19992428.986098822,15077369.720685111,174.5066
1-682262974,19,5097617.0,17321056.344,20067049.11886628,12223439.344,141.475
1-682262974,20,3266607.0,17321056.344,20067049.11886628,14054449.344,162.6672
1-682262974,21,3266606.0,15078327.720685111,19992428.986098822,11811721.720685111,136.7097
1-682262974,22,3266560.0,15078327.720685111,19992428.986098822,11811767.720685111,136.7103
1-682262974,23,3266325.0,15078327.720685111,19992428.986098822,11812002.720685111,136.713
1-682262974,24,3266132.0,15078327.720685111,19992428.986098822,11812195.720685111,136.7152
1-682262974,25,3265948.0,17321056.344,20067049.11886628,14055108.344,162.6749
1-682262974,26,1810330.0,17321056.344,20067049.11886628,15510726.344,179.5223
1-682262974,27,1646156.0,15078327.720685111,19992428.986098822,13432171.720685111,155.465
